request_id,report_id,analyst_id,request_date,completion_date,request_type,priority,status,resolution_hours,sla_hours,sla_status,sql_execution_time_seconds,change_requests,requester_department
REQ000001,RPT0104,A019,2025-02-24,2025-02-26,New Report,Medium,Completed,52,72,Within SLA,4.7,0,Sales
REQ000002,RPT0029,A025,2026-07-03,2026-07-04,New Report,Critical,Completed,15,24,Within SLA,3.01,1,Legal
REQ000003,RPT0073,A020,2025-11-04,2025-11-07,Access Request,Medium,Completed,67,72,Within SLA,5.22,0,Finance
REQ000004,RPT0011,A006,2024-10-21,2024-10-21,Report Enhancement,Critical,Completed,8,24,Within SLA,9.64,0,Compliance
REQ000005,RPT0038,A002,2024-10-26,2024-10-28,Change Request,Medium,Completed,38,72,Within SLA,2.82,1,Compliance
REQ000006,RPT0101,A021,2026-03-12,2026-03-15,Data Correction,High,In Progress,74,48,Breached,2.82,3,Compliance
REQ000007,RPT0010,A002,2025-09-02,2025-09-04,Access Request,Low,Completed,43,120,Within SLA,10.03,2,Risk
REQ000008,RPT0089,A010,2026-05-16,2026-05-19,Data Correction,Medium,Pending,70,72,Within SLA,5.68,0,Technology
REQ000009,RPT0095,A011,2024-10-13,2024-10-14,Data Correction,Medium,Completed,17,72,Within SLA,2.39,2,Sales
REQ000010,RPT0098,A022,2026-04-03,2026-04-07,New Report,Low,Cancelled,97,120,Within SLA,4.85,0,Sales
REQ000011,RPT0036,A006,2025-10-08,2025-10-12,Report Enhancement,Low,In Progress,84,120,Within SLA,2.4,0,Technology
REQ000012,RPT0086,A004,2026-04-07,2026-04-09,Report Issue,High,Cancelled,38,48,Within SLA,2.4,0,Risk
REQ000013,RPT0071,A002,2024-11-26,2024-11-28,Data Correction,Medium,Completed,54,72,Within SLA,3.93,2,Client Services
REQ000014,RPT0001,A022,2024-11-28,2024-12-01,New Report,Medium,Completed,61,72,Within SLA,0.87,0,Legal
REQ000015,RPT0057,A025,2026-01-15,2026-01-16,Access Request,Medium,Completed,35,72,Within SLA,0.99,0,Finance
REQ000016,RPT0016,A001,2025-08-25,2025-08-26,Change Request,Medium,Completed,30,72,Within SLA,2.24,1,Compliance
REQ000017,RPT0108,A004,2025-10-22,2025-10-25,Report Issue,Low,Completed,94,120,Within SLA,1.63,0,Client Services
REQ000018,RPT0035,A014,2024-12-27,2024-12-30,New Report,Medium,Completed,71,72,Within SLA,4.14,0,Client Services
REQ000019,RPT0096,A005,2025-03-14,2025-03-17,Access Request,Low,Completed,73,120,Within SLA,1.76,1,Operations
REQ000020,RPT0106,A001,2025-10-04,2025-10-06,Data Correction,High,Pending,29,48,Within SLA,1.24,0,Sales
REQ000021,RPT0069,A016,2026-06-29,2026-07-01,Report Issue,Medium,Completed,54,72,Within SLA,9.26,0,Human Resources
REQ000022,RPT0090,A008,2025-12-05,2025-12-06,Data Correction,Medium,Completed,41,72,Within SLA,2.83,2,Technology
REQ000023,RPT0104,A013,2025-07-15,2025-07-16,Change Request,High,Completed,28,48,Within SLA,3.48,1,Technology
REQ000024,RPT0065,A019,2025-02-01,2025-02-02,Report Issue,High,In Progress,17,48,Within SLA,1.22,0,Human Resources
REQ000025,RPT0019,A014,2026-08-12,2026-08-14,New Report,High,Completed,41,48,Within SLA,2.27,0,Risk
REQ000026,RPT0011,A011,2025-10-13,2025-10-15,New Report,Medium,Cancelled,33,72,Within SLA,3.59,0,Legal
REQ000027,RPT0009,A008,2026-03-30,2026-03-31,Access Request,Critical,Completed,17,24,Within SLA,1.48,0,Sales
REQ000028,RPT0013,A015,2026-03-10,2026-03-11,Change Request,High,Completed,14,48,Within SLA,4.32,1,Risk
REQ000029,RPT0048,A014,2026-02-07,2026-02-09,Report Issue,Medium,Completed,32,72,Within SLA,2.18,0,Risk
REQ000030,RPT0079,A013,2025-01-24,2025-01-26,Change Request,Medium,Completed,62,72,Within SLA,2.71,0,Compliance
REQ000031,RPT0086,A001,2026-02-25,2026-02-27,Access Request,High,Completed,37,48,Within SLA,2.18,0,Client Services
REQ000032,RPT0039,A021,2025-04-20,2025-04-21,Data Correction,Medium,Completed,40,72,Within SLA,12.14,4,Technology
REQ000033,RPT0014,A008,2025-06-26,2025-06-27,Report Issue,Medium,Pending,24,72,Within SLA,3.29,2,Technology
REQ000034,RPT0085,A013,2026-01-24,2026-01-27,Report Enhancement,Medium,Completed,56,72,Within SLA,1.58,3,Sales
REQ000035,RPT0096,A016,2026-01-07,2026-01-10,New Report,Medium,In Progress,59,72,Within SLA,5.9,2,Sales
REQ000036,RPT0097,A024,2025-06-07,2025-06-09,Change Request,Medium,Completed,52,72,Within SLA,1.41,0,Risk
REQ000037,RPT0075,A012,2025-07-27,2025-07-28,Report Issue,Low,Completed,29,120,Within SLA,3.84,0,Risk
REQ000038,RPT0070,A012,2026-07-20,2026-07-22,New Report,High,Completed,34,48,Within SLA,0.84,0,Legal
REQ000039,RPT0104,A010,2025-09-27,2025-09-28,Report Enhancement,High,Pending,24,48,Within SLA,1.31,3,Human Resources
REQ000040,RPT0093,A022,2025-08-06,2025-08-09,New Report,Medium,Completed,60,72,Within SLA,3.81,2,Technology
REQ000041,RPT0048,A022,2024-11-22,2024-11-23,Report Enhancement,Medium,In Progress,12,72,Within SLA,5.57,0,Sales
REQ000042,RPT0080,A018,2025-03-01,2025-03-04,Report Enhancement,Medium,Completed,70,72,Within SLA,3.74,0,Human Resources
REQ000043,RPT0053,A004,2025-02-11,2025-02-14,Report Enhancement,Low,Completed,83,120,Within SLA,3.06,0,Risk
REQ000044,RPT0018,A013,2024-10-09,2024-10-12,New Report,High,Completed,78,48,Breached,2.69,2,Client Services
REQ000045,RPT0094,A005,2025-05-10,2025-05-13,Data Correction,Medium,In Progress,72,72,Within SLA,1.18,1,Technology
REQ000046,RPT0089,A012,2024-09-06,2024-09-09,Report Issue,Low,Completed,76,120,Within SLA,2.01,0,Compliance
REQ000047,RPT0116,A021,2025-11-20,2025-11-26,Access Request,Medium,Completed,140,72,Breached,2.41,0,Human Resources
REQ000048,RPT0012,A022,2025-10-25,2025-10-26,New Report,Medium,Completed,19,72,Within SLA,6.96,2,Compliance
REQ000049,RPT0017,A019,2025-02-15,2025-02-16,Report Issue,Medium,Cancelled,15,72,Within SLA,4.22,0,Compliance
REQ000050,RPT0043,A025,2025-11-21,2025-11-22,New Report,High,Completed,45,48,Within SLA,0.97,2,Risk
REQ000051,RPT0103,A006,2025-02-08,2025-02-09,Report Enhancement,Low,Pending,42,120,Within SLA,4.17,0,Operations
REQ000052,RPT0042,A001,2024-08-26,2024-08-27,Report Issue,High,Completed,30,48,Within SLA,2.54,0,Risk
REQ000053,RPT0100,A012,2024-10-15,2024-10-22,Data Correction,Low,In Progress,182,120,Breached,2.07,0,Legal
REQ000054,RPT0059,A021,2026-02-21,2026-03-10,Report Enhancement,Low,Completed,408,120,Breached,5.09,0,Finance
REQ000055,RPT0117,A015,2025-12-24,2025-12-24,New Report,Critical,Pending,15,24,Within SLA,6.83,0,Operations
REQ000056,RPT0071,A023,2024-10-05,2024-10-06,New Report,Medium,Completed,20,72,Within SLA,6.37,1,Human Resources
REQ000057,RPT0102,A023,2025-02-14,2025-02-15,Access Request,Critical,Completed,16,24,Within SLA,1.85,0,Operations
REQ000058,RPT0114,A008,2024-10-12,2024-10-14,Report Issue,Medium,In Progress,58,72,Within SLA,2.67,0,Technology
REQ000059,RPT0033,A012,2026-07-25,2026-07-25,Data Correction,High,Completed,14,48,Within SLA,4.19,0,Risk
REQ000060,RPT0048,A005,2024-09-14,2024-09-15,Report Issue,High,Completed,26,48,Within SLA,6.57,1,Legal
REQ000061,RPT0112,A022,2026-06-19,2026-06-21,New Report,Medium,Completed,33,72,Within SLA,2.37,0,Technology
REQ000062,RPT0028,A005,2025-05-04,2025-05-07,Report Issue,Low,Completed,63,120,Within SLA,2.92,1,Client Services
REQ000063,RPT0074,A008,2024-10-15,2024-10-16,Change Request,High,Completed,43,48,Within SLA,1.53,1,Technology
REQ000064,RPT0078,A022,2025-09-24,2025-09-25,Report Enhancement,Critical,Pending,21,24,Within SLA,1.44,1,Sales
REQ000065,RPT0024,A005,2025-02-21,2025-02-24,New Report,Low,In Progress,63,120,Within SLA,5.86,0,Technology
REQ000066,RPT0054,A015,2025-03-25,2025-03-29,New Report,Low,Completed,108,120,Within SLA,8.58,0,Human Resources
REQ000067,RPT0114,A002,2026-01-22,2026-01-25,Change Request,Medium,In Progress,61,72,Within SLA,3.16,1,Risk
REQ000068,RPT0063,A020,2025-09-02,2025-09-02,Change Request,High,Completed,13,48,Within SLA,6.7,1,Client Services
REQ000069,RPT0087,A022,2025-02-03,2025-02-04,Access Request,Medium,In Progress,19,72,Within SLA,4.28,0,Client Services
REQ000070,RPT0027,A010,2025-10-13,2025-10-15,Report Enhancement,Medium,Completed,37,72,Within SLA,2.11,0,Compliance
REQ000071,RPT0017,A013,2024-12-01,2024-12-04,Change Request,High,Completed,60,48,Breached,4.28,0,Legal
REQ000072,RPT0111,A024,2026-03-05,2026-03-10,Report Issue,Low,Completed,109,120,Within SLA,9.74,0,Finance
REQ000073,RPT0091,A021,2026-08-17,2026-08-20,Access Request,Low,Pending,64,120,Within SLA,3.24,1,Technology
REQ000074,RPT0059,A023,2026-07-07,2026-07-10,Data Correction,Low,Completed,65,120,Within SLA,9.93,3,Human Resources
REQ000075,RPT0051,A010,2025-11-07,2025-11-09,New Report,Medium,Completed,39,72,Within SLA,0.53,0,Human Resources
REQ000076,RPT0025,A025,2025-11-11,2025-11-13,Change Request,Medium,Completed,44,72,Within SLA,5.9,0,Human Resources
REQ000077,RPT0026,A006,2025-08-23,2025-08-23,Data Correction,High,Pending,17,48,Within SLA,3.53,0,Risk
REQ000078,RPT0098,A019,2025-02-25,2025-03-02,Report Issue,Low,Cancelled,104,120,Within SLA,2.69,1,Client Services
REQ000079,RPT0081,A011,2026-04-22,2026-04-24,Report Issue,High,Completed,48,48,Within SLA,3.54,0,Risk
REQ000080,RPT0046,A017,2025-08-23,2025-08-25,Access Request,Low,Completed,62,120,Within SLA,0.83,1,Operations
REQ000081,RPT0111,A003,2026-05-10,2026-05-11,Data Correction,Medium,Completed,35,72,Within SLA,2.85,0,Legal
REQ000082,RPT0117,A019,2025-07-03,2025-07-05,Access Request,Medium,Completed,62,72,Within SLA,4.26,0,Compliance
REQ000083,RPT0108,A011,2025-01-15,2025-01-16,Data Correction,Medium,Completed,15,72,Within SLA,9.34,2,Operations
REQ000084,RPT0067,A020,2024-11-02,2024-11-04,Report Enhancement,Medium,Completed,57,72,Within SLA,2.31,0,Risk
REQ000085,RPT0007,A021,2024-11-04,2024-11-05,Data Correction,Medium,Completed,38,72,Within SLA,1.89,1,Human Resources
REQ000086,RPT0085,A020,2026-01-14,2026-01-16,New Report,Medium,Completed,36,72,Within SLA,2.34,1,Risk
REQ000087,RPT0085,A013,2025-07-21,2025-07-24,Data Correction,Low,In Progress,68,120,Within SLA,6.3,1,Risk
REQ000088,RPT0105,A005,2025-05-23,2025-05-24,Report Enhancement,High,Completed,43,48,Within SLA,4.18,1,Legal
REQ000089,RPT0028,A011,2025-07-16,2025-07-20,New Report,Medium,Completed,105,72,Breached,2.29,0,Client Services
REQ000090,RPT0065,A025,2025-07-06,2025-07-07,Change Request,Low,Completed,33,120,Within SLA,4.76,1,Legal
REQ000091,RPT0077,A013,2025-08-18,2025-08-19,Report Issue,High,Completed,29,48,Within SLA,3.55,1,Risk
REQ000092,RPT0057,A002,2026-06-22,2026-06-27,Change Request,Low,In Progress,103,120,Within SLA,6.54,0,Technology
REQ000093,RPT0101,A015,2026-03-10,2026-03-11,Data Correction,Medium,Completed,40,72,Within SLA,2.03,1,Compliance
REQ000094,RPT0087,A019,2024-10-02,2024-10-05,Report Enhancement,Low,Cancelled,84,120,Within SLA,2.64,0,Client Services
REQ000095,RPT0105,A007,2026-01-26,2026-01-27,Access Request,High,In Progress,40,48,Within SLA,2.52,3,Risk
REQ000096,RPT0109,A017,2026-01-10,2026-01-13,Data Correction,Low,Completed,71,120,Within SLA,1.19,0,Operations
REQ000097,RPT0056,A003,2026-01-04,2026-01-08,Data Correction,Low,Completed,81,120,Within SLA,4.08,0,Compliance
REQ000098,RPT0050,A003,2024-11-05,2024-11-11,Access Request,High,Pending,136,48,Breached,3.99,0,Human Resources
REQ000099,RPT0018,A002,2024-10-07,2024-10-11,Change Request,Low,Pending,115,120,Within SLA,3.33,1,Sales
REQ000100,RPT0116,A003,2025-06-29,2025-07-02,Access Request,Medium,Completed,57,72,Within SLA,2.82,1,Finance
REQ000101,RPT0100,A010,2026-03-09,2026-03-14,Data Correction,Low,Completed,117,120,Within SLA,1.23,0,Compliance
REQ000102,RPT0015,A016,2025-05-11,2025-05-15,Data Correction,Low,Completed,105,120,Within SLA,2.47,0,Legal
REQ000103,RPT0046,A008,2026-05-04,2026-05-11,New Report,Medium,Completed,171,72,Breached,2.61,0,Technology
REQ000104,RPT0101,A017,2026-06-21,2026-06-27,Change Request,Medium,Completed,140,72,Breached,1.89,0,Legal
REQ000105,RPT0096,A001,2024-11-13,2024-11-16,New Report,Medium,Completed,52,72,Within SLA,2.97,0,Human Resources
REQ000106,RPT0043,A005,2025-03-02,2025-03-10,New Report,Medium,In Progress,208,72,Breached,4.41,1,Finance
REQ000107,RPT0090,A016,2025-01-16,2025-01-17,Data Correction,Medium,Pending,23,72,Within SLA,12.43,1,Risk
REQ000108,RPT0026,A002,2025-01-15,2025-01-22,Change Request,Low,In Progress,164,120,Breached,3.75,0,Human Resources
REQ000109,RPT0083,A007,2025-10-11,2025-10-13,Data Correction,Medium,Cancelled,46,72,Within SLA,3.98,0,Sales
REQ000110,RPT0056,A013,2025-08-04,2025-08-05,Data Correction,High,Completed,29,48,Within SLA,3.15,1,Client Services
REQ000111,RPT0067,A009,2024-12-07,2024-12-10,Access Request,Medium,Completed,56,72,Within SLA,0.87,3,Operations
REQ000112,RPT0014,A003,2025-07-14,2025-07-17,Report Issue,Medium,Completed,64,72,Within SLA,3.26,0,Human Resources
REQ000113,RPT0045,A015,2025-01-10,2025-01-12,Report Issue,Medium,Completed,57,72,Within SLA,3.46,1,Finance
REQ000114,RPT0008,A003,2025-03-25,2025-03-26,Report Issue,High,Completed,35,48,Within SLA,18.62,4,Technology
REQ000115,RPT0078,A022,2025-08-15,2025-08-16,Data Correction,Medium,In Progress,22,72,Within SLA,2.9,0,Client Services
REQ000116,RPT0073,A002,2025-03-03,2025-03-07,New Report,Low,Completed,106,120,Within SLA,4.1,0,Risk
REQ000117,RPT0068,A012,2026-07-01,2026-07-02,Report Issue,Medium,Completed,40,72,Within SLA,3.24,1,Technology
REQ000118,RPT0050,A018,2026-08-08,2026-08-09,Data Correction,Medium,Completed,38,72,Within SLA,1.47,0,Operations
REQ000119,RPT0118,A016,2024-10-18,2024-10-19,Data Correction,High,In Progress,21,48,Within SLA,7.39,0,Compliance
REQ000120,RPT0012,A022,2025-07-31,2025-08-02,New Report,Low,Completed,46,120,Within SLA,5.62,0,Human Resources
REQ000121,RPT0021,A023,2026-05-10,2026-05-12,Report Issue,Medium,Completed,46,72,Within SLA,5.78,0,Risk
REQ000122,RPT0064,A001,2026-06-21,2026-06-22,Data Correction,Medium,Completed,24,72,Within SLA,1.76,0,Human Resources
REQ000123,RPT0051,A023,2026-06-16,2026-06-20,Report Enhancement,Medium,Completed,94,72,Breached,8.86,0,Client Services
REQ000124,RPT0058,A015,2025-10-22,2025-10-28,Report Enhancement,Medium,Completed,144,72,Breached,1.24,1,Legal
REQ000125,RPT0017,A014,2024-11-05,2024-11-08,Data Correction,Low,Pending,94,120,Within SLA,5.01,0,Legal
REQ000126,RPT0091,A008,2024-09-29,2024-09-30,New Report,High,Completed,27,48,Within SLA,15.38,0,Human Resources
REQ000127,RPT0036,A005,2026-01-09,2026-01-10,Report Enhancement,High,Pending,24,48,Within SLA,1.66,3,Sales
REQ000128,RPT0022,A022,2025-10-14,2025-10-15,Report Enhancement,Medium,Completed,22,72,Within SLA,2.23,1,Human Resources
REQ000129,RPT0034,A021,2026-06-01,2026-06-07,Report Enhancement,Low,Pending,136,120,Breached,3.56,1,Compliance
REQ000130,RPT0083,A010,2024-09-01,2024-09-03,Report Enhancement,Medium,Completed,43,72,Within SLA,2.33,0,Client Services
REQ000131,RPT0021,A015,2024-11-01,2024-11-02,Change Request,High,In Progress,27,48,Within SLA,1.12,1,Technology
REQ000132,RPT0094,A012,2026-08-10,2026-08-11,Access Request,Medium,Completed,21,72,Within SLA,3.48,1,Technology
REQ000133,RPT0035,A015,2026-03-29,2026-03-29,Change Request,High,Completed,14,48,Within SLA,1.58,0,Compliance
REQ000134,RPT0111,A006,2026-06-11,2026-06-14,Change Request,Low,Completed,73,120,Within SLA,4.63,0,Human Resources
REQ000135,RPT0064,A010,2025-02-20,2025-02-21,Report Enhancement,High,Completed,18,48,Within SLA,1.74,0,Client Services
REQ000136,RPT0046,A002,2024-12-28,2024-12-31,New Report,Low,Completed,82,120,Within SLA,9.83,0,Finance
REQ000137,RPT0002,A004,2025-07-02,2025-07-04,Data Correction,Medium,Pending,53,72,Within SLA,1.92,0,Technology
REQ000138,RPT0073,A018,2025-09-02,2025-09-03,Change Request,High,In Progress,33,48,Within SLA,2.65,0,Compliance
REQ000139,RPT0106,A020,2025-08-29,2025-08-31,Data Correction,Medium,Completed,44,72,Within SLA,5.87,0,Operations
REQ000140,RPT0019,A007,2025-02-03,2025-02-03,Change Request,Critical,Completed,12,24,Within SLA,1.4,0,Legal
REQ000141,RPT0067,A015,2026-06-23,2026-06-24,Access Request,Medium,Completed,20,72,Within SLA,3.89,2,Risk
REQ000142,RPT0079,A024,2025-06-28,2025-06-30,Report Enhancement,High,Completed,47,48,Within SLA,8.29,0,Sales
REQ000143,RPT0061,A001,2026-07-22,2026-07-24,Report Enhancement,Medium,Pending,46,72,Within SLA,1.08,1,Human Resources
REQ000144,RPT0112,A023,2024-10-05,2024-10-07,Data Correction,Medium,Cancelled,49,72,Within SLA,3.78,2,Finance
REQ000145,RPT0030,A024,2024-12-26,2024-12-29,Report Enhancement,Medium,Cancelled,62,72,Within SLA,3.98,1,Finance
REQ000146,RPT0019,A022,2025-06-11,2025-06-13,Report Enhancement,Medium,Completed,58,72,Within SLA,5.74,2,Compliance
REQ000147,RPT0053,A023,2024-08-22,2024-08-25,New Report,Medium,In Progress,72,72,Within SLA,1.4,0,Compliance
REQ000148,RPT0008,A023,2025-06-20,2025-06-22,Access Request,Medium,Completed,42,72,Within SLA,1.32,1,Risk
REQ000149,RPT0023,A015,2025-03-14,2025-03-19,Report Enhancement,Low,Completed,108,120,Within SLA,4.78,0,Legal
REQ000150,RPT0089,A009,2026-08-10,2026-08-13,Data Correction,Medium,In Progress,67,72,Within SLA,4.09,1,Client Services
REQ000151,RPT0039,A025,2026-04-22,2026-04-22,Change Request,Critical,Completed,11,24,Within SLA,3.96,3,Sales
REQ000152,RPT0120,A024,2026-04-22,2026-04-25,Report Issue,Low,In Progress,64,120,Within SLA,4.23,1,Sales
REQ000153,RPT0045,A025,2025-08-09,2025-08-12,Data Correction,Low,In Progress,72,120,Within SLA,2.06,0,Risk
REQ000154,RPT0033,A024,2025-03-30,2025-03-31,Data Correction,Low,Cancelled,34,120,Within SLA,3.91,0,Client Services
REQ000155,RPT0079,A024,2025-07-15,2025-07-19,Change Request,Low,Completed,95,120,Within SLA,4.08,0,Compliance
REQ000156,RPT0053,A011,2026-02-13,2026-02-15,Change Request,Low,Pending,52,120,Within SLA,2.01,0,Client Services
REQ000157,RPT0084,A016,2026-03-11,2026-03-13,New Report,Medium,Completed,47,72,Within SLA,12.26,0,Client Services
REQ000158,RPT0099,A003,2026-04-21,2026-04-24,Report Issue,Low,Cancelled,65,120,Within SLA,4.63,0,Compliance
REQ000159,RPT0113,A006,2025-10-26,2025-10-27,Report Enhancement,High,Pending,10,48,Within SLA,1.44,0,Finance
REQ000160,RPT0073,A020,2026-01-17,2026-01-18,Access Request,High,Completed,26,48,Within SLA,5.26,0,Operations
REQ000161,RPT0018,A017,2026-03-02,2026-03-03,Data Correction,Medium,Cancelled,46,72,Within SLA,1.68,2,Client Services
REQ000162,RPT0092,A006,2025-09-03,2025-09-04,Data Correction,Low,Completed,44,120,Within SLA,5.76,1,Finance
REQ000163,RPT0110,A021,2024-12-19,2024-12-21,Report Issue,Medium,Completed,55,72,Within SLA,7.47,0,Technology
REQ000164,RPT0120,A008,2025-01-15,2025-01-20,Access Request,Medium,Completed,108,72,Breached,1.87,0,Finance
REQ000165,RPT0093,A019,2025-04-08,2025-04-09,Data Correction,Medium,Completed,29,72,Within SLA,6.52,0,Finance
REQ000166,RPT0021,A013,2025-02-06,2025-02-06,Data Correction,Medium,In Progress,15,72,Within SLA,4.43,0,Legal
REQ000167,RPT0079,A008,2024-10-05,2024-10-07,Report Issue,High,In Progress,48,48,Within SLA,5.9,0,Compliance
REQ000168,RPT0117,A016,2025-11-13,2025-11-15,Change Request,Medium,Completed,50,72,Within SLA,12.53,1,Legal
REQ000169,RPT0058,A017,2026-03-15,2026-03-17,Report Issue,High,In Progress,46,48,Within SLA,2.8,0,Human Resources
REQ000170,RPT0069,A005,2025-10-16,2025-10-17,New Report,High,Completed,43,48,Within SLA,1.96,0,Risk
REQ000171,RPT0116,A017,2024-10-07,2024-10-08,Data Correction,High,Completed,21,48,Within SLA,1.78,0,Client Services
REQ000172,RPT0087,A010,2026-03-24,2026-03-26,New Report,Medium,Completed,41,72,Within SLA,1.88,1,Finance
REQ000173,RPT0045,A023,2025-04-21,2025-04-22,Access Request,Medium,Completed,25,72,Within SLA,3.15,0,Operations
REQ000174,RPT0037,A014,2024-10-04,2024-10-04,Report Enhancement,Critical,Pending,4,24,Within SLA,4.22,0,Risk
REQ000175,RPT0058,A013,2024-09-28,2024-09-30,Change Request,High,Cancelled,34,48,Within SLA,4.03,2,Technology
REQ000176,RPT0069,A013,2025-11-17,2025-11-23,New Report,Medium,In Progress,138,72,Breached,5.92,0,Legal
REQ000177,RPT0060,A022,2025-08-26,2025-08-26,Change Request,High,Completed,8,48,Within SLA,3.35,3,Legal
REQ000178,RPT0025,A024,2025-09-15,2025-09-16,Access Request,Medium,Pending,27,72,Within SLA,9.18,0,Operations
REQ000179,RPT0077,A002,2026-08-05,2026-08-05,New Report,High,Completed,9,48,Within SLA,2.76,0,Client Services
REQ000180,RPT0030,A018,2026-06-14,2026-06-15,Report Enhancement,Medium,Pending,27,72,Within SLA,22.29,0,Compliance
REQ000181,RPT0041,A019,2025-10-07,2025-10-09,New Report,Low,Cancelled,53,120,Within SLA,5.14,1,Human Resources
REQ000182,RPT0036,A002,2024-12-21,2024-12-23,Change Request,Medium,Completed,54,72,Within SLA,1.82,0,Legal
REQ000183,RPT0007,A012,2024-10-04,2024-10-06,Report Enhancement,High,Pending,48,48,Within SLA,1.57,1,Technology
REQ000184,RPT0069,A016,2025-09-19,2025-09-20,Report Enhancement,Medium,Completed,21,72,Within SLA,4.65,0,Compliance
REQ000185,RPT0053,A014,2024-10-22,2024-10-24,Change Request,Medium,In Progress,63,72,Within SLA,2.84,0,Legal
REQ000186,RPT0058,A012,2026-06-13,2026-06-15,Report Enhancement,Low,Completed,50,120,Within SLA,5.47,0,Operations
REQ000187,RPT0006,A003,2025-01-12,2025-01-13,Report Enhancement,High,Completed,25,48,Within SLA,4.62,1,Compliance
REQ000188,RPT0039,A001,2024-10-13,2024-10-14,Report Enhancement,High,Completed,38,48,Within SLA,3.16,2,Compliance
REQ000189,RPT0091,A007,2025-11-26,2025-11-26,Change Request,Critical,Completed,17,24,Within SLA,1.84,1,Technology
REQ000190,RPT0040,A009,2024-10-12,2024-10-14,Change Request,Medium,In Progress,36,72,Within SLA,1.15,1,Human Resources
REQ000191,RPT0027,A012,2026-01-27,2026-01-29,Report Enhancement,High,Completed,38,48,Within SLA,2.43,0,Human Resources
REQ000192,RPT0075,A019,2026-06-21,2026-07-06,Access Request,Low,Pending,354,120,Breached,6.05,1,Technology
REQ000193,RPT0071,A021,2025-02-19,2025-02-22,Data Correction,Low,Completed,72,120,Within SLA,3.86,0,Human Resources
REQ000194,RPT0046,A006,2025-06-30,2025-07-02,Data Correction,High,Completed,39,48,Within SLA,1.39,1,Risk
REQ000195,RPT0008,A017,2024-11-22,2024-11-24,Report Issue,Medium,Completed,68,72,Within SLA,3.75,1,Finance
REQ000196,RPT0030,A003,2026-07-13,2026-07-13,New Report,High,In Progress,8,48,Within SLA,4.35,2,Risk
REQ000197,RPT0079,A016,2025-11-06,2025-11-07,New Report,Low,Completed,31,120,Within SLA,1.79,1,Client Services
REQ000198,RPT0037,A001,2025-02-28,2025-03-04,New Report,Low,Completed,100,120,Within SLA,3.7,0,Legal
REQ000199,RPT0068,A005,2025-11-13,2025-11-16,Report Issue,Medium,Pending,70,72,Within SLA,3.46,2,Compliance
REQ000200,RPT0048,A013,2025-11-25,2025-11-27,Change Request,Medium,Completed,34,72,Within SLA,1.49,0,Client Services
REQ000201,RPT0084,A021,2024-09-20,2024-09-23,Report Enhancement,Low,In Progress,62,120,Within SLA,4.27,2,Finance
REQ000202,RPT0011,A016,2025-12-15,2025-12-18,New Report,Medium,Completed,84,72,Breached,4.92,1,Technology
REQ000203,RPT0030,A007,2024-10-23,2024-10-24,Report Issue,High,Completed,14,48,Within SLA,7.09,2,Client Services
REQ000204,RPT0005,A006,2025-07-12,2025-07-15,Data Correction,Low,Completed,59,120,Within SLA,6.94,1,Human Resources
REQ000205,RPT0039,A006,2026-01-13,2026-01-14,New Report,Critical,Completed,24,24,Within SLA,1.27,3,Compliance
REQ000206,RPT0018,A023,2025-11-17,2025-11-19,Report Enhancement,High,Completed,42,48,Within SLA,1.72,1,Operations
REQ000207,RPT0044,A020,2025-11-03,2025-11-03,Report Enhancement,High,Completed,14,48,Within SLA,4.76,2,Technology
REQ000208,RPT0049,A014,2025-10-01,2025-10-04,Data Correction,Low,Completed,81,120,Within SLA,4.76,0,Risk
REQ000209,RPT0092,A003,2025-04-23,2025-04-26,Report Issue,Medium,Completed,61,72,Within SLA,4.76,1,Operations
REQ000210,RPT0047,A004,2026-08-17,2026-08-21,Data Correction,Low,In Progress,105,120,Within SLA,49.25,0,Operations
REQ000211,RPT0058,A018,2025-03-11,2025-03-13,New Report,High,Completed,50,48,Breached,4.95,0,Legal
REQ000212,RPT0101,A011,2025-01-26,2025-01-28,Report Enhancement,Medium,Completed,34,72,Within SLA,7.35,1,Technology
REQ000213,RPT0032,A019,2026-01-23,2026-01-23,New Report,Medium,Completed,17,72,Within SLA,6.47,1,Legal
REQ000214,RPT0009,A006,2026-02-28,2026-03-01,Change Request,Medium,Completed,29,72,Within SLA,5.24,0,Technology
REQ000215,RPT0093,A021,2025-04-22,2025-04-22,Data Correction,Medium,Completed,16,72,Within SLA,2.66,3,Client Services
REQ000216,RPT0043,A020,2025-02-22,2025-02-23,Report Enhancement,Medium,Completed,20,72,Within SLA,5.65,3,Technology
REQ000217,RPT0018,A010,2025-03-15,2025-03-17,Data Correction,Medium,Completed,64,72,Within SLA,1.93,3,Human Resources
REQ000218,RPT0041,A010,2025-06-24,2025-06-25,Report Enhancement,High,Completed,28,48,Within SLA,2.81,0,Client Services
REQ000219,RPT0015,A019,2024-11-30,2024-12-01,Report Enhancement,High,Completed,25,48,Within SLA,2.36,0,Compliance
REQ000220,RPT0091,A007,2026-01-24,2026-01-27,Report Enhancement,Critical,Completed,76,24,Breached,3.52,0,Client Services
REQ000221,RPT0039,A008,2026-01-04,2026-01-05,Data Correction,High,Completed,34,48,Within SLA,16.78,0,Sales
REQ000222,RPT0052,A018,2025-04-11,2025-04-23,Report Issue,Low,Completed,288,120,Breached,0.9,0,Legal
REQ000223,RPT0077,A021,2025-08-11,2025-08-12,Report Issue,Medium,Completed,35,72,Within SLA,5.37,2,Operations
REQ000224,RPT0073,A021,2025-04-23,2025-04-24,New Report,High,In Progress,30,48,Within SLA,1.07,1,Technology
REQ000225,RPT0067,A018,2026-08-12,2026-08-12,Data Correction,Critical,Completed,4,24,Within SLA,2.39,0,Compliance
REQ000226,RPT0045,A001,2026-03-27,2026-03-30,Access Request,Medium,Completed,55,72,Within SLA,7.12,0,Client Services
REQ000227,RPT0040,A011,2026-08-17,2026-08-20,New Report,Medium,Pending,68,72,Within SLA,3.47,0,Client Services
REQ000228,RPT0041,A003,2024-10-16,2024-10-17,Change Request,Medium,Completed,18,72,Within SLA,1.56,1,Sales
REQ000229,RPT0022,A024,2024-08-28,2024-08-29,New Report,High,Completed,29,48,Within SLA,2.01,1,Compliance
REQ000230,RPT0103,A013,2025-08-11,2025-08-15,Report Enhancement,Low,Completed,95,120,Within SLA,5.34,0,Risk
REQ000231,RPT0058,A019,2025-12-16,2025-12-17,Change Request,Medium,Completed,13,72,Within SLA,1.99,2,Technology
REQ000232,RPT0009,A019,2025-11-01,2025-11-03,Access Request,Low,Completed,59,120,Within SLA,3.86,2,Operations
REQ000233,RPT0068,A021,2024-11-06,2024-11-20,Report Enhancement,Low,Completed,328,120,Breached,3.43,2,Human Resources
REQ000234,RPT0080,A006,2024-10-16,2024-10-17,Report Enhancement,Medium,Completed,19,72,Within SLA,2.1,2,Sales
REQ000235,RPT0048,A023,2025-10-12,2025-10-16,Report Enhancement,Medium,In Progress,96,72,Breached,14.89,0,Risk
REQ000236,RPT0082,A018,2025-02-02,2025-02-04,Report Enhancement,Medium,Completed,48,72,Within SLA,5.17,0,Risk
REQ000237,RPT0007,A012,2025-09-17,2025-09-19,Report Enhancement,Low,Completed,47,120,Within SLA,0.8,0,Finance
REQ000238,RPT0088,A016,2025-03-14,2025-03-18,Access Request,Low,Pending,95,120,Within SLA,3.78,0,Technology
REQ000239,RPT0029,A010,2024-12-01,2024-12-02,Report Issue,High,Completed,13,48,Within SLA,2.09,1,Finance
REQ000240,RPT0064,A018,2026-08-15,2026-08-19,Data Correction,Low,Completed,82,120,Within SLA,6.03,1,Legal
REQ000241,RPT0106,A025,2025-05-19,2025-05-21,New Report,Medium,Completed,46,72,Within SLA,1.91,0,Finance
REQ000242,RPT0039,A002,2026-07-06,2026-07-12,Report Issue,Medium,Completed,156,72,Breached,3.06,1,Client Services
REQ000243,RPT0104,A008,2024-10-13,2024-10-15,Data Correction,Medium,Pending,40,72,Within SLA,4.73,0,Compliance
REQ000244,RPT0079,A005,2026-07-04,2026-07-07,Report Issue,Medium,Completed,57,72,Within SLA,6.09,0,Compliance
REQ000245,RPT0042,A023,2025-02-26,2025-02-28,Change Request,High,Completed,42,48,Within SLA,1.43,0,Sales
REQ000246,RPT0013,A005,2025-06-04,2025-06-05,Data Correction,Medium,Cancelled,44,72,Within SLA,2.63,1,Technology
REQ000247,RPT0019,A023,2025-03-30,2025-03-30,New Report,Critical,Pending,6,24,Within SLA,2.38,0,Human Resources
REQ000248,RPT0054,A013,2024-12-21,2024-12-28,Change Request,High,In Progress,156,48,Breached,2.1,0,Client Services
REQ000249,RPT0089,A012,2025-07-27,2025-07-28,New Report,Medium,Pending,17,72,Within SLA,11.43,1,Client Services
REQ000250,RPT0059,A021,2026-05-30,2026-06-02,Access Request,Medium,Completed,61,72,Within SLA,4.41,0,Human Resources
REQ000251,RPT0042,A010,2025-10-16,2025-10-18,New Report,High,Completed,35,48,Within SLA,1.37,0,Human Resources
REQ000252,RPT0098,A002,2026-02-18,2026-02-20,Report Enhancement,Medium,Completed,43,72,Within SLA,6.31,2,Finance
REQ000253,RPT0001,A014,2025-04-12,2025-04-14,New Report,Medium,Pending,26,72,Within SLA,14.67,0,Compliance
REQ000254,RPT0036,A003,2025-12-09,2025-12-10,Report Issue,High,Pending,27,48,Within SLA,6.84,3,Human Resources
REQ000255,RPT0040,A024,2026-05-09,2026-05-14,Data Correction,Low,In Progress,107,120,Within SLA,1.15,0,Compliance
REQ000256,RPT0076,A008,2026-01-10,2026-01-11,Access Request,Medium,In Progress,12,72,Within SLA,2.37,0,Legal
REQ000257,RPT0055,A023,2025-10-05,2025-10-07,Report Issue,Medium,Completed,33,72,Within SLA,8.06,4,Risk
REQ000258,RPT0048,A010,2024-08-27,2024-08-31,Access Request,Low,Completed,117,120,Within SLA,2.02,0,Risk
REQ000259,RPT0009,A017,2026-01-21,2026-01-22,Access Request,High,In Progress,16,48,Within SLA,4.53,1,Finance
REQ000260,RPT0118,A014,2026-05-17,2026-05-20,Report Enhancement,Medium,Completed,58,72,Within SLA,5.71,1,Client Services
REQ000261,RPT0055,A011,2025-10-25,2025-11-14,Change Request,Low,Completed,480,120,Breached,1.74,0,Risk
REQ000262,RPT0037,A025,2025-04-10,2025-04-12,Change Request,Medium,Completed,47,72,Within SLA,3.18,1,Finance
REQ000263,RPT0038,A021,2026-08-14,2026-08-16,Report Issue,High,Completed,46,48,Within SLA,0.5,1,Finance
REQ000264,RPT0114,A001,2026-01-18,2026-01-20,Change Request,Medium,Completed,43,72,Within SLA,1.62,0,Human Resources
REQ000265,RPT0023,A025,2024-11-09,2024-11-13,Data Correction,Low,Pending,96,120,Within SLA,2.78,0,Client Services
REQ000266,RPT0102,A013,2026-08-20,2026-08-22,New Report,Low,Completed,57,120,Within SLA,1.39,3,Legal
REQ000267,RPT0082,A018,2026-07-04,2026-07-05,Data Correction,Medium,Completed,38,72,Within SLA,10.41,0,Legal
REQ000268,RPT0104,A005,2024-12-03,2024-12-04,Report Enhancement,Low,Completed,34,120,Within SLA,1.22,0,Legal
REQ000269,RPT0040,A023,2025-03-14,2025-03-17,Data Correction,Medium,Completed,65,72,Within SLA,2.44,1,Technology
REQ000270,RPT0079,A020,2024-11-18,2024-11-19,Report Issue,Critical,Completed,27,24,Breached,3.64,0,Finance
REQ000271,RPT0002,A006,2026-07-13,2026-07-16,Data Correction,Medium,In Progress,92,72,Breached,9.11,0,Client Services
REQ000272,RPT0096,A025,2024-11-12,2024-11-14,Data Correction,Medium,In Progress,58,72,Within SLA,1.22,0,Sales
REQ000273,RPT0068,A003,2026-03-20,2026-03-21,Report Issue,High,In Progress,9,48,Within SLA,7.49,0,Sales
REQ000274,RPT0064,A019,2025-10-24,2025-10-25,Report Issue,Critical,Completed,17,24,Within SLA,3.34,0,Risk
REQ000275,RPT0095,A017,2024-12-19,2024-12-23,Data Correction,Low,In Progress,97,120,Within SLA,1.67,0,Finance
REQ000276,RPT0020,A006,2025-03-20,2025-03-20,New Report,High,Completed,10,48,Within SLA,4.59,0,Finance
REQ000277,RPT0118,A024,2025-03-27,2025-03-29,Report Enhancement,High,In Progress,34,48,Within SLA,3.82,0,Human Resources
REQ000278,RPT0023,A008,2025-12-03,2025-12-04,Data Correction,High,Completed,15,48,Within SLA,2.18,2,Legal
REQ000279,RPT0040,A011,2025-01-31,2025-02-01,New Report,Critical,Completed,16,24,Within SLA,3.49,1,Operations
REQ000280,RPT0080,A008,2026-03-01,2026-03-02,Report Enhancement,Medium,Completed,30,72,Within SLA,2.54,0,Client Services
REQ000281,RPT0070,A025,2025-05-14,2025-05-16,Data Correction,Medium,Completed,61,72,Within SLA,3.59,1,Compliance
REQ000282,RPT0089,A001,2025-01-26,2025-01-28,Change Request,Low,Completed,53,120,Within SLA,5.28,1,Human Resources
REQ000283,RPT0054,A016,2026-02-06,2026-02-10,New Report,High,Completed,108,48,Breached,10.08,4,Finance
REQ000284,RPT0090,A012,2025-12-26,2025-12-27,Change Request,High,Completed,22,48,Within SLA,1.4,0,Client Services
REQ000285,RPT0076,A019,2026-06-14,2026-06-16,Report Issue,Low,Completed,41,120,Within SLA,14.78,0,Finance
REQ000286,RPT0103,A013,2025-03-14,2025-03-15,Access Request,Medium,Completed,30,72,Within SLA,0.85,0,Human Resources
REQ000287,RPT0075,A004,2025-09-17,2025-09-20,Data Correction,Medium,Completed,72,72,Within SLA,2.99,1,Risk
REQ000288,RPT0027,A015,2025-09-04,2025-09-13,New Report,Low,Completed,228,120,Breached,5.01,3,Sales
REQ000289,RPT0091,A023,2025-03-04,2025-03-04,Access Request,Medium,Completed,22,72,Within SLA,4.04,0,Finance
REQ000290,RPT0051,A017,2026-07-25,2026-07-25,Change Request,High,Completed,13,48,Within SLA,2.15,3,Finance
REQ000291,RPT0072,A024,2026-07-27,2026-07-30,Report Issue,Medium,Pending,69,72,Within SLA,2.87,2,Legal
REQ000292,RPT0029,A005,2026-06-09,2026-06-12,Change Request,Low,Completed,82,120,Within SLA,2.35,2,Compliance
REQ000293,RPT0105,A003,2024-09-29,2024-10-08,Access Request,Medium,Completed,212,72,Breached,2.2,0,Finance
REQ000294,RPT0060,A002,2024-10-31,2024-11-05,New Report,Low,Completed,120,120,Within SLA,6.02,0,Risk
REQ000295,RPT0046,A007,2025-12-26,2026-01-02,Report Enhancement,Medium,In Progress,172,72,Breached,4.26,0,Risk
REQ000296,RPT0083,A010,2025-07-16,2025-07-16,Data Correction,Medium,Pending,14,72,Within SLA,2.04,1,Client Services
REQ000297,RPT0026,A021,2026-05-27,2026-05-27,Access Request,High,Completed,13,48,Within SLA,6.23,0,Legal
REQ000298,RPT0046,A016,2025-03-23,2025-03-31,Change Request,Medium,Pending,186,72,Breached,4.12,1,Legal
REQ000299,RPT0041,A020,2024-09-24,2024-09-25,Access Request,Medium,Completed,32,72,Within SLA,5.87,0,Compliance
REQ000300,RPT0046,A025,2024-08-23,2024-08-24,New Report,High,In Progress,11,48,Within SLA,5.16,0,Compliance
REQ000301,RPT0095,A002,2025-05-07,2025-05-09,Change Request,Low,In Progress,58,120,Within SLA,1.86,1,Compliance
REQ000302,RPT0023,A006,2026-04-11,2026-04-13,Report Enhancement,High,In Progress,30,48,Within SLA,2.24,4,Compliance
REQ000303,RPT0090,A012,2024-11-30,2024-12-02,Report Enhancement,Medium,In Progress,34,72,Within SLA,5.6,0,Risk
REQ000304,RPT0005,A003,2025-12-28,2025-12-30,Report Enhancement,High,Pending,39,48,Within SLA,5.09,0,Finance
REQ000305,RPT0017,A011,2025-03-12,2025-03-19,Change Request,Medium,Completed,168,72,Breached,3.27,0,Risk
REQ000306,RPT0109,A017,2024-12-24,2024-12-29,Data Correction,Low,Completed,114,120,Within SLA,3.6,1,Human Resources
REQ000307,RPT0042,A005,2026-03-19,2026-03-21,New Report,Medium,Pending,37,72,Within SLA,8.12,0,Risk
REQ000308,RPT0072,A023,2025-07-30,2025-07-31,Report Issue,High,In Progress,39,48,Within SLA,2.19,0,Human Resources
REQ000309,RPT0017,A006,2025-10-23,2025-10-25,Change Request,Medium,Pending,36,72,Within SLA,4.87,1,Finance
REQ000310,RPT0104,A020,2026-02-20,2026-02-27,Report Issue,High,Completed,176,48,Breached,2.88,0,Compliance
REQ000311,RPT0045,A011,2025-07-19,2025-07-20,Report Issue,Medium,Pending,21,72,Within SLA,2.85,0,Risk
REQ000312,RPT0002,A009,2025-10-30,2025-11-01,Report Issue,High,Completed,48,48,Within SLA,7.16,0,Compliance
REQ000313,RPT0057,A024,2024-08-28,2024-09-02,Change Request,Medium,Completed,124,72,Breached,5.92,0,Technology
REQ000314,RPT0107,A016,2024-11-15,2024-11-17,Change Request,High,Completed,32,48,Within SLA,5.87,0,Compliance
REQ000315,RPT0014,A003,2024-10-18,2024-10-19,Change Request,Medium,In Progress,14,72,Within SLA,8.28,0,Human Resources
REQ000316,RPT0012,A011,2026-07-07,2026-07-08,Change Request,High,Completed,12,48,Within SLA,3.37,2,Client Services
REQ000317,RPT0007,A004,2026-02-08,2026-02-10,Report Issue,Low,Pending,45,120,Within SLA,5.35,0,Human Resources
REQ000318,RPT0034,A022,2026-07-24,2026-07-24,Change Request,Critical,Completed,19,24,Within SLA,2.67,1,Sales
REQ000319,RPT0007,A012,2024-12-14,2024-12-18,Data Correction,Low,Completed,97,120,Within SLA,4.17,0,Finance
REQ000320,RPT0004,A007,2025-10-18,2025-10-23,Access Request,Low,Pending,104,120,Within SLA,3.03,0,Risk
REQ000321,RPT0115,A022,2024-09-17,2024-09-26,Report Issue,Medium,Completed,198,72,Breached,3.55,0,Sales
REQ000322,RPT0058,A002,2026-05-31,2026-06-01,New Report,Medium,Completed,35,72,Within SLA,5.04,0,Sales
REQ000323,RPT0090,A022,2025-06-03,2025-06-04,Access Request,Medium,Completed,29,72,Within SLA,1.87,0,Operations
REQ000324,RPT0071,A002,2025-11-16,2025-11-18,New Report,Medium,Pending,38,72,Within SLA,14.36,1,Technology
REQ000325,RPT0031,A016,2025-10-24,2025-10-26,Report Enhancement,Medium,Completed,67,72,Within SLA,1.64,1,Sales
REQ000326,RPT0103,A019,2024-12-14,2024-12-14,New Report,Medium,Pending,14,72,Within SLA,1.42,2,Risk
REQ000327,RPT0017,A002,2025-07-20,2025-07-21,New Report,High,Completed,18,48,Within SLA,7.47,2,Technology
REQ000328,RPT0117,A024,2024-11-27,2024-12-01,New Report,Critical,Completed,88,24,Breached,5.78,0,Operations
REQ000329,RPT0118,A001,2024-09-22,2024-09-23,New Report,Medium,Completed,32,72,Within SLA,5.14,0,Legal
REQ000330,RPT0013,A004,2025-04-17,2025-04-21,Access Request,Low,Completed,96,120,Within SLA,5.15,1,Operations
REQ000331,RPT0074,A020,2025-05-31,2025-06-01,Data Correction,High,Pending,34,48,Within SLA,3.29,1,Client Services
REQ000332,RPT0005,A013,2026-07-20,2026-07-24,New Report,Low,Completed,103,120,Within SLA,1.77,1,Human Resources
REQ000333,RPT0105,A010,2026-08-15,2026-08-18,Report Issue,Low,In Progress,58,120,Within SLA,3.5,0,Sales
REQ000334,RPT0039,A024,2026-05-01,2026-05-01,Data Correction,High,Pending,14,48,Within SLA,2.07,0,Client Services
REQ000335,RPT0106,A014,2026-06-20,2026-06-27,Data Correction,Medium,Completed,159,72,Breached,6.57,0,Client Services
REQ000336,RPT0091,A017,2024-09-20,2024-09-22,Report Enhancement,High,Pending,40,48,Within SLA,3.0,0,Technology
REQ000337,RPT0026,A002,2026-07-20,2026-07-23,Change Request,High,Completed,88,48,Breached,1.86,2,Compliance
REQ000338,RPT0060,A017,2025-05-25,2025-05-28,New Report,Medium,Pending,57,72,Within SLA,2.65,0,Technology
REQ000339,RPT0023,A016,2025-01-31,2025-02-01,Report Issue,High,In Progress,23,48,Within SLA,4.43,1,Legal
REQ000340,RPT0037,A001,2026-02-01,2026-02-02,Data Correction,Medium,Pending,28,72,Within SLA,2.24,1,Technology
REQ000341,RPT0087,A007,2025-03-02,2025-03-04,New Report,Low,Completed,51,120,Within SLA,1.87,1,Sales
REQ000342,RPT0061,A005,2026-01-21,2026-01-23,Report Issue,Medium,Completed,61,72,Within SLA,3.94,1,Risk
REQ000343,RPT0091,A021,2024-11-08,2024-11-10,Report Enhancement,High,Completed,46,48,Within SLA,3.94,0,Sales
REQ000344,RPT0087,A017,2025-05-22,2025-05-24,Access Request,High,Pending,37,48,Within SLA,2.33,0,Technology
REQ000345,RPT0072,A021,2026-04-18,2026-04-23,Report Enhancement,Low,Completed,108,120,Within SLA,2.39,2,Sales
REQ000346,RPT0111,A009,2025-10-29,2025-10-31,Data Correction,Medium,Completed,33,72,Within SLA,3.91,1,Sales
REQ000347,RPT0031,A002,2026-07-08,2026-07-09,Report Issue,High,Pending,27,48,Within SLA,1.2,0,Technology
REQ000348,RPT0034,A014,2026-07-01,2026-07-01,Report Issue,Medium,Completed,13,72,Within SLA,1.24,4,Technology
REQ000349,RPT0092,A008,2025-07-02,2025-07-04,Access Request,High,Completed,44,48,Within SLA,2.01,0,Legal
REQ000350,RPT0108,A022,2025-12-16,2025-12-17,Report Issue,High,Pending,30,48,Within SLA,2.86,2,Legal
REQ000351,RPT0098,A006,2026-03-26,2026-03-28,Change Request,Medium,Completed,59,72,Within SLA,4.13,2,Human Resources
REQ000352,RPT0114,A011,2024-12-19,2024-12-24,Report Issue,Low,Completed,119,120,Within SLA,9.33,0,Human Resources
REQ000353,RPT0075,A019,2026-08-10,2026-08-10,Data Correction,Medium,Completed,19,72,Within SLA,6.05,2,Operations
REQ000354,RPT0112,A005,2026-08-13,2026-08-14,Access Request,High,Completed,32,48,Within SLA,2.97,0,Risk
REQ000355,RPT0041,A023,2025-02-20,2025-02-23,Change Request,Medium,Cancelled,69,72,Within SLA,3.28,0,Risk
REQ000356,RPT0058,A009,2026-06-23,2026-06-24,New Report,Medium,Completed,23,72,Within SLA,1.65,0,Compliance
REQ000357,RPT0079,A014,2024-12-25,2024-12-27,Change Request,Medium,Completed,62,72,Within SLA,3.28,0,Technology
REQ000358,RPT0002,A011,2026-05-04,2026-05-05,Access Request,Medium,Completed,24,72,Within SLA,2.71,1,Legal
REQ000359,RPT0045,A010,2026-05-12,2026-05-17,Change Request,Low,Completed,117,120,Within SLA,4.16,1,Risk
REQ000360,RPT0038,A015,2025-01-05,2025-01-07,New Report,Medium,Completed,44,72,Within SLA,1.86,0,Legal
REQ000361,RPT0116,A016,2026-07-06,2026-07-08,Report Enhancement,Medium,Completed,55,72,Within SLA,4.78,0,Human Resources
REQ000362,RPT0017,A007,2025-07-07,2025-07-13,Change Request,Low,Pending,150,120,Breached,9.71,1,Finance
REQ000363,RPT0113,A021,2024-09-09,2024-09-11,Report Enhancement,Medium,Completed,57,72,Within SLA,3.08,0,Sales
REQ000364,RPT0003,A002,2025-01-07,2025-01-07,Report Enhancement,Medium,Completed,15,72,Within SLA,4.4,1,Operations
REQ000365,RPT0089,A022,2026-03-16,2026-03-17,Access Request,Medium,Completed,28,72,Within SLA,5.38,0,Finance
REQ000366,RPT0018,A014,2026-08-09,2026-08-10,Data Correction,Medium,Completed,45,72,Within SLA,2.51,1,Operations
REQ000367,RPT0078,A007,2025-05-06,2025-05-06,Report Enhancement,High,Completed,15,48,Within SLA,3.88,0,Sales
REQ000368,RPT0064,A007,2026-04-20,2026-04-21,Report Enhancement,Critical,Completed,15,24,Within SLA,3.35,0,Client Services
REQ000369,RPT0086,A016,2026-08-13,2026-08-15,Data Correction,Low,Completed,35,120,Within SLA,3.56,2,Risk
REQ000370,RPT0059,A010,2025-07-06,2025-07-07,New Report,High,Completed,14,48,Within SLA,1.93,1,Sales
REQ000371,RPT0087,A011,2026-05-06,2026-05-07,Access Request,Low,Pending,29,120,Within SLA,3.38,0,Technology
REQ000372,RPT0022,A011,2026-01-23,2026-01-25,Report Issue,Low,Pending,58,120,Within SLA,4.7,1,Human Resources
REQ000373,RPT0015,A013,2026-06-23,2026-06-23,Access Request,Critical,Completed,4,24,Within SLA,9.17,0,Technology
REQ000374,RPT0114,A006,2026-03-14,2026-03-17,Access Request,Medium,Completed,66,72,Within SLA,6.5,0,Operations
REQ000375,RPT0117,A019,2026-05-12,2026-05-15,Change Request,Medium,Completed,72,72,Within SLA,14.99,0,Client Services
REQ000376,RPT0111,A022,2025-03-01,2025-03-03,Report Enhancement,Medium,Completed,36,72,Within SLA,1.94,1,Risk
REQ000377,RPT0084,A011,2025-03-16,2025-03-17,Access Request,High,Completed,34,48,Within SLA,6.11,0,Finance
REQ000378,RPT0086,A011,2024-12-22,2024-12-24,Report Issue,High,Completed,44,48,Within SLA,3.77,0,Legal
REQ000379,RPT0045,A022,2026-04-24,2026-04-26,Report Enhancement,Medium,Completed,39,72,Within SLA,15.38,0,Technology
REQ000380,RPT0065,A016,2026-02-16,2026-02-24,Change Request,High,Completed,188,48,Breached,1.89,3,Client Services
REQ000381,RPT0065,A008,2024-11-12,2024-11-15,Change Request,Low,Completed,54,120,Within SLA,1.84,0,Legal
REQ000382,RPT0058,A003,2025-06-14,2025-06-14,Report Issue,Medium,Pending,17,72,Within SLA,2.18,2,Client Services
REQ000383,RPT0053,A002,2026-06-29,2026-07-01,Access Request,Medium,Cancelled,59,72,Within SLA,0.75,0,Legal
REQ000384,RPT0114,A017,2024-09-20,2024-09-24,Report Enhancement,Low,Completed,101,120,Within SLA,2.3,1,Legal
REQ000385,RPT0029,A015,2026-06-18,2026-06-20,Change Request,Medium,Completed,33,72,Within SLA,1.95,0,Human Resources
REQ000386,RPT0098,A022,2025-08-21,2025-08-22,Report Enhancement,High,Completed,31,48,Within SLA,3.69,0,Compliance
REQ000387,RPT0090,A004,2025-02-09,2025-02-12,New Report,Medium,Pending,63,72,Within SLA,4.22,0,Finance
REQ000388,RPT0079,A007,2025-01-23,2025-01-25,Change Request,Medium,Pending,59,72,Within SLA,12.35,0,Compliance
REQ000389,RPT0044,A004,2026-05-17,2026-05-18,New Report,High,Completed,37,48,Within SLA,6.46,0,Technology
REQ000390,RPT0076,A017,2026-08-04,2026-08-10,New Report,High,Pending,135,48,Breached,2.22,0,Risk
REQ000391,RPT0062,A017,2025-08-13,2025-08-17,Access Request,Low,In Progress,94,120,Within SLA,1.77,2,Risk
REQ000392,RPT0113,A011,2025-05-19,2025-05-22,Report Issue,Medium,In Progress,80,72,Breached,4.68,1,Legal
REQ000393,RPT0044,A010,2025-04-15,2025-04-17,Access Request,Medium,Completed,56,72,Within SLA,1.32,0,Client Services
REQ000394,RPT0071,A011,2026-05-20,2026-05-25,Change Request,Low,Completed,119,120,Within SLA,11.97,2,Legal
REQ000395,RPT0087,A005,2026-04-30,2026-05-05,Report Issue,Low,Completed,115,120,Within SLA,7.58,0,Risk
REQ000396,RPT0075,A019,2026-06-28,2026-07-05,Report Enhancement,Medium,Completed,171,72,Breached,2.39,1,Technology
REQ000397,RPT0002,A017,2025-02-13,2025-02-14,Report Issue,High,Pending,26,48,Within SLA,1.0,0,Operations
REQ000398,RPT0021,A010,2025-02-10,2025-02-10,New Report,Medium,Completed,15,72,Within SLA,8.57,1,Sales
REQ000399,RPT0046,A015,2024-09-08,2024-09-09,Change Request,High,In Progress,26,48,Within SLA,3.06,0,Operations
REQ000400,RPT0031,A017,2026-01-15,2026-01-16,Report Enhancement,High,In Progress,22,48,Within SLA,7.9,1,Sales
REQ000401,RPT0088,A011,2025-01-18,2025-01-19,Report Issue,Medium,Pending,36,72,Within SLA,1.09,1,Legal
REQ000402,RPT0057,A008,2025-06-26,2025-06-30,New Report,Low,Completed,103,120,Within SLA,2.18,2,Human Resources
REQ000403,RPT0058,A006,2025-05-02,2025-05-05,Report Enhancement,Medium,Completed,61,72,Within SLA,3.33,0,Operations
REQ000404,RPT0072,A009,2025-03-25,2025-03-25,Change Request,Critical,In Progress,5,24,Within SLA,3.43,0,Risk
REQ000405,RPT0006,A005,2026-06-23,2026-06-24,Change Request,Medium,Completed,33,72,Within SLA,2.42,3,Human Resources
REQ000406,RPT0102,A019,2024-10-13,2024-10-18,Report Enhancement,Low,Pending,102,120,Within SLA,5.13,0,Legal
REQ000407,RPT0009,A017,2026-04-13,2026-04-17,Data Correction,Low,In Progress,91,120,Within SLA,1.57,0,Risk
REQ000408,RPT0043,A011,2025-03-25,2025-03-27,Access Request,Medium,Completed,34,72,Within SLA,3.01,0,Human Resources
REQ000409,RPT0097,A021,2025-05-20,2025-05-24,Data Correction,Low,In Progress,91,120,Within SLA,3.61,1,Finance
REQ000410,RPT0032,A002,2026-01-01,2026-01-04,New Report,Medium,Completed,69,72,Within SLA,4.76,2,Human Resources
REQ000411,RPT0004,A017,2025-09-20,2025-09-22,Access Request,High,Pending,32,48,Within SLA,5.46,1,Human Resources
REQ000412,RPT0042,A017,2025-06-27,2025-06-27,Report Enhancement,High,Completed,10,48,Within SLA,1.51,1,Operations
REQ000413,RPT0027,A022,2026-01-30,2026-02-03,New Report,Low,Cancelled,92,120,Within SLA,1.13,1,Compliance
REQ000414,RPT0095,A025,2026-06-07,2026-06-09,Report Issue,Medium,Completed,46,72,Within SLA,8.12,2,Technology
REQ000415,RPT0012,A003,2025-10-11,2025-10-14,Report Issue,High,Completed,68,48,Breached,4.19,0,Finance
REQ000416,RPT0053,A013,2025-05-05,2025-05-07,Change Request,High,Completed,44,48,Within SLA,1.97,2,Client Services
REQ000417,RPT0083,A024,2026-08-20,2026-08-22,Report Issue,Medium,Completed,36,72,Within SLA,9.83,0,Operations
REQ000418,RPT0038,A022,2024-09-11,2024-09-12,Report Issue,Medium,In Progress,16,72,Within SLA,3.6,0,Sales
REQ000419,RPT0004,A016,2024-11-18,2024-11-21,Report Enhancement,Low,In Progress,80,120,Within SLA,7.58,2,Risk
REQ000420,RPT0039,A022,2026-07-03,2026-07-07,Report Enhancement,Low,In Progress,93,120,Within SLA,3.48,1,Human Resources
REQ000421,RPT0069,A018,2025-03-11,2025-03-15,New Report,Medium,Completed,76,72,Breached,14.05,1,Operations
REQ000422,RPT0083,A017,2025-01-06,2025-01-11,Data Correction,Low,In Progress,116,120,Within SLA,11.34,0,Risk
REQ000423,RPT0103,A019,2025-11-14,2025-11-17,Change Request,Low,Completed,56,120,Within SLA,2.79,0,Finance
REQ000424,RPT0026,A024,2025-03-15,2025-03-16,Report Enhancement,Medium,Completed,30,72,Within SLA,6.55,0,Client Services
REQ000425,RPT0025,A011,2024-09-19,2024-09-24,Data Correction,Medium,In Progress,108,72,Breached,5.22,0,Client Services
REQ000426,RPT0047,A011,2024-11-13,2024-11-15,Access Request,Medium,In Progress,56,72,Within SLA,8.65,1,Technology
REQ000427,RPT0036,A012,2025-11-27,2025-11-29,Change Request,Low,Completed,52,120,Within SLA,1.69,1,Risk
REQ000428,RPT0063,A018,2025-07-24,2025-07-26,Report Issue,High,Pending,37,48,Within SLA,5.37,1,Operations
REQ000429,RPT0069,A007,2025-05-16,2025-05-17,Change Request,Medium,Completed,29,72,Within SLA,6.96,0,Sales
REQ000430,RPT0081,A001,2026-03-09,2026-03-10,Report Issue,High,Completed,12,48,Within SLA,0.97,2,Technology
REQ000431,RPT0061,A021,2026-04-23,2026-04-26,Report Enhancement,Low,Completed,57,120,Within SLA,1.45,4,Risk
REQ000432,RPT0060,A017,2025-04-21,2025-04-23,Data Correction,Medium,Pending,49,72,Within SLA,0.8,0,Legal
REQ000433,RPT0079,A022,2025-07-25,2025-07-28,New Report,Medium,Completed,54,72,Within SLA,2.75,3,Risk
REQ000434,RPT0019,A024,2025-12-04,2025-12-08,Report Enhancement,Low,Completed,96,120,Within SLA,5.49,1,Client Services
REQ000435,RPT0086,A007,2025-09-22,2025-09-28,Data Correction,Low,In Progress,159,120,Breached,9.5,0,Legal
REQ000436,RPT0091,A017,2024-11-18,2024-11-30,Data Correction,Medium,Pending,272,72,Breached,3.5,0,Sales
REQ000437,RPT0076,A021,2025-06-16,2025-06-17,Report Issue,Medium,Completed,23,72,Within SLA,10.38,0,Operations
REQ000438,RPT0112,A012,2026-07-20,2026-07-21,Report Enhancement,Medium,Cancelled,26,72,Within SLA,1.26,0,Client Services
REQ000439,RPT0066,A021,2025-11-11,2025-11-12,Access Request,High,Completed,16,48,Within SLA,1.01,0,Sales
REQ000440,RPT0030,A014,2025-01-15,2025-01-19,Change Request,Low,Completed,101,120,Within SLA,3.19,0,Human Resources
REQ000441,RPT0107,A014,2025-03-06,2025-03-10,Report Issue,Low,In Progress,85,120,Within SLA,4.34,0,Finance
REQ000442,RPT0074,A005,2024-09-24,2024-10-01,Change Request,Low,Completed,176,120,Breached,3.24,0,Finance
REQ000443,RPT0003,A024,2026-02-22,2026-02-24,Change Request,Medium,Completed,37,72,Within SLA,0.78,1,Sales
REQ000444,RPT0107,A014,2025-07-25,2025-07-29,New Report,Low,Completed,84,120,Within SLA,3.12,0,Risk
REQ000445,RPT0044,A015,2024-08-22,2024-08-23,Report Enhancement,High,Completed,40,48,Within SLA,1.33,1,Operations
REQ000446,RPT0065,A022,2025-09-28,2025-09-29,Change Request,Medium,Completed,13,72,Within SLA,5.31,2,Technology
REQ000447,RPT0101,A018,2026-08-09,2026-08-12,Change Request,Medium,Completed,69,72,Within SLA,4.29,0,Legal
REQ000448,RPT0100,A022,2026-05-09,2026-05-13,New Report,Low,In Progress,101,120,Within SLA,1.72,0,Technology
REQ000449,RPT0103,A016,2025-10-13,2025-10-15,Report Enhancement,Medium,Pending,56,72,Within SLA,2.32,0,Technology
REQ000450,RPT0055,A005,2026-02-05,2026-02-08,Data Correction,Medium,In Progress,60,72,Within SLA,1.58,1,Sales
REQ000451,RPT0053,A009,2026-03-02,2026-03-03,Access Request,High,Pending,13,48,Within SLA,3.18,2,Compliance
REQ000452,RPT0049,A021,2026-03-20,2026-03-22,New Report,High,In Progress,44,48,Within SLA,6.48,0,Compliance
REQ000453,RPT0033,A009,2026-03-16,2026-03-17,Report Issue,High,Completed,14,48,Within SLA,1.67,1,Legal
REQ000454,RPT0071,A018,2026-01-23,2026-01-26,Access Request,Medium,Completed,55,72,Within SLA,4.72,0,Client Services
REQ000455,RPT0100,A023,2025-01-21,2025-01-22,Change Request,Medium,Completed,28,72,Within SLA,2.29,1,Technology
REQ000456,RPT0090,A006,2025-05-30,2025-06-01,Report Issue,Low,Pending,39,120,Within SLA,1.91,0,Operations
REQ000457,RPT0091,A002,2025-07-22,2025-07-24,Change Request,Medium,In Progress,63,72,Within SLA,3.08,1,Risk
REQ000458,RPT0077,A014,2024-10-14,2024-10-14,Access Request,Critical,Completed,4,24,Within SLA,1.61,0,Operations
REQ000459,RPT0052,A020,2026-01-18,2026-01-25,New Report,Medium,Completed,150,72,Breached,2.25,3,Legal
REQ000460,RPT0026,A022,2026-08-06,2026-08-06,Data Correction,High,Completed,19,48,Within SLA,1.44,0,Legal
REQ000461,RPT0022,A022,2025-05-04,2025-05-08,Data Correction,Low,In Progress,89,120,Within SLA,13.14,0,Finance
REQ000462,RPT0046,A022,2025-12-18,2025-12-23,Data Correction,Low,Completed,132,120,Breached,3.4,1,Technology
REQ000463,RPT0071,A010,2025-04-21,2025-04-24,Access Request,Medium,Completed,59,72,Within SLA,2.03,2,Legal
REQ000464,RPT0059,A013,2026-01-18,2026-01-19,Report Enhancement,Medium,Cancelled,29,72,Within SLA,3.86,3,Finance
REQ000465,RPT0015,A017,2026-06-10,2026-06-22,Data Correction,Low,Completed,285,120,Breached,3.07,0,Sales
REQ000466,RPT0099,A008,2024-11-25,2024-11-27,Report Enhancement,High,Completed,36,48,Within SLA,2.84,1,Human Resources
REQ000467,RPT0049,A021,2026-03-03,2026-03-08,Access Request,Medium,Pending,134,72,Breached,5.1,0,Compliance
REQ000468,RPT0002,A023,2026-07-21,2026-07-22,Report Issue,High,Pending,34,48,Within SLA,5.64,0,Sales
REQ000469,RPT0120,A006,2025-04-11,2025-04-13,Change Request,Medium,Completed,59,72,Within SLA,2.29,0,Client Services
REQ000470,RPT0120,A007,2025-09-18,2025-09-20,Data Correction,Medium,Pending,29,72,Within SLA,2.22,1,Client Services
REQ000471,RPT0032,A020,2025-04-18,2025-04-20,Report Issue,Low,In Progress,57,120,Within SLA,2.74,0,Human Resources
REQ000472,RPT0079,A001,2026-01-20,2026-01-21,Change Request,High,Completed,13,48,Within SLA,0.66,1,Legal
REQ000473,RPT0115,A019,2025-07-04,2025-07-05,New Report,High,Completed,28,48,Within SLA,1.15,4,Sales
REQ000474,RPT0074,A005,2025-05-01,2025-05-05,Access Request,Low,In Progress,89,120,Within SLA,8.64,0,Finance
REQ000475,RPT0088,A025,2025-06-29,2025-07-04,Report Enhancement,High,Completed,126,48,Breached,10.5,0,Risk
REQ000476,RPT0087,A007,2026-02-13,2026-02-14,Access Request,Critical,In Progress,16,24,Within SLA,2.79,0,Technology
REQ000477,RPT0035,A016,2025-04-07,2025-04-10,Report Enhancement,Low,Completed,57,120,Within SLA,4.97,0,Human Resources
REQ000478,RPT0110,A013,2025-10-25,2025-10-28,Data Correction,Low,Completed,77,120,Within SLA,4.13,0,Sales
REQ000479,RPT0093,A009,2024-11-27,2024-12-01,Access Request,Low,Completed,97,120,Within SLA,28.65,2,Compliance
REQ000480,RPT0061,A001,2025-01-17,2025-01-17,Report Enhancement,Medium,Completed,21,72,Within SLA,7.27,1,Risk
REQ000481,RPT0041,A016,2025-07-13,2025-07-16,Access Request,Medium,Cancelled,66,72,Within SLA,3.04,0,Sales
REQ000482,RPT0105,A009,2026-01-19,2026-01-22,Data Correction,Medium,Completed,74,72,Breached,1.7,0,Client Services
REQ000483,RPT0120,A009,2025-06-11,2025-06-13,Report Issue,Low,In Progress,57,120,Within SLA,1.08,1,Human Resources
REQ000484,RPT0074,A021,2026-01-29,2026-01-31,New Report,Medium,Completed,55,72,Within SLA,3.83,0,Legal
REQ000485,RPT0095,A015,2026-03-25,2026-03-25,Change Request,Critical,Completed,12,24,Within SLA,1.96,0,Operations
REQ000486,RPT0119,A011,2026-07-23,2026-07-24,Access Request,Medium,Completed,21,72,Within SLA,1.23,1,Technology
REQ000487,RPT0041,A011,2025-01-03,2025-01-09,Report Issue,Medium,Completed,140,72,Breached,2.11,0,Sales
REQ000488,RPT0047,A024,2025-12-12,2025-12-13,Report Issue,Medium,Completed,29,72,Within SLA,1.56,1,Legal
REQ000489,RPT0096,A023,2025-11-06,2025-11-07,Access Request,Medium,Completed,26,72,Within SLA,10.82,1,Operations
REQ000490,RPT0007,A001,2025-04-11,2025-04-13,Change Request,Low,Completed,32,120,Within SLA,6.15,0,Technology
REQ000491,RPT0120,A013,2025-07-02,2025-07-03,Report Enhancement,High,Completed,24,48,Within SLA,3.3,0,Sales
REQ000492,RPT0004,A002,2025-10-20,2025-11-06,Change Request,Low,Completed,416,120,Breached,9.36,2,Human Resources
REQ000493,RPT0018,A023,2026-05-30,2026-06-01,Data Correction,High,Completed,42,48,Within SLA,3.5,0,Legal
REQ000494,RPT0068,A021,2024-08-21,2024-08-23,Change Request,Medium,Completed,59,72,Within SLA,1.82,1,Legal
REQ000495,RPT0047,A014,2025-04-14,2025-04-14,Data Correction,High,Completed,22,48,Within SLA,9.64,0,Sales
REQ000496,RPT0037,A016,2025-03-31,2025-04-03,Change Request,Medium,Completed,64,72,Within SLA,4.84,0,Legal
REQ000497,RPT0056,A010,2025-01-31,2025-02-02,New Report,Medium,Completed,60,72,Within SLA,1.61,0,Compliance
REQ000498,RPT0021,A023,2025-07-20,2025-07-23,New Report,Medium,Completed,68,72,Within SLA,2.91,0,Technology
REQ000499,RPT0117,A020,2026-04-23,2026-04-27,Access Request,Low,Completed,104,120,Within SLA,1.8,1,Sales
REQ000500,RPT0024,A005,2025-11-14,2025-11-15,Data Correction,Medium,Completed,29,72,Within SLA,1.26,2,Sales
REQ000501,RPT0042,A001,2025-12-05,2025-12-06,New Report,Medium,Completed,29,72,Within SLA,6.35,0,Risk
REQ000502,RPT0057,A024,2026-01-11,2026-01-11,New Report,Critical,Completed,5,24,Within SLA,12.64,0,Finance
REQ000503,RPT0103,A016,2025-04-28,2025-04-30,Change Request,Low,Completed,51,120,Within SLA,1.25,0,Human Resources
REQ000504,RPT0008,A009,2025-08-17,2025-08-17,Access Request,Medium,Completed,17,72,Within SLA,4.92,3,Technology
REQ000505,RPT0107,A001,2025-07-30,2025-08-02,New Report,Medium,Completed,69,72,Within SLA,2.11,2,Operations
REQ000506,RPT0026,A015,2025-07-30,2025-08-02,Report Issue,Low,In Progress,80,120,Within SLA,2.36,4,Operations
REQ000507,RPT0042,A006,2026-01-27,2026-01-29,Report Enhancement,Medium,Completed,36,72,Within SLA,2.19,0,Finance
REQ000508,RPT0047,A002,2025-02-02,2025-02-03,Report Issue,High,Completed,24,48,Within SLA,1.81,0,Compliance
REQ000509,RPT0016,A013,2025-09-22,2025-09-23,New Report,Low,Completed,25,120,Within SLA,3.43,0,Compliance
REQ000510,RPT0048,A025,2025-08-23,2025-08-24,New Report,Critical,Completed,24,24,Within SLA,1.86,1,Operations
REQ000511,RPT0098,A021,2026-04-29,2026-05-03,Change Request,Low,Completed,103,120,Within SLA,4.01,3,Finance
REQ000512,RPT0030,A011,2026-07-21,2026-07-23,New Report,Medium,Completed,46,72,Within SLA,3.21,0,Legal
REQ000513,RPT0049,A012,2026-05-01,2026-05-02,Report Issue,High,Pending,36,48,Within SLA,2.81,0,Risk
REQ000514,RPT0063,A007,2026-03-15,2026-03-17,Data Correction,High,Completed,36,48,Within SLA,1.76,0,Risk
REQ000515,RPT0111,A018,2024-12-30,2025-01-01,Report Enhancement,Medium,In Progress,29,72,Within SLA,2.22,1,Risk
REQ000516,RPT0001,A025,2026-01-14,2026-01-17,New Report,Medium,Completed,64,72,Within SLA,5.63,0,Legal
REQ000517,RPT0031,A011,2024-10-25,2024-10-27,Access Request,High,Pending,47,48,Within SLA,4.71,1,Operations
REQ000518,RPT0071,A005,2025-03-29,2025-03-29,Report Issue,Critical,Pending,8,24,Within SLA,1.67,0,Sales
REQ000519,RPT0107,A005,2025-09-25,2025-09-26,Data Correction,Medium,Completed,18,72,Within SLA,3.56,0,Risk
REQ000520,RPT0085,A016,2026-01-18,2026-01-24,New Report,Low,Completed,144,120,Breached,5.62,2,Legal
REQ000521,RPT0002,A007,2025-12-25,2025-12-26,Report Enhancement,High,Completed,31,48,Within SLA,1.03,1,Client Services
REQ000522,RPT0054,A012,2025-12-15,2025-12-16,New Report,Medium,Completed,35,72,Within SLA,4.86,3,Finance
REQ000523,RPT0028,A017,2025-05-08,2025-05-09,Report Enhancement,Medium,Completed,16,72,Within SLA,2.09,0,Operations
REQ000524,RPT0073,A021,2024-11-01,2024-11-02,New Report,High,Completed,20,48,Within SLA,4.95,1,Risk
REQ000525,RPT0087,A015,2026-05-18,2026-05-19,Report Enhancement,High,Completed,14,48,Within SLA,1.95,1,Technology
REQ000526,RPT0069,A020,2026-03-27,2026-03-30,New Report,Low,Completed,75,120,Within SLA,0.94,1,Client Services
REQ000527,RPT0082,A014,2025-02-19,2025-02-20,Data Correction,High,Completed,28,48,Within SLA,1.06,0,Human Resources
REQ000528,RPT0033,A012,2026-01-25,2026-01-28,Report Enhancement,Low,Completed,72,120,Within SLA,3.43,3,Client Services
REQ000529,RPT0067,A005,2025-04-19,2025-04-19,Access Request,Critical,Completed,3,24,Within SLA,3.98,1,Sales
REQ000530,RPT0089,A009,2025-02-11,2025-02-14,New Report,Medium,Completed,66,72,Within SLA,1.76,1,Legal
REQ000531,RPT0018,A009,2026-05-09,2026-05-12,Report Enhancement,Medium,Pending,63,72,Within SLA,5.19,0,Human Resources
REQ000532,RPT0028,A024,2025-01-22,2025-01-30,Report Enhancement,Low,Completed,186,120,Breached,1.04,1,Operations
REQ000533,RPT0074,A004,2024-12-13,2024-12-15,Report Issue,Medium,Completed,43,72,Within SLA,3.17,1,Sales
REQ000534,RPT0043,A012,2024-09-08,2024-09-09,New Report,High,Completed,13,48,Within SLA,1.42,3,Technology
REQ000535,RPT0119,A001,2024-09-25,2024-09-26,Access Request,High,Completed,22,48,Within SLA,2.1,2,Technology
REQ000536,RPT0090,A008,2025-02-27,2025-03-01,New Report,Medium,Completed,46,72,Within SLA,3.43,0,Risk
REQ000537,RPT0012,A008,2025-08-25,2025-08-26,New Report,Medium,Cancelled,40,72,Within SLA,1.82,1,Technology
REQ000538,RPT0071,A013,2025-12-08,2025-12-13,Data Correction,High,Completed,116,48,Breached,2.54,1,Sales
REQ000539,RPT0026,A016,2026-06-12,2026-06-16,New Report,Medium,Completed,112,72,Breached,6.72,0,Technology
REQ000540,RPT0035,A025,2026-04-09,2026-04-12,Report Issue,Medium,Completed,59,72,Within SLA,2.22,0,Technology
REQ000541,RPT0045,A007,2024-10-16,2024-10-17,Data Correction,Medium,Completed,19,72,Within SLA,5.96,0,Human Resources
REQ000542,RPT0106,A015,2025-08-09,2025-08-11,Data Correction,Medium,Completed,31,72,Within SLA,1.51,0,Risk
REQ000543,RPT0094,A003,2025-07-08,2025-07-10,Access Request,Low,Pending,49,120,Within SLA,4.81,0,Operations
REQ000544,RPT0002,A011,2026-07-10,2026-07-12,Report Issue,Low,Pending,42,120,Within SLA,9.11,2,Operations
REQ000545,RPT0070,A017,2025-12-23,2025-12-24,Data Correction,Medium,Completed,25,72,Within SLA,0.59,0,Sales
REQ000546,RPT0049,A019,2025-11-11,2025-11-12,Report Enhancement,Medium,In Progress,21,72,Within SLA,1.9,1,Legal
REQ000547,RPT0007,A015,2025-01-19,2025-01-20,New Report,Medium,Completed,24,72,Within SLA,4.97,1,Finance
REQ000548,RPT0014,A001,2026-03-01,2026-03-04,New Report,Medium,Completed,66,72,Within SLA,2.88,0,Sales
REQ000549,RPT0041,A016,2026-02-12,2026-02-14,Report Issue,Medium,Cancelled,44,72,Within SLA,4.31,0,Legal
REQ000550,RPT0006,A008,2025-06-15,2025-06-18,New Report,Low,Completed,82,120,Within SLA,2.18,1,Legal
REQ000551,RPT0081,A010,2025-09-09,2025-09-12,Data Correction,Medium,Completed,88,72,Breached,3.53,0,Compliance
REQ000552,RPT0105,A001,2025-06-27,2025-06-28,Report Enhancement,Medium,Completed,28,72,Within SLA,2.98,2,Legal
REQ000553,RPT0049,A017,2025-02-26,2025-03-01,Data Correction,Low,Completed,74,120,Within SLA,7.52,0,Compliance
REQ000554,RPT0070,A005,2024-12-13,2024-12-16,Access Request,Low,Completed,63,120,Within SLA,3.97,0,Compliance
REQ000555,RPT0091,A017,2026-01-12,2026-01-14,Report Issue,Low,Completed,49,120,Within SLA,4.21,0,Risk
REQ000556,RPT0021,A011,2026-02-06,2026-02-06,Access Request,Critical,Cancelled,6,24,Within SLA,2.49,1,Operations
REQ000557,RPT0094,A001,2024-08-25,2024-08-26,Report Enhancement,Medium,In Progress,23,72,Within SLA,2.36,2,Human Resources
REQ000558,RPT0100,A007,2026-07-15,2026-07-16,Access Request,Critical,Completed,22,24,Within SLA,2.45,0,Operations
REQ000559,RPT0079,A008,2026-03-27,2026-03-31,Change Request,Low,In Progress,102,120,Within SLA,4.38,1,Compliance
REQ000560,RPT0109,A020,2026-06-20,2026-06-22,Change Request,Medium,Completed,56,72,Within SLA,2.47,0,Client Services
REQ000561,RPT0025,A008,2026-04-11,2026-04-12,Report Issue,Medium,Completed,36,72,Within SLA,4.07,0,Finance
REQ000562,RPT0086,A007,2026-07-09,2026-07-10,Access Request,High,Completed,25,48,Within SLA,14.19,0,Compliance
REQ000563,RPT0042,A015,2024-11-11,2024-11-15,New Report,Low,Cancelled,80,120,Within SLA,6.11,0,Compliance
REQ000564,RPT0051,A020,2026-04-17,2026-04-20,Access Request,Medium,Completed,59,72,Within SLA,2.64,1,Legal
REQ000565,RPT0106,A002,2025-07-17,2025-07-17,Report Enhancement,Medium,In Progress,14,72,Within SLA,7.7,0,Compliance
REQ000566,RPT0081,A002,2025-02-06,2025-02-07,Report Enhancement,Medium,Cancelled,14,72,Within SLA,2.5,0,Compliance
REQ000567,RPT0055,A010,2025-01-04,2025-01-07,Data Correction,Medium,Pending,61,72,Within SLA,0.8,0,Finance
REQ000568,RPT0065,A004,2026-05-07,2026-05-10,Report Issue,Medium,Completed,65,72,Within SLA,1.64,0,Risk
REQ000569,RPT0004,A006,2026-02-12,2026-02-13,Report Enhancement,High,In Progress,16,48,Within SLA,0.9,0,Client Services
REQ000570,RPT0117,A023,2025-09-27,2025-10-01,Report Enhancement,High,Pending,111,48,Breached,2.6,1,Risk
REQ000571,RPT0091,A013,2025-08-16,2025-08-18,Report Issue,High,Completed,36,48,Within SLA,3.36,0,Legal
REQ000572,RPT0073,A022,2024-09-29,2024-10-01,Report Enhancement,High,Completed,64,48,Breached,10.73,2,Risk
REQ000573,RPT0099,A015,2025-10-27,2025-10-28,Change Request,High,Completed,11,48,Within SLA,4.17,0,Sales
REQ000574,RPT0064,A016,2025-03-02,2025-03-08,Report Issue,Low,Pending,147,120,Breached,2.85,0,Legal
REQ000575,RPT0053,A015,2026-08-03,2026-08-04,New Report,Medium,Completed,25,72,Within SLA,5.93,0,Operations
REQ000576,RPT0105,A007,2026-06-10,2026-06-12,Report Enhancement,Medium,Completed,47,72,Within SLA,0.71,1,Finance
REQ000577,RPT0108,A020,2024-11-23,2024-11-25,Change Request,Low,In Progress,56,120,Within SLA,3.92,1,Sales
REQ000578,RPT0037,A020,2025-08-10,2025-08-11,Data Correction,High,Completed,34,48,Within SLA,5.7,0,Legal
REQ000579,RPT0039,A011,2024-12-02,2024-12-03,Change Request,Critical,In Progress,13,24,Within SLA,1.18,0,Human Resources
REQ000580,RPT0089,A009,2026-05-05,2026-05-10,Access Request,High,In Progress,129,48,Breached,7.39,0,Human Resources
REQ000581,RPT0094,A021,2025-08-16,2025-08-17,Report Enhancement,Medium,Completed,25,72,Within SLA,4.21,0,Legal
REQ000582,RPT0055,A020,2026-01-21,2026-01-24,New Report,Medium,In Progress,71,72,Within SLA,2.48,1,Human Resources
REQ000583,RPT0064,A017,2025-10-07,2025-10-08,Data Correction,Medium,Cancelled,34,72,Within SLA,5.17,1,Client Services
REQ000584,RPT0001,A004,2025-10-29,2025-10-30,Access Request,High,Pending,22,48,Within SLA,16.27,3,Finance
REQ000585,RPT0054,A014,2025-11-26,2025-11-29,Access Request,Medium,Completed,66,72,Within SLA,3.77,1,Finance
REQ000586,RPT0033,A003,2025-04-24,2025-04-26,Data Correction,Medium,Pending,50,72,Within SLA,3.95,1,Sales
REQ000587,RPT0093,A019,2026-03-30,2026-04-01,Data Correction,Medium,Completed,36,72,Within SLA,2.41,0,Finance
REQ000588,RPT0005,A021,2026-07-14,2026-07-18,Change Request,Low,Pending,110,120,Within SLA,1.83,0,Risk
REQ000589,RPT0105,A014,2025-07-30,2025-08-03,Access Request,Low,Completed,92,120,Within SLA,5.94,0,Finance
REQ000590,RPT0074,A022,2025-12-09,2025-12-11,Report Enhancement,Medium,In Progress,32,72,Within SLA,1.82,0,Human Resources
REQ000591,RPT0069,A006,2026-05-16,2026-05-17,Data Correction,Low,Completed,27,120,Within SLA,3.49,0,Technology
REQ000592,RPT0091,A002,2026-03-02,2026-03-05,Change Request,Medium,Pending,60,72,Within SLA,2.38,2,Sales
REQ000593,RPT0028,A017,2026-07-14,2026-07-17,Access Request,Low,Pending,71,120,Within SLA,4.64,3,Sales
REQ000594,RPT0004,A016,2025-09-17,2025-09-19,Change Request,Low,In Progress,49,120,Within SLA,4.19,0,Legal
REQ000595,RPT0042,A005,2025-07-18,2025-07-23,Change Request,Low,Pending,117,120,Within SLA,6.86,0,Operations
REQ000596,RPT0067,A004,2026-05-28,2026-06-04,Report Enhancement,Medium,Completed,174,72,Breached,2.32,1,Finance
REQ000597,RPT0114,A002,2026-07-26,2026-07-28,Data Correction,High,In Progress,46,48,Within SLA,2.75,0,Operations
REQ000598,RPT0115,A007,2025-10-20,2025-10-20,Report Enhancement,High,In Progress,9,48,Within SLA,1.67,0,Human Resources
REQ000599,RPT0035,A005,2025-08-02,2025-08-05,Change Request,Low,Completed,64,120,Within SLA,2.43,1,Risk
REQ000600,RPT0045,A018,2026-07-18,2026-07-22,Data Correction,Low,Cancelled,95,120,Within SLA,4.32,0,Human Resources
REQ000601,RPT0040,A020,2024-12-22,2024-12-25,Data Correction,Low,In Progress,60,120,Within SLA,5.64,0,Human Resources
REQ000602,RPT0050,A002,2026-03-21,2026-03-23,Report Enhancement,Medium,Completed,42,72,Within SLA,1.74,0,Operations
REQ000603,RPT0090,A015,2026-06-21,2026-06-24,Access Request,Medium,In Progress,69,72,Within SLA,6.1,2,Human Resources
REQ000604,RPT0119,A025,2025-08-24,2025-08-27,Data Correction,Medium,Completed,60,72,Within SLA,8.58,0,Client Services
REQ000605,RPT0088,A021,2025-08-05,2025-08-10,Report Enhancement,Low,Pending,113,120,Within SLA,4.43,0,Client Services
REQ000606,RPT0024,A023,2025-03-10,2025-03-14,Access Request,Low,Completed,102,120,Within SLA,12.35,0,Human Resources
REQ000607,RPT0022,A010,2026-03-27,2026-04-02,Data Correction,Medium,Completed,126,72,Breached,1.93,0,Human Resources
REQ000608,RPT0042,A018,2025-03-01,2025-03-02,Report Enhancement,Medium,Completed,37,72,Within SLA,1.39,1,Operations
REQ000609,RPT0021,A016,2026-06-04,2026-06-05,Data Correction,Medium,Completed,38,72,Within SLA,0.96,0,Technology
REQ000610,RPT0073,A011,2025-12-29,2025-12-31,New Report,Medium,Pending,49,72,Within SLA,9.46,4,Legal
REQ000611,RPT0108,A016,2025-03-24,2025-03-25,Report Issue,Low,In Progress,33,120,Within SLA,5.25,1,Operations
REQ000612,RPT0052,A003,2026-04-07,2026-04-08,Report Enhancement,Medium,Completed,18,72,Within SLA,3.19,0,Operations
REQ000613,RPT0008,A003,2026-04-17,2026-04-18,Report Issue,High,In Progress,32,48,Within SLA,4.04,1,Compliance
REQ000614,RPT0085,A005,2025-09-29,2025-10-01,Change Request,High,Pending,48,48,Within SLA,1.51,1,Client Services
REQ000615,RPT0041,A010,2025-09-01,2025-09-03,Report Enhancement,Medium,Completed,40,72,Within SLA,18.39,1,Sales
REQ000616,RPT0066,A013,2025-12-20,2025-12-21,Access Request,High,Pending,13,48,Within SLA,3.63,1,Risk
REQ000617,RPT0046,A004,2025-02-22,2025-02-27,Data Correction,Low,Pending,120,120,Within SLA,3.58,2,Sales
REQ000618,RPT0052,A013,2025-03-22,2025-03-25,New Report,Low,In Progress,74,120,Within SLA,5.52,1,Technology
REQ000619,RPT0119,A012,2025-07-28,2025-07-30,Report Enhancement,Low,Completed,41,120,Within SLA,4.65,0,Technology
REQ000620,RPT0019,A024,2024-10-20,2024-10-21,Change Request,Medium,Pending,40,72,Within SLA,3.88,1,Client Services
REQ000621,RPT0115,A023,2026-02-26,2026-02-28,Report Issue,Medium,Cancelled,51,72,Within SLA,1.91,2,Technology
REQ000622,RPT0029,A006,2025-03-30,2025-04-03,Report Enhancement,Low,Completed,94,120,Within SLA,4.62,0,Technology
REQ000623,RPT0053,A018,2025-02-19,2025-02-24,Report Enhancement,Low,Completed,117,120,Within SLA,12.4,0,Human Resources
REQ000624,RPT0089,A003,2025-03-20,2025-03-21,New Report,Critical,Completed,24,24,Within SLA,8.51,1,Risk
REQ000625,RPT0114,A020,2025-05-08,2025-05-09,Report Issue,High,Cancelled,25,48,Within SLA,10.13,0,Operations
REQ000626,RPT0075,A010,2025-04-26,2025-05-05,Change Request,Medium,In Progress,216,72,Breached,2.32,0,Finance
REQ000627,RPT0094,A011,2026-07-15,2026-07-17,Data Correction,Medium,Completed,41,72,Within SLA,1.66,0,Technology
REQ000628,RPT0077,A024,2025-10-14,2025-10-15,Data Correction,Critical,In Progress,11,24,Within SLA,3.04,1,Sales
REQ000629,RPT0007,A022,2024-10-22,2024-10-24,Report Issue,High,Completed,48,48,Within SLA,3.45,0,Sales
REQ000630,RPT0036,A009,2024-12-06,2024-12-07,Report Issue,Medium,Completed,34,72,Within SLA,7.14,2,Risk
REQ000631,RPT0117,A019,2024-12-16,2024-12-16,Report Enhancement,Medium,Pending,12,72,Within SLA,1.02,1,Risk
REQ000632,RPT0024,A017,2025-02-16,2025-02-17,Report Issue,Medium,Pending,28,72,Within SLA,9.69,0,Finance
REQ000633,RPT0064,A025,2025-06-14,2025-06-15,Data Correction,Critical,Cancelled,21,24,Within SLA,2.97,0,Technology
REQ000634,RPT0108,A012,2026-02-11,2026-02-15,Access Request,Low,Completed,105,120,Within SLA,2.46,1,Finance
REQ000635,RPT0039,A016,2024-12-17,2024-12-18,Report Issue,Medium,Pending,15,72,Within SLA,1.63,0,Legal
REQ000636,RPT0056,A001,2026-02-20,2026-02-22,Change Request,Medium,In Progress,42,72,Within SLA,1.04,0,Sales
REQ000637,RPT0118,A018,2025-02-03,2025-02-05,Access Request,Medium,Completed,45,72,Within SLA,5.91,0,Human Resources
REQ000638,RPT0013,A009,2024-10-09,2024-10-11,Access Request,Medium,In Progress,29,72,Within SLA,3.49,0,Technology
REQ000639,RPT0087,A023,2025-07-09,2025-07-11,Access Request,High,In Progress,45,48,Within SLA,1.35,0,Risk
REQ000640,RPT0014,A022,2025-07-03,2025-07-11,Data Correction,Medium,In Progress,195,72,Breached,1.34,0,Client Services
REQ000641,RPT0077,A022,2025-05-05,2025-05-13,Data Correction,Low,Completed,192,120,Breached,2.62,0,Compliance
REQ000642,RPT0085,A025,2025-10-16,2025-10-19,Report Enhancement,Medium,In Progress,76,72,Breached,10.68,0,Risk
REQ000643,RPT0059,A009,2025-08-17,2025-08-19,New Report,Medium,Completed,41,72,Within SLA,2.77,0,Technology
REQ000644,RPT0036,A025,2025-07-09,2025-07-11,Report Issue,High,In Progress,28,48,Within SLA,1.16,1,Finance
REQ000645,RPT0057,A003,2024-10-08,2024-10-09,Access Request,Medium,Cancelled,28,72,Within SLA,2.8,0,Client Services
REQ000646,RPT0028,A020,2025-01-28,2025-02-04,Change Request,Medium,Completed,172,72,Breached,2.74,1,Operations
REQ000647,RPT0058,A001,2026-05-29,2026-05-31,Access Request,High,Completed,48,48,Within SLA,0.5,0,Client Services
REQ000648,RPT0090,A011,2025-07-13,2025-07-13,Change Request,Medium,Completed,14,72,Within SLA,3.2,0,Technology
REQ000649,RPT0094,A025,2025-06-19,2025-06-23,Report Enhancement,Low,In Progress,86,120,Within SLA,2.82,0,Operations
REQ000650,RPT0073,A018,2026-07-24,2026-07-29,Report Enhancement,Low,Completed,112,120,Within SLA,5.41,0,Human Resources
REQ000651,RPT0047,A018,2026-04-10,2026-04-13,Data Correction,Medium,Completed,52,72,Within SLA,12.11,1,Human Resources
REQ000652,RPT0006,A013,2025-11-17,2025-11-18,New Report,High,In Progress,26,48,Within SLA,7.31,0,Compliance
REQ000653,RPT0114,A021,2026-02-12,2026-02-14,Data Correction,Medium,Pending,52,72,Within SLA,2.75,0,Client Services
REQ000654,RPT0063,A013,2024-09-05,2024-09-06,Report Issue,Low,Completed,27,120,Within SLA,1.53,1,Operations
REQ000655,RPT0003,A002,2026-06-17,2026-06-20,Report Enhancement,Medium,Completed,65,72,Within SLA,20.11,3,Human Resources
REQ000656,RPT0059,A022,2026-07-06,2026-07-12,New Report,Medium,In Progress,148,72,Breached,3.46,1,Legal
REQ000657,RPT0003,A016,2026-04-07,2026-04-08,Change Request,High,Completed,24,48,Within SLA,3.35,0,Finance
REQ000658,RPT0106,A004,2025-11-11,2025-11-11,Change Request,High,Completed,19,48,Within SLA,3.26,2,Client Services
REQ000659,RPT0029,A003,2025-06-12,2025-06-18,Report Enhancement,Low,Completed,148,120,Breached,3.81,1,Compliance
REQ000660,RPT0088,A019,2025-08-26,2025-08-28,Access Request,Medium,Pending,59,72,Within SLA,3.0,0,Legal
REQ000661,RPT0043,A003,2024-08-25,2024-08-26,Change Request,Medium,Cancelled,25,72,Within SLA,2.22,1,Operations
REQ000662,RPT0032,A019,2025-05-21,2025-05-25,Data Correction,Low,Completed,113,120,Within SLA,2.26,0,Finance
REQ000663,RPT0113,A016,2025-04-09,2025-04-14,Change Request,Low,Pending,102,120,Within SLA,3.24,0,Operations
REQ000664,RPT0054,A023,2026-03-29,2026-04-02,New Report,Low,Pending,114,120,Within SLA,2.27,2,Client Services
REQ000665,RPT0023,A020,2025-06-19,2025-06-22,Report Issue,Low,Completed,58,120,Within SLA,2.02,0,Finance
REQ000666,RPT0045,A014,2026-06-14,2026-06-16,Report Enhancement,Low,Completed,35,120,Within SLA,3.58,1,Finance
REQ000667,RPT0111,A025,2026-07-14,2026-07-18,Report Enhancement,Low,Completed,91,120,Within SLA,2.78,1,Legal
REQ000668,RPT0015,A005,2026-06-01,2026-06-05,Report Enhancement,Low,In Progress,108,120,Within SLA,9.51,0,Client Services
REQ000669,RPT0056,A009,2025-07-12,2025-07-16,Access Request,Low,In Progress,87,120,Within SLA,0.52,0,Human Resources
REQ000670,RPT0023,A006,2025-10-13,2025-10-13,Report Enhancement,High,In Progress,20,48,Within SLA,7.13,3,Finance
REQ000671,RPT0042,A014,2026-03-24,2026-03-25,Access Request,Medium,Completed,27,72,Within SLA,7.94,1,Compliance
REQ000672,RPT0095,A014,2026-03-14,2026-03-19,Report Issue,Medium,Completed,122,72,Breached,0.78,0,Compliance
REQ000673,RPT0019,A007,2025-10-19,2025-10-21,Access Request,High,Completed,45,48,Within SLA,2.61,2,Client Services
REQ000674,RPT0035,A007,2026-05-04,2026-05-06,Change Request,Medium,Completed,58,72,Within SLA,2.56,0,Human Resources
REQ000675,RPT0022,A025,2025-12-02,2025-12-09,Change Request,Low,Completed,177,120,Breached,1.24,0,Human Resources
REQ000676,RPT0074,A018,2026-07-19,2026-07-21,Change Request,High,Completed,48,48,Within SLA,1.93,2,Compliance
REQ000677,RPT0108,A015,2025-02-08,2025-02-11,New Report,Medium,Completed,67,72,Within SLA,1.53,1,Sales
REQ000678,RPT0029,A019,2025-09-04,2025-09-05,New Report,High,In Progress,23,48,Within SLA,11.32,0,Risk
REQ000679,RPT0065,A002,2025-02-07,2025-02-08,Report Enhancement,High,Completed,30,48,Within SLA,6.39,1,Technology
REQ000680,RPT0031,A003,2025-03-21,2025-03-23,Report Enhancement,Medium,Pending,56,72,Within SLA,8.09,0,Legal
REQ000681,RPT0012,A001,2025-07-25,2025-07-28,New Report,Medium,Completed,75,72,Breached,5.5,0,Client Services
REQ000682,RPT0059,A015,2025-09-02,2025-09-04,Report Issue,Medium,In Progress,66,72,Within SLA,1.51,1,Risk
REQ000683,RPT0001,A021,2024-09-12,2024-09-14,Report Issue,Medium,In Progress,35,72,Within SLA,2.3,1,Operations
REQ000684,RPT0090,A020,2025-06-19,2025-06-19,Access Request,High,Completed,10,48,Within SLA,4.68,1,Legal
REQ000685,RPT0120,A002,2025-05-09,2025-05-09,Report Enhancement,High,In Progress,13,48,Within SLA,1.41,0,Legal
REQ000686,RPT0047,A012,2026-01-22,2026-01-24,Report Issue,Medium,Completed,36,72,Within SLA,5.47,1,Risk
REQ000687,RPT0043,A008,2026-01-30,2026-02-01,Report Issue,Medium,Completed,57,72,Within SLA,2.81,0,Legal
REQ000688,RPT0027,A025,2026-05-02,2026-05-05,New Report,Medium,In Progress,60,72,Within SLA,2.55,3,Compliance
REQ000689,RPT0048,A012,2025-07-01,2025-07-03,Data Correction,Medium,Completed,55,72,Within SLA,5.46,0,Client Services
REQ000690,RPT0069,A010,2026-03-06,2026-03-08,Access Request,Medium,Pending,42,72,Within SLA,4.53,1,Client Services
REQ000691,RPT0009,A007,2024-12-27,2024-12-29,Report Enhancement,Medium,In Progress,56,72,Within SLA,2.58,3,Client Services
REQ000692,RPT0022,A009,2026-06-04,2026-06-07,New Report,Low,Pending,60,120,Within SLA,7.47,0,Operations
REQ000693,RPT0038,A014,2025-08-19,2025-08-21,Report Issue,Low,Completed,50,120,Within SLA,1.56,1,Legal
REQ000694,RPT0009,A001,2026-08-05,2026-08-07,Change Request,Medium,Completed,59,72,Within SLA,5.11,0,Compliance
REQ000695,RPT0063,A019,2024-11-28,2024-11-29,Report Enhancement,Medium,Completed,33,72,Within SLA,5.03,1,Legal
REQ000696,RPT0102,A009,2025-12-17,2025-12-18,Report Enhancement,Medium,Completed,20,72,Within SLA,2.67,0,Compliance
REQ000697,RPT0022,A020,2025-10-09,2025-10-18,Access Request,Medium,Completed,198,72,Breached,4.17,0,Risk
REQ000698,RPT0086,A005,2024-09-10,2024-09-11,Report Issue,Medium,Completed,23,72,Within SLA,1.38,1,Risk
REQ000699,RPT0027,A018,2026-07-26,2026-08-07,Change Request,Low,Cancelled,291,120,Breached,6.34,0,Finance
REQ000700,RPT0069,A010,2025-06-23,2025-06-24,Report Issue,Medium,Completed,35,72,Within SLA,2.92,3,Operations
REQ000701,RPT0020,A001,2025-11-23,2025-11-24,New Report,Medium,Completed,21,72,Within SLA,2.3,3,Legal
REQ000702,RPT0097,A019,2025-11-02,2025-11-04,Report Enhancement,Medium,In Progress,42,72,Within SLA,6.92,3,Risk
REQ000703,RPT0116,A002,2026-01-17,2026-01-19,Report Enhancement,High,Pending,29,48,Within SLA,2.03,1,Risk
REQ000704,RPT0046,A003,2024-09-11,2024-09-12,Report Issue,Medium,Completed,37,72,Within SLA,1.24,0,Human Resources
REQ000705,RPT0036,A007,2024-10-25,2024-10-27,New Report,Medium,Completed,45,72,Within SLA,1.12,3,Finance
REQ000706,RPT0051,A007,2026-01-02,2026-01-04,New Report,Medium,Completed,54,72,Within SLA,5.07,3,Client Services
REQ000707,RPT0019,A023,2025-07-19,2025-07-20,Data Correction,Medium,Completed,15,72,Within SLA,1.35,0,Technology
REQ000708,RPT0112,A018,2024-12-04,2024-12-05,Data Correction,Medium,Completed,34,72,Within SLA,11.34,3,Operations
REQ000709,RPT0104,A024,2026-06-25,2026-06-26,Change Request,High,Completed,34,48,Within SLA,0.77,0,Technology
REQ000710,RPT0039,A016,2025-08-14,2025-08-16,Report Issue,High,Completed,45,48,Within SLA,10.89,0,Legal
REQ000711,RPT0082,A009,2025-01-09,2025-01-14,Data Correction,Low,Cancelled,120,120,Within SLA,3.85,0,Technology
REQ000712,RPT0107,A013,2024-09-29,2024-10-01,Change Request,Medium,In Progress,60,72,Within SLA,3.1,0,Sales
REQ000713,RPT0072,A024,2025-03-11,2025-03-12,Report Enhancement,Medium,Pending,31,72,Within SLA,2.27,0,Client Services
REQ000714,RPT0082,A016,2025-06-11,2025-06-13,Change Request,Low,Completed,57,120,Within SLA,4.39,1,Operations
REQ000715,RPT0032,A001,2025-05-02,2025-05-03,Report Issue,Medium,Completed,23,72,Within SLA,3.23,1,Operations
REQ000716,RPT0073,A014,2025-02-01,2025-02-03,Data Correction,Medium,Cancelled,50,72,Within SLA,7.19,1,Sales
REQ000717,RPT0003,A009,2025-08-09,2025-08-19,Report Issue,Medium,Cancelled,256,72,Breached,3.6,1,Risk
REQ000718,RPT0047,A014,2025-05-01,2025-05-11,Report Enhancement,Low,Completed,224,120,Breached,3.69,0,Human Resources
REQ000719,RPT0024,A025,2025-05-10,2025-05-16,New Report,Medium,Completed,142,72,Breached,2.57,1,Operations
REQ000720,RPT0039,A009,2026-04-04,2026-04-05,Report Enhancement,High,Completed,28,48,Within SLA,3.19,1,Human Resources
REQ000721,RPT0100,A016,2026-07-05,2026-07-08,New Report,Medium,Completed,84,72,Breached,4.12,0,Technology
REQ000722,RPT0025,A018,2025-06-11,2025-06-12,Data Correction,High,Completed,21,48,Within SLA,1.0,0,Legal
REQ000723,RPT0015,A005,2025-03-25,2025-03-25,Report Enhancement,High,In Progress,15,48,Within SLA,1.29,2,Finance
REQ000724,RPT0077,A017,2026-03-28,2026-03-28,Access Request,Medium,In Progress,20,72,Within SLA,5.59,2,Human Resources
REQ000725,RPT0019,A023,2026-05-29,2026-05-29,Change Request,High,Completed,15,48,Within SLA,3.74,2,Compliance
REQ000726,RPT0015,A003,2025-07-14,2025-07-15,Data Correction,Low,Completed,34,120,Within SLA,2.92,1,Finance
REQ000727,RPT0008,A016,2025-03-04,2025-03-07,Access Request,High,Completed,56,48,Breached,3.36,0,Operations
REQ000728,RPT0118,A020,2026-05-31,2026-06-01,Data Correction,Low,Completed,25,120,Within SLA,4.23,1,Compliance
REQ000729,RPT0036,A019,2024-10-23,2024-10-26,Report Enhancement,High,Completed,60,48,Breached,2.28,2,Human Resources
REQ000730,RPT0009,A004,2025-08-21,2025-08-26,Data Correction,Low,Completed,117,120,Within SLA,1.93,0,Finance
REQ000731,RPT0001,A024,2024-09-05,2024-09-07,Report Enhancement,Low,Completed,60,120,Within SLA,3.81,1,Operations
REQ000732,RPT0057,A022,2026-03-25,2026-03-27,Change Request,High,Pending,38,48,Within SLA,1.67,1,Operations
REQ000733,RPT0015,A025,2025-10-13,2025-10-15,Change Request,High,Cancelled,35,48,Within SLA,4.42,0,Human Resources
REQ000734,RPT0072,A024,2024-09-30,2024-10-02,New Report,Medium,Completed,43,72,Within SLA,1.01,1,Finance
REQ000735,RPT0088,A015,2025-05-19,2025-05-21,New Report,Medium,Completed,30,72,Within SLA,6.82,1,Compliance
REQ000736,RPT0108,A016,2025-02-11,2025-02-12,Report Enhancement,Medium,Cancelled,39,72,Within SLA,4.62,0,Human Resources
REQ000737,RPT0087,A003,2026-01-07,2026-01-21,Change Request,Low,In Progress,330,120,Breached,3.97,0,Operations
REQ000738,RPT0022,A003,2024-10-13,2024-10-14,Change Request,Medium,In Progress,18,72,Within SLA,6.61,2,Human Resources
REQ000739,RPT0036,A025,2026-04-19,2026-04-24,Change Request,Medium,Completed,111,72,Breached,10.65,1,Sales
REQ000740,RPT0066,A009,2026-01-09,2026-01-11,Report Issue,High,Completed,46,48,Within SLA,6.75,4,Risk
REQ000741,RPT0004,A004,2024-09-21,2024-09-24,Access Request,Low,Completed,87,120,Within SLA,0.92,3,Finance
REQ000742,RPT0020,A010,2026-03-29,2026-03-30,New Report,Medium,Completed,23,72,Within SLA,1.36,1,Operations
REQ000743,RPT0085,A016,2024-09-14,2024-09-15,New Report,Medium,Completed,43,72,Within SLA,2.14,0,Client Services
REQ000744,RPT0098,A002,2025-03-01,2025-03-03,Report Enhancement,Medium,Completed,67,72,Within SLA,3.38,0,Technology
REQ000745,RPT0023,A018,2025-01-22,2025-01-24,New Report,Medium,Completed,36,72,Within SLA,4.77,0,Sales
REQ000746,RPT0015,A019,2026-06-03,2026-06-06,Report Issue,Low,Completed,63,120,Within SLA,2.0,0,Client Services
REQ000747,RPT0065,A002,2024-09-05,2024-09-07,Report Issue,Medium,Completed,42,72,Within SLA,3.78,2,Technology
REQ000748,RPT0037,A011,2025-12-16,2025-12-18,Data Correction,Medium,Cancelled,51,72,Within SLA,1.96,1,Finance
REQ000749,RPT0004,A025,2024-12-17,2024-12-18,New Report,Medium,Completed,35,72,Within SLA,2.16,1,Human Resources
REQ000750,RPT0032,A008,2025-02-22,2025-02-25,Access Request,Low,Completed,69,120,Within SLA,1.24,0,Compliance
REQ000751,RPT0022,A001,2024-11-27,2024-12-04,Report Issue,Medium,Completed,168,72,Breached,1.74,0,Legal
REQ000752,RPT0035,A001,2025-08-23,2025-08-27,Data Correction,Low,In Progress,78,120,Within SLA,1.29,2,Client Services
REQ000753,RPT0104,A016,2026-01-22,2026-01-27,Report Enhancement,Low,Completed,97,120,Within SLA,1.68,1,Operations
REQ000754,RPT0022,A020,2024-11-17,2024-11-19,Report Issue,Medium,Completed,44,72,Within SLA,6.94,1,Sales
REQ000755,RPT0108,A018,2025-11-02,2025-11-02,Data Correction,Critical,Completed,22,24,Within SLA,1.71,1,Compliance
REQ000756,RPT0096,A003,2025-02-06,2025-02-08,Data Correction,Medium,Completed,48,72,Within SLA,20.96,0,Operations
REQ000757,RPT0045,A003,2025-08-17,2025-08-19,Report Enhancement,Medium,Completed,63,72,Within SLA,4.69,0,Sales
REQ000758,RPT0033,A020,2026-02-15,2026-02-17,Report Enhancement,High,Completed,42,48,Within SLA,3.78,0,Legal
REQ000759,RPT0024,A019,2025-03-08,2025-03-19,Access Request,Medium,Completed,272,72,Breached,1.82,0,Client Services
REQ000760,RPT0069,A020,2026-04-08,2026-04-11,Change Request,Medium,Pending,72,72,Within SLA,5.42,3,Technology
REQ000761,RPT0020,A024,2025-06-03,2025-06-04,Report Enhancement,High,Completed,20,48,Within SLA,2.22,0,Sales
REQ000762,RPT0035,A010,2024-12-29,2025-01-04,Access Request,Medium,Pending,140,72,Breached,3.62,2,Risk
REQ000763,RPT0103,A010,2025-12-04,2025-12-06,Data Correction,Medium,Completed,54,72,Within SLA,19.93,0,Client Services
REQ000764,RPT0035,A005,2025-12-05,2025-12-07,Access Request,Medium,Completed,53,72,Within SLA,3.1,0,Finance
REQ000765,RPT0093,A016,2026-03-24,2026-03-26,Data Correction,High,Completed,43,48,Within SLA,7.42,2,Finance
REQ000766,RPT0053,A012,2026-03-01,2026-03-03,New Report,High,Completed,46,48,Within SLA,2.03,0,Operations
REQ000767,RPT0065,A004,2024-11-17,2024-11-18,Access Request,High,In Progress,16,48,Within SLA,3.24,1,Legal
REQ000768,RPT0031,A020,2026-04-17,2026-04-18,Report Issue,High,Pending,41,48,Within SLA,11.47,2,Operations
REQ000769,RPT0120,A014,2026-05-19,2026-05-20,Data Correction,Medium,Completed,36,72,Within SLA,2.14,1,Compliance
REQ000770,RPT0076,A002,2024-12-26,2024-12-28,Change Request,Low,Completed,59,120,Within SLA,11.81,0,Client Services
REQ000771,RPT0032,A009,2025-04-19,2025-04-20,Report Enhancement,Medium,Pending,32,72,Within SLA,5.45,0,Risk
REQ000772,RPT0095,A022,2024-11-12,2024-11-18,Data Correction,Medium,Completed,124,72,Breached,2.24,0,Finance
REQ000773,RPT0090,A012,2025-11-13,2025-11-14,Report Issue,High,In Progress,24,48,Within SLA,5.17,0,Operations
REQ000774,RPT0118,A009,2024-09-09,2024-09-13,Report Enhancement,High,Pending,96,48,Breached,6.56,3,Sales
REQ000775,RPT0118,A015,2026-08-12,2026-08-13,New Report,High,In Progress,27,48,Within SLA,5.13,2,Human Resources
REQ000776,RPT0053,A011,2025-04-20,2025-04-28,Report Issue,Medium,Completed,201,72,Breached,1.11,0,Technology
REQ000777,RPT0105,A018,2025-11-11,2025-11-16,New Report,High,In Progress,120,48,Breached,2.0,1,Human Resources
REQ000778,RPT0102,A021,2026-01-29,2026-01-31,Access Request,Medium,In Progress,53,72,Within SLA,2.79,1,Risk
REQ000779,RPT0032,A017,2026-07-27,2026-07-28,New Report,Medium,Completed,32,72,Within SLA,3.15,0,Risk
REQ000780,RPT0018,A009,2025-06-08,2025-06-09,Report Enhancement,Medium,In Progress,32,72,Within SLA,5.13,2,Risk
REQ000781,RPT0024,A013,2025-06-25,2025-06-26,Report Issue,Medium,Completed,30,72,Within SLA,3.76,0,Technology
REQ000782,RPT0117,A003,2026-02-27,2026-03-03,Report Enhancement,Low,Pending,95,120,Within SLA,1.3,1,Client Services
REQ000783,RPT0034,A005,2025-01-22,2025-01-22,Change Request,Medium,Pending,15,72,Within SLA,4.33,0,Operations
REQ000784,RPT0118,A015,2024-10-19,2024-10-20,Data Correction,Low,Completed,25,120,Within SLA,5.09,0,Client Services
REQ000785,RPT0017,A014,2025-11-23,2025-11-26,New Report,Low,Completed,58,120,Within SLA,4.91,0,Compliance
REQ000786,RPT0053,A005,2026-02-08,2026-02-13,Report Enhancement,Low,Pending,117,120,Within SLA,7.07,0,Finance
REQ000787,RPT0088,A021,2026-05-28,2026-05-28,Data Correction,Critical,Completed,16,24,Within SLA,5.95,0,Client Services
REQ000788,RPT0028,A023,2025-12-21,2025-12-23,New Report,Low,Completed,65,120,Within SLA,4.58,0,Technology
REQ000789,RPT0120,A008,2025-02-25,2025-02-26,Report Issue,Medium,Completed,32,72,Within SLA,3.16,0,Client Services
REQ000790,RPT0001,A009,2024-11-08,2024-11-09,Data Correction,Critical,Pending,21,24,Within SLA,1.04,2,Legal
REQ000791,RPT0072,A002,2026-02-13,2026-02-15,Report Enhancement,Medium,Cancelled,54,72,Within SLA,4.48,3,Risk
REQ000792,RPT0041,A023,2026-04-13,2026-04-15,Data Correction,Low,Completed,67,120,Within SLA,3.84,0,Legal
REQ000793,RPT0107,A009,2025-04-12,2025-04-13,Access Request,Low,Completed,29,120,Within SLA,4.02,0,Human Resources
REQ000794,RPT0067,A011,2026-06-12,2026-06-14,Access Request,Medium,Pending,51,72,Within SLA,1.36,3,Technology
REQ000795,RPT0119,A022,2026-02-03,2026-02-05,Change Request,Medium,Cancelled,60,72,Within SLA,1.56,1,Client Services
REQ000796,RPT0060,A014,2025-11-30,2025-12-06,New Report,Low,Completed,141,120,Breached,6.94,0,Operations
REQ000797,RPT0015,A024,2026-05-08,2026-05-13,Access Request,Low,Completed,114,120,Within SLA,3.23,0,Risk
REQ000798,RPT0066,A009,2024-11-23,2024-11-24,New Report,Medium,Completed,30,72,Within SLA,5.35,0,Compliance
REQ000799,RPT0032,A025,2026-05-01,2026-05-02,Report Enhancement,Critical,Completed,20,24,Within SLA,3.39,3,Client Services
REQ000800,RPT0051,A012,2025-11-03,2025-11-06,Report Issue,Low,Completed,60,120,Within SLA,3.39,1,Operations
REQ000801,RPT0035,A020,2026-04-20,2026-04-25,Data Correction,Low,Completed,114,120,Within SLA,6.4,0,Finance
REQ000802,RPT0094,A019,2024-09-21,2024-09-22,Data Correction,Critical,In Progress,16,24,Within SLA,2.31,1,Risk
REQ000803,RPT0010,A018,2025-05-17,2025-05-18,Change Request,High,Pending,26,48,Within SLA,3.55,0,Technology
REQ000804,RPT0110,A007,2025-10-08,2025-10-11,New Report,Medium,Completed,61,72,Within SLA,2.4,0,Risk
REQ000805,RPT0095,A010,2025-07-19,2025-07-21,Access Request,High,Completed,51,48,Breached,2.45,2,Risk
REQ000806,RPT0050,A016,2026-01-16,2026-01-18,Data Correction,Medium,Pending,44,72,Within SLA,2.67,0,Sales
REQ000807,RPT0056,A021,2025-06-04,2025-06-06,Report Enhancement,Medium,Completed,39,72,Within SLA,3.88,1,Technology
REQ000808,RPT0092,A005,2024-10-13,2024-10-17,New Report,Low,Completed,83,120,Within SLA,2.37,1,Client Services
REQ000809,RPT0103,A016,2025-09-17,2025-09-19,Report Enhancement,Medium,Completed,30,72,Within SLA,8.0,0,Sales
REQ000810,RPT0038,A019,2026-01-05,2026-01-06,Change Request,Critical,In Progress,11,24,Within SLA,1.77,0,Finance
REQ000811,RPT0060,A022,2025-05-13,2025-05-14,Report Enhancement,Low,Completed,37,120,Within SLA,2.91,0,Sales
REQ000812,RPT0023,A006,2024-08-30,2024-09-07,Data Correction,Medium,Completed,176,72,Breached,2.44,1,Technology
REQ000813,RPT0097,A022,2026-06-11,2026-06-14,New Report,Low,Pending,62,120,Within SLA,9.14,1,Client Services
REQ000814,RPT0078,A009,2025-07-13,2025-07-14,Report Enhancement,High,Completed,19,48,Within SLA,3.81,0,Operations
REQ000815,RPT0089,A013,2026-05-21,2026-05-24,Access Request,Medium,Completed,76,72,Breached,6.84,0,Client Services
REQ000816,RPT0087,A013,2025-09-05,2025-09-07,Data Correction,Medium,Cancelled,35,72,Within SLA,1.17,3,Sales
REQ000817,RPT0025,A001,2024-11-10,2024-11-12,New Report,Low,Completed,38,120,Within SLA,4.0,1,Compliance
REQ000818,RPT0069,A007,2025-07-23,2025-07-25,Access Request,Medium,Completed,39,72,Within SLA,6.19,2,Operations
REQ000819,RPT0095,A023,2025-05-29,2025-06-01,Data Correction,High,Completed,70,48,Breached,3.52,2,Client Services
REQ000820,RPT0107,A013,2025-12-27,2025-12-29,Access Request,Medium,Pending,49,72,Within SLA,7.0,0,Finance
REQ000821,RPT0064,A024,2026-07-14,2026-07-19,Data Correction,Low,Completed,115,120,Within SLA,2.31,0,Legal
REQ000822,RPT0087,A016,2026-05-26,2026-05-30,Data Correction,Low,Completed,89,120,Within SLA,8.9,1,Compliance
REQ000823,RPT0115,A021,2025-08-13,2025-08-17,Report Issue,Low,Completed,97,120,Within SLA,16.6,0,Technology
REQ000824,RPT0003,A006,2026-02-21,2026-02-25,Access Request,Low,Completed,106,120,Within SLA,2.58,1,Sales
REQ000825,RPT0088,A011,2024-12-17,2024-12-20,Report Issue,Low,Completed,53,120,Within SLA,2.43,1,Client Services
REQ000826,RPT0087,A021,2025-07-25,2025-07-26,Change Request,High,In Progress,32,48,Within SLA,9.18,2,Human Resources
REQ000827,RPT0012,A022,2025-01-04,2025-01-06,Access Request,High,Pending,47,48,Within SLA,10.03,1,Client Services
REQ000828,RPT0064,A010,2026-03-13,2026-03-24,Change Request,Low,Completed,258,120,Breached,2.3,3,Compliance
REQ000829,RPT0021,A006,2025-09-30,2025-10-01,Change Request,Medium,Cancelled,34,72,Within SLA,2.47,0,Legal
REQ000830,RPT0029,A016,2026-01-08,2026-01-08,New Report,High,Completed,15,48,Within SLA,2.73,0,Sales
REQ000831,RPT0089,A017,2025-03-18,2025-03-20,Data Correction,High,In Progress,43,48,Within SLA,1.3,0,Operations
REQ000832,RPT0014,A020,2025-12-12,2025-12-15,Report Issue,Low,Pending,82,120,Within SLA,1.75,1,Operations
REQ000833,RPT0021,A024,2026-05-10,2026-05-19,Report Enhancement,Low,Completed,208,120,Breached,1.64,2,Sales
REQ000834,RPT0047,A011,2026-08-05,2026-08-07,Report Issue,Medium,Completed,58,72,Within SLA,1.94,0,Risk
REQ000835,RPT0107,A016,2025-10-13,2025-10-14,New Report,High,Completed,34,48,Within SLA,3.24,0,Human Resources
REQ000836,RPT0081,A022,2026-04-14,2026-04-16,Data Correction,Medium,Completed,35,72,Within SLA,3.91,0,Compliance
REQ000837,RPT0053,A015,2025-08-31,2025-09-03,Change Request,High,Completed,66,48,Breached,9.83,0,Legal
REQ000838,RPT0067,A003,2025-08-17,2025-08-17,Report Issue,Medium,Completed,21,72,Within SLA,1.65,1,Operations
REQ000839,RPT0005,A022,2025-07-25,2025-07-26,Data Correction,Medium,Cancelled,22,72,Within SLA,6.61,0,Risk
REQ000840,RPT0038,A014,2026-05-24,2026-05-29,Report Enhancement,Low,Completed,115,120,Within SLA,2.86,2,Technology
REQ000841,RPT0036,A017,2026-03-11,2026-03-12,Report Issue,High,Pending,28,48,Within SLA,3.21,0,Risk
REQ000842,RPT0084,A015,2025-11-24,2025-11-27,Report Issue,Medium,Completed,68,72,Within SLA,5.32,1,Human Resources
REQ000843,RPT0093,A024,2025-03-17,2025-03-22,Report Issue,Medium,Completed,124,72,Breached,1.51,0,Risk
REQ000844,RPT0044,A025,2025-04-28,2025-04-28,Report Enhancement,Critical,Completed,4,24,Within SLA,4.34,0,Risk
REQ000845,RPT0039,A024,2026-06-13,2026-06-17,New Report,Low,In Progress,99,120,Within SLA,3.73,2,Technology
REQ000846,RPT0016,A002,2025-02-27,2025-03-02,Report Enhancement,Low,Completed,71,120,Within SLA,4.69,0,Operations
REQ000847,RPT0096,A019,2026-05-28,2026-05-29,Access Request,Medium,In Progress,41,72,Within SLA,4.07,0,Legal
REQ000848,RPT0087,A005,2026-08-16,2026-08-21,Report Enhancement,Low,Completed,109,120,Within SLA,18.52,1,Technology
REQ000849,RPT0047,A015,2024-10-27,2024-10-29,Report Enhancement,High,Completed,41,48,Within SLA,2.12,2,Operations
REQ000850,RPT0061,A007,2025-03-25,2025-03-27,Change Request,High,Pending,39,48,Within SLA,2.29,2,Client Services
REQ000851,RPT0112,A009,2026-07-06,2026-07-08,New Report,Medium,Completed,49,72,Within SLA,2.15,1,Client Services
REQ000852,RPT0054,A006,2025-08-06,2025-08-09,Report Issue,Medium,Completed,71,72,Within SLA,2.25,1,Risk
REQ000853,RPT0068,A004,2025-02-26,2025-02-28,Report Enhancement,Low,In Progress,40,120,Within SLA,2.13,0,Compliance
REQ000854,RPT0016,A020,2026-03-26,2026-03-29,Access Request,Medium,In Progress,72,72,Within SLA,7.63,3,Technology
REQ000855,RPT0040,A012,2025-08-16,2025-08-18,New Report,Low,Completed,29,120,Within SLA,8.97,0,Sales
REQ000856,RPT0120,A010,2025-11-06,2025-11-07,Data Correction,Medium,In Progress,21,72,Within SLA,2.23,0,Sales
REQ000857,RPT0006,A014,2025-12-08,2025-12-11,Change Request,Low,In Progress,72,120,Within SLA,1.85,0,Client Services
REQ000858,RPT0093,A020,2026-01-22,2026-01-23,Report Enhancement,Medium,Completed,33,72,Within SLA,4.62,0,Risk
REQ000859,RPT0094,A011,2025-06-11,2025-06-13,Change Request,Medium,Completed,40,72,Within SLA,2.26,0,Operations
REQ000860,RPT0006,A022,2025-05-09,2025-05-10,Report Enhancement,Medium,Completed,26,72,Within SLA,5.17,0,Client Services
REQ000861,RPT0102,A025,2024-09-12,2024-09-13,Report Issue,Medium,Completed,22,72,Within SLA,3.83,1,Sales
REQ000862,RPT0074,A025,2025-09-08,2025-09-09,Report Enhancement,Medium,Completed,17,72,Within SLA,1.15,1,Finance
REQ000863,RPT0120,A018,2026-06-12,2026-06-14,Report Enhancement,Medium,In Progress,44,72,Within SLA,9.81,0,Risk
REQ000864,RPT0057,A003,2025-04-30,2025-05-03,New Report,Medium,Completed,65,72,Within SLA,11.67,2,Legal
REQ000865,RPT0056,A006,2025-01-09,2025-01-11,Report Enhancement,Medium,Completed,43,72,Within SLA,2.16,0,Technology
REQ000866,RPT0037,A005,2025-09-03,2025-09-05,New Report,High,Completed,48,48,Within SLA,2.53,0,Risk
REQ000867,RPT0042,A006,2025-02-01,2025-02-03,Data Correction,High,Completed,34,48,Within SLA,4.06,0,Finance
REQ000868,RPT0106,A004,2025-05-23,2025-05-31,Report Issue,Low,Completed,192,120,Breached,4.2,0,Finance
REQ000869,RPT0050,A004,2026-05-02,2026-05-04,Change Request,Low,Completed,54,120,Within SLA,5.26,1,Sales
REQ000870,RPT0030,A001,2025-03-09,2025-03-10,New Report,Medium,Completed,16,72,Within SLA,13.56,0,Sales
REQ000871,RPT0017,A010,2025-05-12,2025-05-12,Report Enhancement,Critical,In Progress,9,24,Within SLA,2.93,1,Technology
REQ000872,RPT0070,A006,2025-03-26,2025-03-28,Access Request,Low,Completed,50,120,Within SLA,1.9,0,Compliance
REQ000873,RPT0060,A020,2026-07-05,2026-07-06,Report Enhancement,Critical,Cancelled,19,24,Within SLA,1.26,0,Sales
REQ000874,RPT0088,A013,2025-11-27,2025-11-27,Report Issue,Critical,Completed,17,24,Within SLA,1.99,0,Human Resources
REQ000875,RPT0009,A010,2026-02-16,2026-02-26,Report Issue,Low,Pending,240,120,Breached,3.24,0,Operations
REQ000876,RPT0056,A007,2026-07-05,2026-07-08,Access Request,Medium,Pending,58,72,Within SLA,11.66,0,Legal
REQ000877,RPT0058,A009,2025-03-23,2025-03-25,Data Correction,High,Pending,48,48,Within SLA,2.31,1,Compliance
REQ000878,RPT0117,A023,2025-10-26,2025-10-27,Report Issue,Critical,Completed,16,24,Within SLA,3.88,0,Risk
REQ000879,RPT0053,A018,2024-08-28,2024-08-29,Report Issue,High,Completed,8,48,Within SLA,3.28,1,Client Services
REQ000880,RPT0115,A022,2025-09-26,2025-09-28,Access Request,Medium,In Progress,53,72,Within SLA,7.63,0,Client Services
REQ000881,RPT0023,A025,2025-01-16,2025-01-19,Report Issue,Low,Cancelled,72,120,Within SLA,19.47,0,Finance
REQ000882,RPT0036,A022,2024-10-26,2024-11-02,New Report,Medium,Pending,160,72,Breached,2.29,0,Human Resources
REQ000883,RPT0064,A012,2025-02-24,2025-02-27,Change Request,Low,Completed,62,120,Within SLA,2.36,0,Finance
REQ000884,RPT0106,A021,2026-03-03,2026-03-05,Data Correction,Medium,In Progress,50,72,Within SLA,6.9,0,Technology
REQ000885,RPT0095,A019,2025-07-02,2025-07-04,New Report,High,Completed,39,48,Within SLA,5.35,0,Risk
REQ000886,RPT0030,A017,2025-09-04,2025-09-05,New Report,Medium,In Progress,20,72,Within SLA,12.09,1,Sales
REQ000887,RPT0114,A015,2025-10-26,2025-10-27,Change Request,High,Completed,42,48,Within SLA,5.0,1,Finance
REQ000888,RPT0109,A014,2026-04-01,2026-04-02,Access Request,Medium,Pending,15,72,Within SLA,2.58,0,Sales
REQ000889,RPT0093,A008,2025-02-23,2025-02-25,New Report,Medium,Completed,35,72,Within SLA,5.02,0,Finance
REQ000890,RPT0113,A019,2026-02-08,2026-02-10,Data Correction,High,Completed,56,48,Breached,7.21,0,Finance
REQ000891,RPT0043,A010,2025-08-25,2025-08-27,Report Issue,Low,In Progress,33,120,Within SLA,5.9,0,Operations
REQ000892,RPT0081,A011,2026-01-04,2026-01-06,Report Issue,Medium,Completed,39,72,Within SLA,4.74,1,Sales
REQ000893,RPT0067,A008,2026-02-24,2026-02-27,Change Request,Low,Completed,67,120,Within SLA,7.01,2,Operations
REQ000894,RPT0008,A002,2025-09-06,2025-09-08,Report Enhancement,Medium,In Progress,52,72,Within SLA,7.53,0,Technology
REQ000895,RPT0079,A021,2025-08-04,2025-08-06,Data Correction,High,In Progress,48,48,Within SLA,8.74,0,Technology
REQ000896,RPT0013,A020,2026-04-28,2026-04-30,New Report,Low,Completed,30,120,Within SLA,5.23,0,Technology
REQ000897,RPT0055,A020,2024-09-03,2024-09-09,Change Request,High,In Progress,141,48,Breached,2.95,0,Operations
REQ000898,RPT0025,A004,2024-11-01,2024-11-01,Data Correction,Medium,In Progress,13,72,Within SLA,3.68,0,Operations
REQ000899,RPT0017,A021,2025-04-06,2025-04-09,New Report,Medium,Completed,62,72,Within SLA,7.73,2,Legal
REQ000900,RPT0103,A002,2025-02-09,2025-02-11,Data Correction,Medium,Completed,51,72,Within SLA,1.87,0,Finance
REQ000901,RPT0114,A018,2025-07-01,2025-07-03,Change Request,Medium,Completed,53,72,Within SLA,4.3,0,Risk
REQ000902,RPT0076,A022,2026-02-09,2026-02-10,Change Request,Medium,Completed,30,72,Within SLA,2.52,0,Risk
REQ000903,RPT0026,A007,2025-02-25,2025-03-01,New Report,Low,Pending,95,120,Within SLA,3.39,0,Compliance
REQ000904,RPT0089,A011,2025-04-15,2025-04-18,New Report,Medium,In Progress,56,72,Within SLA,8.12,0,Human Resources
REQ000905,RPT0006,A016,2026-01-18,2026-01-19,Report Enhancement,Medium,Completed,18,72,Within SLA,3.8,1,Compliance
REQ000906,RPT0095,A025,2025-11-15,2025-11-17,New Report,Medium,In Progress,41,72,Within SLA,3.43,0,Human Resources
REQ000907,RPT0010,A012,2025-06-03,2025-06-06,Report Issue,Medium,Completed,64,72,Within SLA,1.28,0,Finance
REQ000908,RPT0047,A002,2025-08-23,2025-08-25,Report Enhancement,Low,Completed,48,120,Within SLA,5.6,2,Finance
REQ000909,RPT0071,A008,2025-10-24,2025-10-27,Change Request,Low,Completed,57,120,Within SLA,5.22,0,Risk
REQ000910,RPT0084,A004,2025-10-07,2025-10-13,Change Request,Low,Pending,144,120,Breached,15.09,0,Human Resources
REQ000911,RPT0068,A020,2025-05-15,2025-05-17,Change Request,Medium,Completed,63,72,Within SLA,2.68,0,Technology
REQ000912,RPT0049,A023,2025-07-17,2025-07-19,Report Issue,Low,Completed,40,120,Within SLA,3.87,0,Human Resources
REQ000913,RPT0076,A007,2026-03-23,2026-03-24,Data Correction,Medium,Cancelled,27,72,Within SLA,3.95,1,Legal
REQ000914,RPT0017,A017,2025-10-22,2025-10-22,Data Correction,High,Completed,11,48,Within SLA,10.02,0,Client Services
REQ000915,RPT0113,A021,2025-05-04,2025-05-12,Change Request,High,In Progress,188,48,Breached,3.11,0,Legal
REQ000916,RPT0062,A023,2025-05-21,2025-05-22,Data Correction,Medium,Completed,32,72,Within SLA,4.04,0,Client Services
REQ000917,RPT0027,A008,2026-02-17,2026-02-20,Access Request,Medium,Completed,70,72,Within SLA,5.08,1,Compliance
REQ000918,RPT0021,A012,2025-08-08,2025-08-09,Access Request,High,Completed,27,48,Within SLA,3.78,0,Sales
REQ000919,RPT0075,A002,2025-03-19,2025-03-21,Report Enhancement,Low,In Progress,61,120,Within SLA,2.43,0,Client Services
REQ000920,RPT0064,A011,2025-04-16,2025-04-17,Report Enhancement,Medium,Completed,41,72,Within SLA,3.8,0,Sales
REQ000921,RPT0011,A010,2025-03-04,2025-03-06,Access Request,Low,Completed,57,120,Within SLA,7.04,0,Legal
REQ000922,RPT0010,A012,2025-02-16,2025-02-17,Report Enhancement,Medium,Completed,29,72,Within SLA,1.62,0,Finance
REQ000923,RPT0099,A022,2024-11-22,2024-11-25,Report Enhancement,Low,Completed,66,120,Within SLA,3.64,1,Sales
REQ000924,RPT0039,A010,2026-03-04,2026-03-05,Change Request,High,Cancelled,42,48,Within SLA,2.03,0,Human Resources
REQ000925,RPT0098,A005,2025-01-17,2025-01-17,Access Request,High,Pending,8,48,Within SLA,7.66,0,Technology
REQ000926,RPT0071,A025,2025-04-23,2025-04-26,Change Request,Low,In Progress,84,120,Within SLA,1.14,1,Client Services
REQ000927,RPT0099,A023,2024-11-21,2024-11-22,Report Issue,High,Completed,13,48,Within SLA,2.25,0,Technology
REQ000928,RPT0017,A010,2026-03-21,2026-03-21,Change Request,Medium,Pending,13,72,Within SLA,4.32,1,Finance
REQ000929,RPT0097,A013,2025-10-11,2025-10-12,Access Request,High,Pending,29,48,Within SLA,9.93,0,Legal
REQ000930,RPT0043,A019,2026-04-05,2026-04-10,Data Correction,Medium,Completed,124,72,Breached,3.17,0,Technology
REQ000931,RPT0043,A019,2026-02-08,2026-02-11,Access Request,Low,Completed,92,120,Within SLA,2.25,0,Client Services
REQ000932,RPT0106,A023,2025-01-11,2025-01-12,Report Issue,High,Completed,14,48,Within SLA,12.39,0,Client Services
REQ000933,RPT0085,A017,2025-01-16,2025-01-19,New Report,Low,Completed,73,120,Within SLA,1.2,0,Operations
REQ000934,RPT0051,A006,2025-02-05,2025-02-06,Access Request,Low,Completed,45,120,Within SLA,0.71,2,Operations
REQ000935,RPT0027,A005,2026-03-17,2026-03-18,Change Request,Medium,Completed,16,72,Within SLA,4.52,2,Compliance
REQ000936,RPT0040,A019,2025-09-01,2025-09-02,Data Correction,Medium,In Progress,42,72,Within SLA,2.34,1,Compliance
REQ000937,RPT0106,A013,2025-03-23,2025-03-25,Report Enhancement,High,Completed,40,48,Within SLA,1.62,0,Compliance
REQ000938,RPT0095,A003,2026-03-06,2026-03-08,Report Enhancement,Medium,Completed,43,72,Within SLA,5.45,1,Sales
REQ000939,RPT0109,A006,2025-11-21,2025-11-23,Report Issue,High,Completed,27,48,Within SLA,3.94,2,Technology
REQ000940,RPT0024,A023,2026-04-03,2026-04-06,Change Request,Low,Completed,79,120,Within SLA,2.24,2,Operations
REQ000941,RPT0081,A018,2025-10-02,2025-10-05,Access Request,Medium,Completed,68,72,Within SLA,1.35,0,Sales
REQ000942,RPT0098,A018,2025-11-27,2025-11-28,Report Issue,High,In Progress,21,48,Within SLA,6.11,0,Operations
REQ000943,RPT0027,A017,2025-03-28,2025-03-31,Data Correction,Low,Completed,65,120,Within SLA,5.23,0,Finance
REQ000944,RPT0096,A013,2024-11-07,2024-11-11,Access Request,Low,Completed,110,120,Within SLA,3.1,0,Compliance
REQ000945,RPT0096,A015,2026-05-29,2026-06-03,Access Request,Low,Completed,114,120,Within SLA,12.09,0,Client Services
REQ000946,RPT0061,A009,2025-01-18,2025-01-21,Access Request,Low,Completed,55,120,Within SLA,1.57,0,Risk
REQ000947,RPT0051,A006,2025-04-08,2025-04-08,Change Request,High,Completed,19,48,Within SLA,1.14,0,Operations
REQ000948,RPT0092,A002,2025-02-13,2025-02-14,Report Issue,High,In Progress,17,48,Within SLA,2.05,0,Legal
REQ000949,RPT0092,A022,2025-05-28,2025-05-30,Change Request,Medium,Completed,52,72,Within SLA,3.22,1,Operations
REQ000950,RPT0119,A008,2025-01-07,2025-01-13,Access Request,Medium,Completed,150,72,Breached,3.94,1,Human Resources
REQ000951,RPT0025,A022,2025-04-12,2025-04-13,Change Request,Low,Completed,27,120,Within SLA,2.8,0,Operations
REQ000952,RPT0054,A017,2024-08-31,2024-09-01,Change Request,Critical,Completed,23,24,Within SLA,4.25,0,Operations
REQ000953,RPT0055,A004,2026-02-21,2026-02-24,Data Correction,Medium,Completed,51,72,Within SLA,1.38,0,Compliance
REQ000954,RPT0050,A007,2025-10-09,2025-10-10,Change Request,Low,Completed,25,120,Within SLA,9.12,0,Client Services
REQ000955,RPT0114,A007,2024-11-27,2024-12-01,Change Request,Low,Pending,107,120,Within SLA,3.13,0,Technology
REQ000956,RPT0119,A019,2025-03-22,2025-03-22,Data Correction,High,Completed,14,48,Within SLA,7.26,1,Risk
REQ000957,RPT0099,A023,2024-09-25,2024-09-26,Data Correction,Critical,Completed,22,24,Within SLA,4.22,1,Risk
REQ000958,RPT0062,A003,2024-10-02,2024-10-07,Data Correction,Low,In Progress,112,120,Within SLA,4.57,2,Human Resources
REQ000959,RPT0065,A019,2025-10-24,2025-10-26,New Report,Medium,Completed,36,72,Within SLA,4.95,1,Finance
REQ000960,RPT0097,A008,2025-04-04,2025-04-06,Change Request,Low,In Progress,39,120,Within SLA,4.54,1,Operations
REQ000961,RPT0005,A008,2026-02-13,2026-02-15,New Report,Low,Completed,49,120,Within SLA,5.21,0,Client Services
REQ000962,RPT0067,A014,2024-11-27,2024-11-28,Report Issue,High,Completed,28,48,Within SLA,8.42,1,Sales
REQ000963,RPT0117,A022,2025-12-29,2026-01-01,New Report,Low,In Progress,67,120,Within SLA,3.81,0,Compliance
REQ000964,RPT0057,A021,2026-06-26,2026-06-29,Report Issue,Medium,Completed,67,72,Within SLA,5.45,0,Finance
REQ000965,RPT0017,A003,2026-03-28,2026-03-30,New Report,High,Completed,40,48,Within SLA,3.12,3,Risk
REQ000966,RPT0093,A015,2025-09-06,2025-09-07,Report Enhancement,Medium,In Progress,25,72,Within SLA,9.1,0,Sales
REQ000967,RPT0074,A015,2024-11-08,2024-11-09,Change Request,High,Completed,19,48,Within SLA,2.07,0,Compliance
REQ000968,RPT0057,A014,2026-06-29,2026-07-01,Data Correction,High,Completed,31,48,Within SLA,11.71,0,Legal
REQ000969,RPT0011,A025,2024-08-30,2024-09-04,Report Enhancement,High,In Progress,114,48,Breached,3.23,0,Sales
REQ000970,RPT0059,A010,2025-11-09,2025-11-10,Report Enhancement,Medium,Completed,23,72,Within SLA,1.22,0,Technology
REQ000971,RPT0118,A007,2025-03-29,2025-03-30,Report Enhancement,Medium,Completed,20,72,Within SLA,3.63,0,Finance
REQ000972,RPT0051,A024,2025-08-20,2025-08-21,New Report,High,In Progress,31,48,Within SLA,2.06,3,Human Resources
REQ000973,RPT0016,A013,2025-08-27,2025-08-31,Access Request,Medium,Completed,98,72,Breached,5.98,4,Risk
REQ000974,RPT0089,A012,2025-07-29,2025-07-30,Change Request,High,Cancelled,30,48,Within SLA,2.1,0,Finance
REQ000975,RPT0105,A012,2025-05-12,2025-05-13,Report Issue,Medium,Completed,27,72,Within SLA,2.43,0,Finance
REQ000976,RPT0033,A008,2025-01-11,2025-01-13,Report Issue,Medium,Completed,50,72,Within SLA,0.88,1,Risk
REQ000977,RPT0076,A003,2024-09-29,2024-10-04,New Report,Low,Completed,115,120,Within SLA,2.42,0,Legal
REQ000978,RPT0069,A022,2025-03-05,2025-03-06,Change Request,High,Completed,35,48,Within SLA,0.61,0,Technology
REQ000979,RPT0014,A021,2026-06-21,2026-06-24,Report Enhancement,Medium,Completed,68,72,Within SLA,1.1,2,Human Resources
REQ000980,RPT0022,A016,2025-08-27,2025-08-29,Change Request,Medium,Completed,59,72,Within SLA,5.65,0,Finance
REQ000981,RPT0056,A006,2024-11-17,2024-11-21,New Report,Low,In Progress,91,120,Within SLA,5.75,0,Risk
REQ000982,RPT0058,A019,2026-05-21,2026-05-25,Data Correction,Low,Completed,86,120,Within SLA,4.47,3,Compliance
REQ000983,RPT0053,A015,2024-10-10,2024-10-12,Change Request,Low,In Progress,48,120,Within SLA,1.69,2,Operations
REQ000984,RPT0075,A008,2025-06-28,2025-07-04,Report Issue,Low,Completed,144,120,Breached,3.21,0,Client Services
REQ000985,RPT0086,A019,2025-09-06,2025-09-07,Access Request,Medium,Completed,15,72,Within SLA,3.31,3,Finance
REQ000986,RPT0098,A009,2024-10-17,2024-10-20,New Report,Low,In Progress,72,120,Within SLA,1.48,4,Client Services
REQ000987,RPT0041,A008,2025-11-12,2025-11-13,Access Request,High,Completed,29,48,Within SLA,9.51,2,Human Resources
REQ000988,RPT0001,A015,2025-12-22,2025-12-24,Report Issue,Medium,Completed,34,72,Within SLA,6.14,2,Technology
REQ000989,RPT0036,A023,2026-02-05,2026-02-05,Report Issue,High,Pending,9,48,Within SLA,2.84,2,Compliance
REQ000990,RPT0025,A001,2024-10-01,2024-10-04,Data Correction,Medium,In Progress,67,72,Within SLA,3.38,0,Human Resources
REQ000991,RPT0030,A020,2024-12-16,2024-12-19,New Report,Medium,Pending,63,72,Within SLA,3.84,1,Client Services
REQ000992,RPT0120,A016,2024-12-14,2024-12-16,Access Request,High,In Progress,30,48,Within SLA,0.8,3,Operations
REQ000993,RPT0101,A023,2026-05-13,2026-05-22,Report Issue,Medium,Completed,228,72,Breached,2.79,2,Legal
REQ000994,RPT0112,A015,2025-11-01,2025-11-03,New Report,Low,In Progress,62,120,Within SLA,2.06,4,Risk
REQ000995,RPT0097,A022,2025-04-14,2025-04-14,Access Request,Critical,Completed,19,24,Within SLA,1.65,0,Operations
REQ000996,RPT0050,A025,2024-10-26,2024-10-27,New Report,Medium,In Progress,22,72,Within SLA,2.73,0,Sales
REQ000997,RPT0082,A024,2025-03-01,2025-03-02,Change Request,High,In Progress,15,48,Within SLA,11.69,3,Client Services
REQ000998,RPT0077,A003,2024-11-21,2024-11-21,New Report,High,Completed,22,48,Within SLA,5.2,1,Human Resources
REQ000999,RPT0110,A014,2025-10-28,2025-10-29,Access Request,High,In Progress,32,48,Within SLA,2.23,1,Compliance
REQ001000,RPT0025,A024,2026-04-06,2026-04-09,Change Request,Medium,Completed,76,72,Breached,4.96,1,Operations
REQ001001,RPT0008,A019,2025-07-10,2025-07-11,Report Enhancement,Medium,Pending,36,72,Within SLA,8.84,0,Legal
REQ001002,RPT0120,A005,2025-12-04,2025-12-06,Change Request,High,Cancelled,28,48,Within SLA,6.34,1,Legal
REQ001003,RPT0105,A010,2025-11-27,2025-12-01,Report Issue,Medium,Completed,111,72,Breached,3.46,0,Compliance
REQ001004,RPT0106,A023,2026-04-27,2026-05-02,Access Request,Medium,Completed,120,72,Breached,2.11,2,Finance
REQ001005,RPT0081,A007,2025-12-14,2025-12-23,Report Enhancement,Medium,Completed,224,72,Breached,5.41,1,Client Services
REQ001006,RPT0109,A024,2025-02-12,2025-02-13,Data Correction,High,Completed,29,48,Within SLA,4.37,1,Compliance
REQ001007,RPT0039,A022,2026-04-15,2026-04-16,Report Issue,High,Pending,19,48,Within SLA,6.21,1,Risk
REQ001008,RPT0051,A013,2025-09-30,2025-10-03,New Report,Medium,Completed,55,72,Within SLA,5.18,0,Operations
REQ001009,RPT0013,A005,2025-06-12,2025-06-13,Report Enhancement,High,Completed,20,48,Within SLA,6.92,0,Human Resources
REQ001010,RPT0018,A015,2025-08-05,2025-08-07,Report Enhancement,High,Completed,27,48,Within SLA,2.28,0,Client Services
REQ001011,RPT0093,A019,2026-07-27,2026-07-28,Data Correction,High,Completed,20,48,Within SLA,8.35,0,Operations
REQ001012,RPT0108,A006,2025-07-30,2025-08-01,Report Issue,High,Pending,32,48,Within SLA,3.81,0,Finance
REQ001013,RPT0076,A014,2025-04-08,2025-04-20,New Report,Medium,Completed,288,72,Breached,14.19,1,Risk
REQ001014,RPT0089,A020,2026-06-20,2026-06-20,Report Issue,High,Completed,15,48,Within SLA,2.05,0,Risk
REQ001015,RPT0084,A013,2025-11-21,2025-11-21,Report Issue,High,In Progress,13,48,Within SLA,11.19,2,Sales
REQ001016,RPT0086,A017,2025-07-20,2025-07-21,Report Issue,Medium,Completed,38,72,Within SLA,3.81,0,Compliance
REQ001017,RPT0102,A019,2025-04-15,2025-04-16,New Report,Medium,Cancelled,42,72,Within SLA,2.1,1,Risk
REQ001018,RPT0042,A003,2025-11-05,2025-11-07,Access Request,Medium,Completed,39,72,Within SLA,2.37,0,Legal
REQ001019,RPT0104,A017,2025-12-16,2025-12-17,Change Request,Medium,In Progress,37,72,Within SLA,2.65,0,Client Services
REQ001020,RPT0097,A025,2024-10-06,2024-10-09,New Report,Medium,Completed,57,72,Within SLA,4.47,1,Compliance
REQ001021,RPT0058,A011,2025-12-07,2025-12-09,Report Issue,High,Completed,46,48,Within SLA,4.79,0,Operations
REQ001022,RPT0005,A003,2026-03-18,2026-03-24,New Report,Low,Completed,132,120,Breached,2.22,2,Operations
REQ001023,RPT0001,A008,2024-11-06,2024-11-07,Report Enhancement,Medium,Cancelled,22,72,Within SLA,3.26,3,Sales
REQ001024,RPT0074,A016,2026-04-05,2026-04-06,New Report,High,Completed,26,48,Within SLA,14.87,0,Human Resources
REQ001025,RPT0013,A022,2025-01-29,2025-01-31,Report Enhancement,High,Cancelled,46,48,Within SLA,11.13,0,Finance
REQ001026,RPT0028,A019,2025-12-19,2025-12-21,Change Request,Low,Completed,51,120,Within SLA,4.51,1,Human Resources
REQ001027,RPT0084,A006,2025-01-31,2025-02-02,Data Correction,Low,Completed,33,120,Within SLA,3.41,0,Technology
REQ001028,RPT0027,A003,2025-03-14,2025-03-17,Access Request,Low,Completed,78,120,Within SLA,3.61,0,Sales
REQ001029,RPT0066,A020,2026-01-15,2026-01-17,Report Issue,Medium,Completed,35,72,Within SLA,5.1,1,Risk
REQ001030,RPT0032,A003,2024-10-23,2024-10-24,Access Request,High,Completed,35,48,Within SLA,1.62,3,Sales
REQ001031,RPT0117,A011,2024-12-20,2024-12-27,New Report,Medium,In Progress,152,72,Breached,2.77,0,Sales
REQ001032,RPT0014,A004,2025-02-23,2025-02-23,Change Request,High,Completed,16,48,Within SLA,1.03,0,Risk
REQ001033,RPT0111,A010,2025-01-03,2025-01-07,Report Enhancement,High,Completed,117,48,Breached,4.39,1,Legal
REQ001034,RPT0024,A012,2025-10-23,2025-10-24,Data Correction,Medium,Pending,22,72,Within SLA,5.22,1,Legal
REQ001035,RPT0088,A017,2024-10-18,2024-10-20,Report Enhancement,Medium,Pending,42,72,Within SLA,2.37,0,Risk
REQ001036,RPT0082,A012,2024-12-20,2024-12-25,Report Issue,Low,Completed,118,120,Within SLA,9.99,2,Compliance
REQ001037,RPT0060,A017,2024-08-23,2024-08-24,Report Issue,Medium,In Progress,23,72,Within SLA,1.41,0,Sales
REQ001038,RPT0040,A021,2025-07-04,2025-07-05,Data Correction,Critical,Completed,24,24,Within SLA,1.19,2,Operations
REQ001039,RPT0031,A003,2025-08-05,2025-08-06,Data Correction,Medium,Completed,17,72,Within SLA,3.88,0,Risk
REQ001040,RPT0002,A014,2026-02-07,2026-02-11,Report Enhancement,Low,In Progress,94,120,Within SLA,6.91,2,Legal
REQ001041,RPT0090,A004,2025-11-25,2025-11-29,Report Issue,Low,Completed,111,120,Within SLA,10.79,2,Technology
REQ001042,RPT0096,A012,2025-08-21,2025-08-28,New Report,Medium,Pending,177,72,Breached,2.41,1,Compliance
REQ001043,RPT0006,A020,2025-04-04,2025-04-07,Report Issue,Medium,Pending,68,72,Within SLA,7.06,1,Client Services
REQ001044,RPT0047,A005,2024-09-15,2024-09-17,Change Request,Medium,Pending,45,72,Within SLA,3.23,0,Legal
REQ001045,RPT0044,A022,2025-02-16,2025-02-17,Data Correction,Critical,Completed,14,24,Within SLA,2.94,3,Compliance
REQ001046,RPT0028,A001,2025-04-01,2025-04-02,Report Enhancement,High,Pending,26,48,Within SLA,6.16,0,Technology
REQ001047,RPT0060,A020,2026-02-21,2026-02-22,Change Request,High,Pending,40,48,Within SLA,5.24,0,Client Services
REQ001048,RPT0045,A024,2025-03-28,2025-03-29,New Report,Medium,Completed,33,72,Within SLA,1.1,0,Risk
REQ001049,RPT0116,A005,2026-02-18,2026-02-19,Access Request,Medium,Completed,43,72,Within SLA,9.33,0,Technology
REQ001050,RPT0039,A012,2026-06-19,2026-06-20,New Report,High,Completed,24,48,Within SLA,8.72,0,Technology
REQ001051,RPT0018,A012,2025-08-08,2025-08-10,Change Request,Medium,Completed,40,72,Within SLA,2.14,0,Technology
REQ001052,RPT0051,A014,2024-10-15,2024-10-18,New Report,Medium,Pending,72,72,Within SLA,4.38,0,Human Resources
REQ001053,RPT0016,A014,2026-02-05,2026-02-09,New Report,Low,Completed,85,120,Within SLA,4.69,4,Client Services
REQ001054,RPT0113,A013,2025-02-18,2025-02-19,Report Enhancement,Medium,In Progress,20,72,Within SLA,3.98,1,Legal
REQ001055,RPT0017,A005,2026-08-08,2026-08-11,Report Issue,High,Pending,64,48,Breached,2.26,1,Human Resources
REQ001056,RPT0077,A024,2025-03-14,2025-03-15,Report Enhancement,Low,In Progress,30,120,Within SLA,2.07,0,Finance
REQ001057,RPT0020,A024,2026-04-24,2026-04-25,Access Request,Medium,Completed,17,72,Within SLA,3.26,0,Legal
REQ001058,RPT0106,A014,2026-04-27,2026-04-29,Change Request,Low,In Progress,57,120,Within SLA,7.55,0,Compliance
REQ001059,RPT0110,A019,2025-12-19,2025-12-21,Access Request,High,Pending,40,48,Within SLA,4.86,0,Risk
REQ001060,RPT0055,A001,2025-11-22,2025-11-24,Change Request,Low,Completed,59,120,Within SLA,2.56,3,Compliance
REQ001061,RPT0030,A008,2026-01-16,2026-01-18,New Report,High,Completed,41,48,Within SLA,5.7,1,Human Resources
REQ001062,RPT0036,A012,2026-05-07,2026-05-11,Access Request,Medium,Completed,106,72,Breached,0.5,0,Technology
REQ001063,RPT0028,A010,2026-08-16,2026-08-18,Change Request,Medium,Completed,56,72,Within SLA,7.42,1,Client Services
REQ001064,RPT0043,A010,2025-01-21,2025-01-22,Data Correction,High,Completed,19,48,Within SLA,0.98,0,Operations
REQ001065,RPT0095,A012,2025-07-17,2025-07-19,New Report,Medium,In Progress,61,72,Within SLA,2.58,0,Legal
REQ001066,RPT0014,A005,2024-11-18,2024-11-19,Report Enhancement,Medium,In Progress,25,72,Within SLA,1.52,0,Operations
REQ001067,RPT0058,A004,2025-10-17,2025-10-20,New Report,Medium,Pending,53,72,Within SLA,1.34,0,Operations
REQ001068,RPT0093,A005,2025-02-11,2025-02-13,Report Enhancement,Medium,Completed,42,72,Within SLA,7.48,0,Finance
REQ001069,RPT0109,A018,2026-01-06,2026-01-08,Change Request,Low,Completed,56,120,Within SLA,2.39,1,Human Resources
REQ001070,RPT0068,A017,2024-12-14,2024-12-17,Data Correction,Medium,In Progress,70,72,Within SLA,4.23,0,Finance
REQ001071,RPT0008,A023,2026-07-27,2026-07-28,Change Request,Medium,In Progress,20,72,Within SLA,3.21,3,Compliance
REQ001072,RPT0022,A015,2025-03-15,2025-03-17,Report Issue,High,Completed,42,48,Within SLA,4.64,3,Legal
REQ001073,RPT0021,A019,2026-05-25,2026-05-27,Access Request,Medium,Completed,50,72,Within SLA,3.5,0,Compliance
REQ001074,RPT0093,A017,2024-12-09,2024-12-12,Report Enhancement,Medium,Pending,62,72,Within SLA,1.35,0,Sales
REQ001075,RPT0006,A018,2024-10-15,2024-10-16,Data Correction,High,Completed,25,48,Within SLA,6.67,0,Compliance
REQ001076,RPT0102,A002,2024-10-06,2024-10-08,Data Correction,Low,Completed,59,120,Within SLA,2.35,0,Compliance
REQ001077,RPT0042,A003,2024-12-27,2024-12-29,Change Request,Medium,Completed,34,72,Within SLA,1.12,3,Legal
REQ001078,RPT0081,A001,2026-04-28,2026-04-30,Data Correction,High,Completed,47,48,Within SLA,2.46,4,Human Resources
REQ001079,RPT0112,A025,2025-04-16,2025-04-17,Change Request,High,Completed,24,48,Within SLA,9.49,0,Operations
REQ001080,RPT0071,A007,2025-11-26,2025-11-27,Report Issue,High,Completed,24,48,Within SLA,6.02,1,Client Services
REQ001081,RPT0020,A015,2026-03-25,2026-03-27,Change Request,Medium,Completed,52,72,Within SLA,2.6,1,Compliance
REQ001082,RPT0105,A006,2026-05-23,2026-05-26,Report Issue,High,Completed,76,48,Breached,2.6,0,Compliance
REQ001083,RPT0114,A006,2025-11-06,2025-11-08,Report Enhancement,Medium,In Progress,53,72,Within SLA,2.65,0,Technology
REQ001084,RPT0083,A013,2026-08-06,2026-08-07,Report Issue,Medium,Completed,16,72,Within SLA,14.21,0,Operations
REQ001085,RPT0003,A004,2025-04-02,2025-04-07,Report Issue,Medium,In Progress,126,72,Breached,4.34,0,Finance
REQ001086,RPT0077,A001,2025-07-28,2025-07-28,Report Issue,High,Completed,13,48,Within SLA,4.49,3,Finance
REQ001087,RPT0062,A025,2024-11-25,2024-11-28,New Report,Medium,Pending,66,72,Within SLA,6.83,0,Client Services
REQ001088,RPT0070,A004,2025-08-20,2025-08-24,Change Request,Medium,Completed,108,72,Breached,3.92,0,Finance
REQ001089,RPT0001,A008,2026-02-06,2026-02-10,New Report,Low,Completed,89,120,Within SLA,2.77,0,Finance
REQ001090,RPT0088,A013,2025-04-14,2025-04-16,Change Request,Medium,Completed,53,72,Within SLA,2.89,3,Operations
REQ001091,RPT0010,A020,2026-02-15,2026-02-17,Access Request,Low,Completed,37,120,Within SLA,3.16,0,Human Resources
REQ001092,RPT0023,A014,2025-06-29,2025-06-30,New Report,Medium,Pending,17,72,Within SLA,3.23,1,Legal
REQ001093,RPT0080,A010,2025-03-20,2025-03-21,Data Correction,Medium,In Progress,21,72,Within SLA,5.53,1,Human Resources
REQ001094,RPT0092,A003,2025-09-13,2025-09-15,New Report,Medium,Completed,35,72,Within SLA,3.44,2,Finance
REQ001095,RPT0101,A016,2025-10-14,2025-10-15,Change Request,High,Completed,17,48,Within SLA,5.54,1,Operations
REQ001096,RPT0024,A025,2025-09-08,2025-09-12,New Report,Medium,Cancelled,87,72,Breached,3.14,4,Technology
REQ001097,RPT0082,A011,2025-07-27,2025-07-29,Data Correction,Medium,Completed,56,72,Within SLA,3.51,1,Risk
REQ001098,RPT0069,A018,2024-10-22,2024-10-24,Report Issue,High,Completed,43,48,Within SLA,0.82,0,Compliance
REQ001099,RPT0096,A008,2025-11-28,2025-12-02,Access Request,Low,In Progress,91,120,Within SLA,6.31,1,Operations
REQ001100,RPT0018,A004,2024-09-20,2024-10-01,Change Request,Medium,Completed,264,72,Breached,4.23,0,Finance
REQ001101,RPT0019,A018,2026-07-12,2026-07-15,Data Correction,Medium,Pending,61,72,Within SLA,6.68,0,Technology
REQ001102,RPT0049,A024,2025-07-22,2025-08-11,Change Request,Low,Completed,476,120,Breached,0.5,1,Finance
REQ001103,RPT0108,A020,2026-03-14,2026-03-18,Report Issue,Critical,Completed,96,24,Breached,14.32,0,Risk
REQ001104,RPT0054,A005,2025-04-28,2025-05-07,New Report,Low,Completed,220,120,Breached,3.01,2,Risk
REQ001105,RPT0057,A021,2025-12-02,2025-12-04,Access Request,High,In Progress,27,48,Within SLA,7.21,1,Finance
REQ001106,RPT0002,A013,2025-03-03,2025-03-12,Data Correction,Low,Completed,212,120,Breached,1.6,0,Technology
REQ001107,RPT0091,A008,2024-09-10,2024-09-11,Report Issue,High,Completed,24,48,Within SLA,5.1,0,Technology
REQ001108,RPT0028,A013,2024-10-30,2024-11-01,Change Request,Medium,Completed,36,72,Within SLA,1.59,0,Finance
REQ001109,RPT0089,A015,2025-02-14,2025-02-16,Change Request,Medium,Pending,47,72,Within SLA,2.15,0,Client Services
REQ001110,RPT0083,A014,2026-01-26,2026-01-28,Data Correction,Medium,Completed,36,72,Within SLA,12.68,2,Compliance
REQ001111,RPT0031,A010,2026-06-01,2026-06-05,Data Correction,Low,Completed,101,120,Within SLA,2.91,0,Risk
REQ001112,RPT0071,A007,2026-06-20,2026-06-21,Report Enhancement,Low,Completed,25,120,Within SLA,3.87,0,Finance
REQ001113,RPT0041,A003,2025-11-10,2025-11-16,Change Request,Medium,Cancelled,144,72,Breached,6.1,0,Sales
REQ001114,RPT0051,A024,2025-11-20,2025-11-20,New Report,Critical,In Progress,14,24,Within SLA,4.7,0,Human Resources
REQ001115,RPT0065,A025,2024-09-06,2024-09-07,Change Request,High,Completed,34,48,Within SLA,3.69,0,Risk
REQ001116,RPT0021,A005,2026-04-07,2026-04-09,New Report,Medium,Completed,49,72,Within SLA,4.29,0,Client Services
REQ001117,RPT0084,A005,2026-01-25,2026-01-26,New Report,High,Completed,22,48,Within SLA,17.86,2,Risk
REQ001118,RPT0058,A005,2026-05-21,2026-05-23,Report Enhancement,Medium,In Progress,53,72,Within SLA,3.19,1,Human Resources
REQ001119,RPT0050,A008,2025-03-18,2025-03-24,Data Correction,Medium,Pending,156,72,Breached,3.82,1,Compliance
REQ001120,RPT0104,A001,2025-11-11,2025-11-13,Report Enhancement,Medium,Cancelled,48,72,Within SLA,6.93,0,Risk
REQ001121,RPT0059,A011,2024-09-21,2024-09-23,Data Correction,Medium,Cancelled,62,72,Within SLA,7.2,0,Risk
REQ001122,RPT0091,A025,2026-04-05,2026-04-08,Data Correction,Low,Completed,70,120,Within SLA,7.62,0,Client Services
REQ001123,RPT0016,A019,2026-03-31,2026-04-01,Data Correction,Critical,Cancelled,16,24,Within SLA,5.19,0,Client Services
REQ001124,RPT0017,A015,2025-01-04,2025-01-05,New Report,Medium,Completed,38,72,Within SLA,1.49,2,Human Resources
REQ001125,RPT0034,A022,2025-08-21,2025-08-25,Report Enhancement,High,Cancelled,93,48,Breached,10.42,0,Finance
REQ001126,RPT0020,A004,2025-09-28,2025-09-28,Report Enhancement,Critical,Completed,9,24,Within SLA,1.49,1,Sales
REQ001127,RPT0086,A003,2026-01-09,2026-01-10,Access Request,Low,Completed,33,120,Within SLA,4.1,2,Human Resources
REQ001128,RPT0094,A004,2025-07-30,2025-08-02,Access Request,Medium,Completed,64,72,Within SLA,1.96,0,Technology
REQ001129,RPT0028,A023,2026-08-02,2026-08-05,Access Request,Low,Completed,64,120,Within SLA,3.17,1,Client Services
REQ001130,RPT0028,A011,2025-03-25,2025-03-25,New Report,Medium,Completed,21,72,Within SLA,4.18,0,Finance
REQ001131,RPT0028,A002,2025-01-08,2025-01-10,Report Enhancement,High,Completed,31,48,Within SLA,4.16,3,Compliance
REQ001132,RPT0019,A003,2025-11-18,2025-11-19,New Report,Critical,In Progress,10,24,Within SLA,4.46,0,Sales
REQ001133,RPT0086,A009,2025-07-25,2025-07-28,Access Request,Low,Pending,81,120,Within SLA,10.27,0,Risk
REQ001134,RPT0026,A012,2025-12-27,2025-12-29,New Report,Low,Pending,67,120,Within SLA,4.56,0,Technology
REQ001135,RPT0117,A023,2026-05-15,2026-05-16,Access Request,Medium,In Progress,22,72,Within SLA,2.8,0,Technology
REQ001136,RPT0019,A011,2025-09-06,2025-09-10,New Report,Medium,Pending,96,72,Breached,6.52,1,Human Resources
REQ001137,RPT0102,A022,2024-10-30,2024-11-01,New Report,Low,Completed,42,120,Within SLA,7.63,0,Technology
REQ001138,RPT0082,A015,2025-08-21,2025-08-22,Data Correction,Medium,Completed,40,72,Within SLA,1.41,2,Operations
REQ001139,RPT0077,A013,2025-05-18,2025-05-21,New Report,Low,Cancelled,77,120,Within SLA,5.04,1,Compliance
REQ001140,RPT0105,A012,2025-07-04,2025-07-08,Data Correction,Low,Completed,110,120,Within SLA,5.42,0,Finance
REQ001141,RPT0059,A014,2025-05-06,2025-05-07,Data Correction,High,Completed,15,48,Within SLA,2.7,1,Technology
REQ001142,RPT0119,A006,2025-04-27,2025-04-29,Data Correction,Medium,Completed,45,72,Within SLA,8.7,0,Client Services
REQ001143,RPT0109,A022,2026-01-23,2026-01-24,Access Request,Medium,Completed,22,72,Within SLA,2.99,0,Technology
REQ001144,RPT0012,A004,2024-11-10,2024-11-13,Report Issue,Medium,Completed,71,72,Within SLA,3.63,0,Operations
REQ001145,RPT0119,A018,2026-06-18,2026-06-19,Report Issue,Low,Pending,37,120,Within SLA,2.94,1,Operations
REQ001146,RPT0028,A008,2024-12-23,2024-12-24,Report Issue,Medium,Completed,14,72,Within SLA,3.36,2,Client Services
REQ001147,RPT0102,A015,2025-05-04,2025-05-05,Report Enhancement,Medium,Completed,42,72,Within SLA,1.54,0,Technology
REQ001148,RPT0065,A010,2025-07-06,2025-07-07,Report Issue,High,In Progress,8,48,Within SLA,1.21,1,Sales
REQ001149,RPT0001,A014,2026-02-10,2026-02-13,Report Issue,Medium,Pending,62,72,Within SLA,10.14,1,Finance
REQ001150,RPT0043,A006,2025-09-09,2025-09-13,New Report,Low,In Progress,90,120,Within SLA,1.84,1,Technology
REQ001151,RPT0103,A019,2025-04-01,2025-04-03,Change Request,Medium,Completed,51,72,Within SLA,1.66,2,Technology
REQ001152,RPT0021,A014,2026-01-17,2026-01-18,Change Request,High,Completed,19,48,Within SLA,0.74,0,Compliance
REQ001153,RPT0108,A025,2025-06-28,2025-06-28,New Report,High,Completed,15,48,Within SLA,2.12,1,Sales
REQ001154,RPT0099,A019,2026-05-14,2026-05-19,Report Enhancement,Low,Completed,105,120,Within SLA,1.32,0,Risk
REQ001155,RPT0094,A005,2026-04-03,2026-04-04,New Report,Medium,Completed,17,72,Within SLA,10.48,0,Client Services
REQ001156,RPT0025,A018,2025-10-22,2025-10-23,Report Issue,Medium,Completed,27,72,Within SLA,6.73,0,Compliance
REQ001157,RPT0120,A005,2024-09-18,2024-09-19,Report Issue,High,In Progress,24,48,Within SLA,2.05,0,Finance
REQ001158,RPT0014,A005,2025-08-09,2025-08-09,Report Issue,Critical,Pending,5,24,Within SLA,16.07,1,Sales
REQ001159,RPT0027,A013,2024-10-28,2024-10-30,Data Correction,High,Completed,39,48,Within SLA,6.6,2,Operations
REQ001160,RPT0088,A014,2025-04-22,2025-04-23,Access Request,High,Completed,39,48,Within SLA,2.64,0,Technology
REQ001161,RPT0023,A022,2025-03-05,2025-03-05,Data Correction,Medium,Completed,22,72,Within SLA,0.58,0,Finance
REQ001162,RPT0001,A006,2025-04-29,2025-04-29,New Report,Critical,Cancelled,17,24,Within SLA,16.5,1,Legal
REQ001163,RPT0098,A005,2024-11-19,2024-11-23,Report Issue,Medium,Completed,100,72,Breached,1.26,0,Compliance
REQ001164,RPT0017,A009,2026-04-13,2026-04-18,Data Correction,Low,Completed,130,120,Breached,1.05,1,Sales
REQ001165,RPT0096,A016,2025-06-30,2025-07-05,Access Request,Low,Completed,114,120,Within SLA,6.79,0,Technology
REQ001166,RPT0114,A023,2026-06-23,2026-06-24,Report Enhancement,High,Pending,24,48,Within SLA,18.32,1,Sales
REQ001167,RPT0093,A016,2025-09-24,2025-09-28,Access Request,Low,In Progress,99,120,Within SLA,8.75,1,Technology
REQ001168,RPT0050,A014,2026-05-23,2026-05-26,Access Request,Medium,In Progress,64,72,Within SLA,4.93,0,Compliance
REQ001169,RPT0066,A009,2024-08-21,2024-08-27,Report Enhancement,Medium,Pending,128,72,Breached,5.03,2,Technology
REQ001170,RPT0004,A004,2026-01-13,2026-01-16,Data Correction,Medium,Pending,72,72,Within SLA,6.03,0,Risk
REQ001171,RPT0019,A025,2026-06-27,2026-07-01,Data Correction,Medium,Completed,108,72,Breached,5.65,0,Human Resources
REQ001172,RPT0102,A011,2025-10-16,2025-10-21,New Report,Low,In Progress,115,120,Within SLA,4.04,0,Compliance
REQ001173,RPT0036,A023,2025-08-14,2025-08-16,Report Enhancement,Low,Completed,51,120,Within SLA,3.57,0,Operations
REQ001174,RPT0026,A002,2025-07-07,2025-07-09,Report Enhancement,High,Completed,35,48,Within SLA,3.18,0,Client Services
REQ001175,RPT0076,A013,2024-10-02,2024-10-05,Access Request,Low,Completed,78,120,Within SLA,1.96,1,Compliance
REQ001176,RPT0037,A005,2025-01-13,2025-01-17,Report Enhancement,Low,Completed,97,120,Within SLA,2.73,2,Technology
REQ001177,RPT0061,A004,2025-09-27,2025-09-28,New Report,High,Pending,10,48,Within SLA,1.02,0,Technology
REQ001178,RPT0041,A016,2025-05-29,2025-05-30,Report Issue,Medium,Completed,34,72,Within SLA,3.1,1,Finance
REQ001179,RPT0016,A012,2025-12-17,2025-12-19,Access Request,Medium,Cancelled,43,72,Within SLA,1.66,3,Operations
REQ001180,RPT0093,A014,2026-03-31,2026-04-05,New Report,Low,Pending,123,120,Breached,1.53,2,Compliance
REQ001181,RPT0001,A023,2025-09-12,2025-09-15,Change Request,Low,In Progress,71,120,Within SLA,3.77,0,Finance
REQ001182,RPT0043,A023,2025-12-19,2025-12-20,Data Correction,High,Completed,11,48,Within SLA,8.8,0,Technology
REQ001183,RPT0111,A005,2025-07-30,2025-08-01,Data Correction,Medium,Pending,49,72,Within SLA,6.31,0,Technology
REQ001184,RPT0063,A009,2026-04-03,2026-04-05,Report Issue,Medium,Completed,45,72,Within SLA,1.11,0,Human Resources
REQ001185,RPT0072,A008,2024-09-30,2024-10-02,Report Issue,Medium,Completed,61,72,Within SLA,1.66,0,Compliance
REQ001186,RPT0060,A013,2025-01-26,2025-01-27,Report Issue,Low,Cancelled,31,120,Within SLA,6.41,1,Compliance
REQ001187,RPT0041,A025,2025-03-16,2025-03-20,Access Request,Low,Completed,99,120,Within SLA,1.67,0,Sales
REQ001188,RPT0047,A013,2025-10-21,2025-10-25,Report Issue,Medium,Completed,88,72,Breached,2.84,0,Client Services
REQ001189,RPT0040,A019,2024-11-30,2024-12-03,Report Enhancement,Medium,In Progress,72,72,Within SLA,4.88,0,Operations
REQ001190,RPT0024,A009,2026-08-11,2026-08-12,Change Request,Medium,Completed,19,72,Within SLA,1.69,2,Finance
REQ001191,RPT0056,A007,2025-04-01,2025-04-06,Access Request,Medium,Completed,112,72,Breached,3.57,0,Risk
REQ001192,RPT0007,A021,2025-07-27,2025-07-27,Access Request,Medium,Completed,15,72,Within SLA,1.3,0,Technology
REQ001193,RPT0068,A020,2026-07-06,2026-07-07,Report Issue,High,Completed,20,48,Within SLA,2.18,1,Client Services
REQ001194,RPT0015,A002,2026-02-14,2026-02-16,Report Enhancement,Medium,In Progress,53,72,Within SLA,4.15,0,Finance
REQ001195,RPT0090,A023,2025-09-01,2025-09-02,Report Enhancement,Medium,Completed,18,72,Within SLA,1.09,2,Technology
REQ001196,RPT0027,A006,2024-11-23,2024-11-25,Access Request,Medium,Completed,64,72,Within SLA,4.52,0,Compliance
REQ001197,RPT0065,A023,2024-09-12,2024-09-13,Data Correction,Medium,In Progress,30,72,Within SLA,3.27,0,Client Services
REQ001198,RPT0022,A006,2025-12-23,2025-12-24,Report Issue,Medium,Pending,27,72,Within SLA,4.89,1,Human Resources
REQ001199,RPT0034,A003,2025-12-06,2025-12-10,Access Request,Low,Completed,84,120,Within SLA,3.88,0,Risk
REQ001200,RPT0063,A008,2026-05-03,2026-05-05,Report Issue,High,Completed,30,48,Within SLA,8.63,1,Client Services
REQ001201,RPT0068,A017,2025-02-22,2025-02-27,New Report,Low,Completed,111,120,Within SLA,3.62,2,Risk
REQ001202,RPT0070,A009,2026-02-23,2026-02-24,Change Request,High,Completed,29,48,Within SLA,2.46,1,Client Services
REQ001203,RPT0067,A025,2024-12-22,2024-12-23,Data Correction,Medium,Completed,34,72,Within SLA,3.62,0,Client Services
REQ001204,RPT0085,A005,2025-04-19,2025-04-25,New Report,Medium,Completed,156,72,Breached,4.86,2,Human Resources
REQ001205,RPT0096,A003,2025-10-22,2025-10-27,Access Request,Low,Completed,113,120,Within SLA,3.44,0,Compliance
REQ001206,RPT0117,A015,2024-08-31,2024-09-03,Access Request,Medium,Cancelled,68,72,Within SLA,3.42,0,Legal
REQ001207,RPT0036,A010,2025-10-23,2025-10-26,Change Request,Medium,In Progress,68,72,Within SLA,2.03,1,Compliance
REQ001208,RPT0059,A019,2025-07-03,2025-07-06,New Report,Medium,In Progress,65,72,Within SLA,2.09,0,Human Resources
REQ001209,RPT0038,A020,2024-11-01,2024-11-19,Data Correction,Low,Completed,444,120,Breached,1.24,0,Legal
REQ001210,RPT0006,A007,2025-02-11,2025-02-12,Report Issue,Low,Completed,32,120,Within SLA,11.3,0,Sales
REQ001211,RPT0001,A002,2026-06-05,2026-06-06,Report Enhancement,Low,Completed,24,120,Within SLA,1.39,1,Sales
REQ001212,RPT0072,A005,2026-07-31,2026-08-02,Change Request,Medium,Completed,66,72,Within SLA,2.04,3,Operations
REQ001213,RPT0038,A008,2024-11-17,2024-11-18,Report Issue,Medium,Cancelled,24,72,Within SLA,2.01,2,Finance
REQ001214,RPT0116,A004,2025-08-14,2025-08-16,Access Request,High,Completed,48,48,Within SLA,6.21,0,Sales
REQ001215,RPT0075,A005,2024-11-20,2024-11-21,Data Correction,Medium,Completed,39,72,Within SLA,2.7,0,Compliance
REQ001216,RPT0119,A021,2026-01-06,2026-01-08,Data Correction,Low,Completed,62,120,Within SLA,7.95,0,Client Services
REQ001217,RPT0041,A017,2026-05-29,2026-06-11,Report Enhancement,Low,In Progress,316,120,Breached,2.07,0,Human Resources
REQ001218,RPT0004,A025,2024-12-18,2024-12-20,Access Request,Medium,Completed,38,72,Within SLA,4.04,2,Technology
REQ001219,RPT0048,A005,2025-09-12,2025-09-13,New Report,High,Completed,27,48,Within SLA,1.85,1,Legal
REQ001220,RPT0104,A025,2026-08-15,2026-08-20,Report Enhancement,High,Completed,132,48,Breached,14.9,0,Legal
REQ001221,RPT0043,A020,2026-02-28,2026-03-01,Access Request,High,Completed,25,48,Within SLA,1.45,1,Operations
REQ001222,RPT0066,A024,2025-04-04,2025-04-15,Data Correction,Medium,In Progress,268,72,Breached,4.12,1,Finance
REQ001223,RPT0115,A022,2025-09-20,2025-09-25,Report Issue,Low,Completed,118,120,Within SLA,5.17,0,Risk
REQ001224,RPT0026,A004,2026-02-19,2026-02-28,Data Correction,Medium,In Progress,213,72,Breached,4.44,1,Operations
REQ001225,RPT0004,A017,2025-03-21,2025-03-28,New Report,Low,Pending,180,120,Breached,2.92,0,Client Services
REQ001226,RPT0031,A018,2025-07-09,2025-07-12,Access Request,Low,Completed,75,120,Within SLA,3.03,0,Sales
REQ001227,RPT0024,A005,2026-05-31,2026-06-04,Report Enhancement,Medium,Pending,102,72,Breached,3.42,1,Compliance
REQ001228,RPT0086,A004,2025-08-30,2025-08-31,Change Request,Medium,In Progress,24,72,Within SLA,3.0,0,Client Services
REQ001229,RPT0105,A014,2025-08-22,2025-08-25,Data Correction,Medium,Completed,56,72,Within SLA,6.52,0,Risk
REQ001230,RPT0084,A022,2025-02-26,2025-03-02,New Report,Medium,Completed,108,72,Breached,15.6,0,Client Services
REQ001231,RPT0036,A001,2025-08-10,2025-08-11,New Report,High,Completed,16,48,Within SLA,2.25,1,Risk
REQ001232,RPT0050,A017,2025-10-23,2025-10-24,Data Correction,Medium,Pending,25,72,Within SLA,1.27,1,Operations
REQ001233,RPT0110,A005,2024-12-11,2024-12-13,Change Request,Medium,Completed,58,72,Within SLA,3.12,0,Sales
REQ001234,RPT0061,A020,2025-06-14,2025-06-17,Report Issue,Medium,Completed,70,72,Within SLA,20.2,0,Risk
REQ001235,RPT0076,A019,2025-01-16,2025-01-17,Report Enhancement,High,Completed,41,48,Within SLA,1.89,1,Human Resources
REQ001236,RPT0013,A022,2026-08-07,2026-08-09,Report Enhancement,Medium,Completed,56,72,Within SLA,10.46,0,Operations
REQ001237,RPT0094,A008,2025-11-29,2025-11-30,Access Request,High,Completed,22,48,Within SLA,10.74,2,Operations
REQ001238,RPT0033,A004,2025-09-19,2025-09-21,Change Request,High,Completed,34,48,Within SLA,2.25,0,Finance
REQ001239,RPT0023,A011,2026-03-23,2026-03-27,Report Issue,Low,In Progress,101,120,Within SLA,4.94,0,Operations
REQ001240,RPT0033,A016,2026-07-05,2026-07-07,Report Issue,Medium,Completed,52,72,Within SLA,10.38,0,Client Services
REQ001241,RPT0102,A007,2024-12-05,2024-12-05,Report Issue,Medium,Completed,22,72,Within SLA,2.55,0,Operations
REQ001242,RPT0115,A001,2026-06-23,2026-06-24,Report Enhancement,Low,Cancelled,36,120,Within SLA,2.88,2,Human Resources
REQ001243,RPT0117,A024,2024-10-14,2024-10-15,Access Request,Medium,Pending,33,72,Within SLA,2.21,1,Legal
REQ001244,RPT0116,A018,2025-03-23,2025-03-27,Access Request,Low,Completed,84,120,Within SLA,1.63,0,Risk
REQ001245,RPT0067,A010,2026-04-13,2026-04-18,New Report,Medium,Completed,134,72,Breached,2.11,0,Operations
REQ001246,RPT0038,A009,2026-04-26,2026-04-28,New Report,Medium,Completed,46,72,Within SLA,1.41,0,Technology
REQ001247,RPT0074,A008,2026-06-15,2026-06-16,Report Issue,Medium,Pending,22,72,Within SLA,3.4,0,Legal
REQ001248,RPT0075,A016,2025-07-09,2025-07-09,Report Enhancement,Medium,Completed,15,72,Within SLA,1.94,2,Sales
REQ001249,RPT0008,A005,2025-05-11,2025-05-14,Report Issue,Low,Completed,57,120,Within SLA,3.91,2,Compliance
REQ001250,RPT0073,A020,2026-08-16,2026-08-17,Report Enhancement,High,Completed,11,48,Within SLA,1.12,0,Finance
REQ001251,RPT0114,A018,2026-04-24,2026-04-25,Data Correction,Critical,Pending,21,24,Within SLA,4.19,3,Client Services
REQ001252,RPT0045,A014,2025-09-19,2025-09-19,Change Request,Medium,Completed,14,72,Within SLA,5.95,0,Client Services
REQ001253,RPT0101,A007,2025-03-16,2025-03-18,Data Correction,High,Pending,44,48,Within SLA,0.82,0,Legal
REQ001254,RPT0099,A013,2026-05-20,2026-05-20,Report Enhancement,High,In Progress,9,48,Within SLA,4.31,0,Risk
REQ001255,RPT0116,A012,2024-08-23,2024-08-23,Access Request,High,Completed,15,48,Within SLA,7.84,2,Human Resources
REQ001256,RPT0030,A014,2025-03-28,2025-03-29,Change Request,Medium,Pending,27,72,Within SLA,1.42,1,Legal
REQ001257,RPT0008,A005,2026-03-07,2026-03-12,Report Enhancement,Low,Pending,116,120,Within SLA,10.71,0,Client Services
REQ001258,RPT0038,A005,2025-04-09,2025-04-11,Change Request,Medium,Completed,50,72,Within SLA,4.45,0,Technology
REQ001259,RPT0064,A023,2026-06-02,2026-06-03,Access Request,Medium,In Progress,16,72,Within SLA,2.03,0,Human Resources
REQ001260,RPT0084,A008,2025-11-19,2025-11-21,Change Request,Medium,Completed,35,72,Within SLA,3.19,0,Legal
REQ001261,RPT0080,A016,2025-11-14,2025-11-16,Data Correction,Medium,Completed,54,72,Within SLA,4.91,1,Sales
REQ001262,RPT0027,A004,2026-01-15,2026-01-19,New Report,Low,Completed,90,120,Within SLA,3.5,1,Human Resources
REQ001263,RPT0059,A004,2025-09-05,2025-09-06,Report Issue,High,Completed,23,48,Within SLA,4.84,1,Finance
REQ001264,RPT0011,A002,2026-06-24,2026-06-25,Access Request,High,Completed,45,48,Within SLA,1.74,2,Sales
REQ001265,RPT0027,A013,2024-12-14,2024-12-15,Report Enhancement,Medium,Completed,36,72,Within SLA,3.74,0,Risk
REQ001266,RPT0117,A020,2025-08-02,2025-08-06,Report Issue,Medium,Completed,93,72,Breached,1.23,3,Human Resources
REQ001267,RPT0056,A014,2025-10-13,2025-10-13,Data Correction,High,Completed,9,48,Within SLA,3.07,2,Finance
REQ001268,RPT0069,A015,2025-09-01,2025-09-04,New Report,Medium,Cancelled,71,72,Within SLA,1.76,2,Technology
REQ001269,RPT0096,A008,2025-05-16,2025-05-17,Report Enhancement,High,In Progress,24,48,Within SLA,1.98,0,Risk
REQ001270,RPT0038,A011,2025-05-06,2025-05-08,New Report,Medium,In Progress,58,72,Within SLA,7.89,1,Technology
REQ001271,RPT0099,A020,2025-10-23,2025-10-25,New Report,Medium,Completed,54,72,Within SLA,7.13,1,Finance
REQ001272,RPT0060,A001,2026-04-05,2026-04-08,New Report,Medium,In Progress,65,72,Within SLA,5.09,0,Client Services
REQ001273,RPT0053,A002,2025-10-17,2025-10-18,New Report,Medium,Cancelled,42,72,Within SLA,1.55,1,Operations
REQ001274,RPT0101,A009,2025-06-09,2025-06-10,Data Correction,High,Completed,12,48,Within SLA,2.66,0,Sales
REQ001275,RPT0030,A004,2025-08-09,2025-08-11,Access Request,Low,Completed,42,120,Within SLA,7.76,1,Finance
REQ001276,RPT0030,A002,2026-08-15,2026-08-17,Change Request,Medium,Pending,49,72,Within SLA,3.67,1,Sales
REQ001277,RPT0031,A012,2025-04-27,2025-04-30,Data Correction,Low,Pending,69,120,Within SLA,16.84,0,Operations
REQ001278,RPT0048,A022,2026-06-27,2026-06-28,New Report,Medium,Completed,16,72,Within SLA,4.37,0,Technology
REQ001279,RPT0043,A014,2025-01-14,2025-01-18,New Report,Medium,Pending,84,72,Breached,3.8,1,Human Resources
REQ001280,RPT0120,A005,2026-02-13,2026-02-14,Access Request,High,Completed,9,48,Within SLA,2.67,0,Finance
REQ001281,RPT0101,A019,2025-02-22,2025-02-24,New Report,Medium,Pending,44,72,Within SLA,3.65,1,Human Resources
REQ001282,RPT0084,A003,2025-11-08,2025-11-10,Change Request,Medium,Completed,54,72,Within SLA,2.98,0,Operations
REQ001283,RPT0094,A004,2025-06-14,2025-06-16,Change Request,Medium,Cancelled,52,72,Within SLA,5.45,0,Legal
REQ001284,RPT0108,A019,2025-02-18,2025-02-20,New Report,Medium,In Progress,45,72,Within SLA,6.49,0,Sales
REQ001285,RPT0015,A023,2026-06-16,2026-06-18,Change Request,Medium,In Progress,35,72,Within SLA,1.92,0,Compliance
REQ001286,RPT0118,A012,2026-04-15,2026-04-20,Access Request,High,Pending,124,48,Breached,1.31,0,Client Services
REQ001287,RPT0017,A018,2025-07-06,2025-07-08,Report Enhancement,Low,In Progress,53,120,Within SLA,0.92,2,Compliance
REQ001288,RPT0041,A004,2024-09-23,2024-09-25,Access Request,Medium,In Progress,50,72,Within SLA,4.74,0,Operations
REQ001289,RPT0026,A006,2025-04-25,2025-04-27,Access Request,Medium,Cancelled,48,72,Within SLA,1.53,2,Client Services
REQ001290,RPT0013,A005,2026-03-22,2026-03-26,New Report,Low,Completed,94,120,Within SLA,0.74,0,Finance
REQ001291,RPT0116,A014,2025-08-23,2025-08-28,Access Request,Low,Completed,132,120,Breached,4.36,2,Human Resources
REQ001292,RPT0106,A011,2026-02-19,2026-02-22,Change Request,Medium,Completed,57,72,Within SLA,19.01,0,Operations
REQ001293,RPT0081,A015,2026-07-31,2026-08-03,Report Issue,Low,In Progress,69,120,Within SLA,3.31,2,Technology
REQ001294,RPT0105,A017,2026-05-13,2026-05-14,Data Correction,High,In Progress,19,48,Within SLA,5.97,1,Operations
REQ001295,RPT0042,A015,2025-06-13,2025-06-14,Change Request,High,Completed,31,48,Within SLA,3.52,0,Risk
REQ001296,RPT0007,A019,2025-06-16,2025-06-17,Report Enhancement,High,Completed,14,48,Within SLA,3.1,0,Legal
REQ001297,RPT0097,A006,2026-01-18,2026-01-20,Report Enhancement,Medium,Pending,39,72,Within SLA,6.32,0,Risk
REQ001298,RPT0113,A020,2026-04-28,2026-04-29,New Report,High,In Progress,21,48,Within SLA,2.71,0,Human Resources
REQ001299,RPT0114,A006,2026-05-20,2026-05-21,New Report,Medium,Completed,30,72,Within SLA,4.0,0,Sales
REQ001300,RPT0027,A018,2026-01-09,2026-01-09,Data Correction,Critical,In Progress,9,24,Within SLA,4.16,0,Legal
REQ001301,RPT0063,A001,2024-12-17,2024-12-21,Change Request,Low,Pending,93,120,Within SLA,2.08,0,Human Resources
REQ001302,RPT0107,A015,2025-09-09,2025-09-11,Change Request,Medium,Pending,39,72,Within SLA,6.65,0,Sales
REQ001303,RPT0034,A003,2024-09-18,2024-09-19,New Report,High,Pending,15,48,Within SLA,2.94,0,Risk
REQ001304,RPT0029,A024,2024-11-27,2024-11-28,Data Correction,High,Completed,30,48,Within SLA,1.96,1,Operations
REQ001305,RPT0100,A003,2025-09-15,2025-09-18,Data Correction,Low,Completed,82,120,Within SLA,4.83,0,Human Resources
REQ001306,RPT0072,A022,2025-11-22,2025-11-24,New Report,Medium,Pending,62,72,Within SLA,1.77,0,Finance
REQ001307,RPT0087,A007,2025-05-05,2025-05-07,Report Issue,Medium,Completed,49,72,Within SLA,3.39,3,Sales
REQ001308,RPT0082,A003,2026-06-27,2026-07-02,Access Request,Low,Pending,117,120,Within SLA,3.3,0,Legal
REQ001309,RPT0091,A006,2024-11-06,2024-11-07,Report Issue,High,Completed,12,48,Within SLA,7.1,1,Finance
REQ001310,RPT0062,A017,2026-07-01,2026-07-03,Access Request,Medium,Completed,52,72,Within SLA,4.63,1,Risk
REQ001311,RPT0077,A012,2026-06-08,2026-06-09,Data Correction,High,Pending,39,48,Within SLA,3.26,1,Legal
REQ001312,RPT0054,A015,2025-07-29,2025-07-31,Access Request,Medium,Completed,68,72,Within SLA,5.89,1,Human Resources
REQ001313,RPT0045,A023,2024-11-06,2024-11-08,Change Request,Medium,Completed,41,72,Within SLA,8.79,1,Technology
REQ001314,RPT0004,A010,2025-10-03,2025-10-07,Report Issue,Low,Pending,86,120,Within SLA,4.91,1,Sales
REQ001315,RPT0041,A014,2026-07-29,2026-08-07,Report Enhancement,Low,Pending,228,120,Breached,3.34,0,Technology
REQ001316,RPT0044,A021,2025-08-10,2025-08-11,Access Request,Medium,Completed,15,72,Within SLA,1.33,1,Finance
REQ001317,RPT0081,A004,2024-09-01,2024-09-04,Data Correction,Medium,Completed,68,72,Within SLA,1.58,0,Human Resources
REQ001318,RPT0091,A011,2026-03-05,2026-03-12,Change Request,Medium,Completed,174,72,Breached,2.68,0,Human Resources
REQ001319,RPT0021,A018,2024-12-10,2024-12-13,Report Enhancement,Low,Completed,50,120,Within SLA,2.17,0,Technology
REQ001320,RPT0094,A008,2025-07-05,2025-07-08,Report Issue,Low,Pending,71,120,Within SLA,2.91,0,Finance
REQ001321,RPT0006,A006,2026-06-28,2026-07-03,New Report,High,In Progress,123,48,Breached,3.45,1,Sales
REQ001322,RPT0016,A013,2026-01-11,2026-01-16,Data Correction,Low,Completed,112,120,Within SLA,4.81,0,Technology
REQ001323,RPT0098,A024,2024-12-18,2024-12-21,Change Request,High,Pending,52,48,Breached,3.16,1,Technology
REQ001324,RPT0076,A013,2024-10-18,2024-10-22,New Report,Low,Pending,101,120,Within SLA,4.67,0,Compliance
REQ001325,RPT0036,A015,2025-08-20,2025-08-22,Report Enhancement,High,In Progress,35,48,Within SLA,3.47,0,Compliance
REQ001326,RPT0029,A014,2026-04-20,2026-04-21,New Report,Medium,In Progress,42,72,Within SLA,0.83,0,Legal
REQ001327,RPT0064,A024,2025-03-14,2025-03-16,Data Correction,Medium,Pending,46,72,Within SLA,1.72,0,Technology
REQ001328,RPT0051,A025,2025-05-10,2025-05-12,Data Correction,High,In Progress,36,48,Within SLA,3.0,3,Compliance
REQ001329,RPT0081,A003,2025-12-18,2025-12-20,Access Request,Medium,Completed,53,72,Within SLA,1.42,0,Operations
REQ001330,RPT0052,A020,2026-02-10,2026-02-13,Report Enhancement,Low,Pending,86,120,Within SLA,5.05,0,Client Services
REQ001331,RPT0040,A024,2025-06-25,2025-06-28,Report Enhancement,High,Completed,66,48,Breached,9.69,0,Human Resources
REQ001332,RPT0089,A007,2026-01-07,2026-01-11,Change Request,Low,In Progress,100,120,Within SLA,7.79,0,Legal
REQ001333,RPT0062,A017,2024-10-22,2024-10-24,Access Request,Medium,Completed,53,72,Within SLA,2.86,0,Legal
REQ001334,RPT0017,A025,2026-06-13,2026-06-13,Report Issue,Critical,Completed,5,24,Within SLA,9.43,0,Finance
REQ001335,RPT0005,A014,2025-05-03,2025-05-04,Change Request,Medium,Completed,24,72,Within SLA,3.68,3,Client Services
REQ001336,RPT0052,A001,2026-06-14,2026-06-14,Change Request,Medium,Completed,20,72,Within SLA,2.62,0,Sales
REQ001337,RPT0042,A020,2026-01-26,2026-01-29,New Report,Medium,Completed,71,72,Within SLA,2.16,0,Human Resources
REQ001338,RPT0092,A012,2026-06-19,2026-06-21,Report Enhancement,Medium,Completed,45,72,Within SLA,2.69,2,Legal
REQ001339,RPT0110,A005,2025-10-09,2025-10-12,Report Enhancement,Medium,Completed,71,72,Within SLA,2.53,1,Risk
REQ001340,RPT0009,A001,2025-06-12,2025-06-13,Report Enhancement,High,Completed,28,48,Within SLA,3.74,0,Sales
REQ001341,RPT0080,A015,2025-04-23,2025-04-27,Report Issue,Low,In Progress,92,120,Within SLA,3.72,0,Risk
REQ001342,RPT0025,A009,2025-12-20,2025-12-21,New Report,Medium,Completed,26,72,Within SLA,3.33,0,Sales
REQ001343,RPT0072,A018,2026-03-02,2026-03-04,Access Request,Medium,Completed,51,72,Within SLA,4.51,3,Compliance
REQ001344,RPT0014,A005,2026-07-11,2026-07-12,New Report,Medium,Completed,25,72,Within SLA,7.64,0,Legal
REQ001345,RPT0036,A024,2026-04-02,2026-04-04,Report Enhancement,Medium,Completed,48,72,Within SLA,6.45,1,Client Services
REQ001346,RPT0022,A016,2025-09-04,2025-09-12,Change Request,Low,In Progress,204,120,Breached,1.17,0,Finance
REQ001347,RPT0086,A016,2026-06-29,2026-07-01,Data Correction,Low,Cancelled,41,120,Within SLA,0.56,0,Human Resources
REQ001348,RPT0091,A016,2025-10-15,2025-10-17,Data Correction,Medium,Completed,47,72,Within SLA,6.39,1,Human Resources
REQ001349,RPT0022,A021,2024-09-17,2024-09-18,Data Correction,High,Completed,13,48,Within SLA,1.28,2,Sales
REQ001350,RPT0088,A004,2025-12-13,2025-12-16,Report Issue,Low,Completed,80,120,Within SLA,2.84,1,Legal
REQ001351,RPT0086,A012,2024-10-13,2024-10-15,Access Request,Medium,Completed,67,72,Within SLA,1.46,0,Technology
REQ001352,RPT0023,A024,2025-02-19,2025-02-22,Change Request,Medium,Pending,70,72,Within SLA,0.94,0,Finance
REQ001353,RPT0117,A012,2025-12-24,2025-12-24,Change Request,Medium,Completed,12,72,Within SLA,4.85,0,Sales
REQ001354,RPT0051,A002,2026-02-03,2026-02-04,Report Enhancement,High,Completed,10,48,Within SLA,5.65,1,Sales
REQ001355,RPT0078,A021,2026-08-06,2026-08-16,Data Correction,Medium,Cancelled,256,72,Breached,2.22,3,Client Services
REQ001356,RPT0005,A012,2025-04-01,2025-04-05,Access Request,Low,In Progress,106,120,Within SLA,0.54,2,Finance
REQ001357,RPT0054,A004,2025-02-13,2025-02-14,Report Enhancement,High,Completed,19,48,Within SLA,2.27,0,Finance
REQ001358,RPT0110,A007,2026-03-24,2026-03-24,Access Request,Medium,Completed,18,72,Within SLA,4.37,0,Finance
REQ001359,RPT0076,A024,2024-10-30,2024-10-31,Data Correction,High,Pending,28,48,Within SLA,1.18,0,Human Resources
REQ001360,RPT0009,A007,2025-07-24,2025-07-27,Report Enhancement,Low,In Progress,77,120,Within SLA,3.77,1,Legal
REQ001361,RPT0065,A014,2024-11-05,2024-11-11,Change Request,High,Completed,144,48,Breached,3.28,0,Risk
REQ001362,RPT0016,A011,2026-04-03,2026-04-03,Report Issue,High,Pending,8,48,Within SLA,4.98,1,Client Services
REQ001363,RPT0012,A006,2025-12-26,2025-12-29,Report Enhancement,High,Completed,74,48,Breached,3.61,0,Human Resources
REQ001364,RPT0048,A015,2026-02-18,2026-02-19,Report Enhancement,Medium,Completed,22,72,Within SLA,1.68,0,Operations
REQ001365,RPT0040,A002,2026-06-29,2026-06-30,Report Issue,High,Completed,20,48,Within SLA,7.67,1,Technology
REQ001366,RPT0025,A009,2024-11-07,2024-11-09,Report Issue,Medium,Completed,48,72,Within SLA,2.97,0,Compliance
REQ001367,RPT0075,A012,2025-07-31,2025-08-01,Change Request,Critical,Completed,16,24,Within SLA,3.26,0,Human Resources
REQ001368,RPT0107,A019,2024-12-28,2024-12-30,Report Issue,Medium,Pending,55,72,Within SLA,1.73,0,Technology
REQ001369,RPT0088,A010,2026-02-11,2026-02-13,Change Request,Medium,Completed,56,72,Within SLA,2.43,1,Compliance
REQ001370,RPT0066,A025,2025-04-10,2025-04-13,Data Correction,Medium,Completed,65,72,Within SLA,1.79,0,Compliance
REQ001371,RPT0061,A005,2026-07-23,2026-07-25,Data Correction,Low,Completed,38,120,Within SLA,2.94,1,Client Services
REQ001372,RPT0090,A004,2024-09-12,2024-09-14,Report Enhancement,Medium,Completed,54,72,Within SLA,11.0,0,Human Resources
REQ001373,RPT0117,A012,2024-09-25,2024-09-28,New Report,Low,Completed,67,120,Within SLA,1.27,0,Sales
REQ001374,RPT0076,A019,2025-04-29,2025-04-30,Change Request,Medium,Completed,13,72,Within SLA,1.07,1,Technology
REQ001375,RPT0062,A022,2026-05-01,2026-05-02,Report Issue,Medium,Pending,28,72,Within SLA,9.3,1,Technology
REQ001376,RPT0065,A004,2024-10-03,2024-10-05,Data Correction,Low,Pending,53,120,Within SLA,2.87,2,Technology
REQ001377,RPT0022,A010,2025-04-05,2025-04-07,Access Request,High,Cancelled,33,48,Within SLA,2.08,0,Legal
REQ001378,RPT0007,A003,2025-05-26,2025-05-27,Change Request,Critical,Completed,18,24,Within SLA,6.88,1,Sales
REQ001379,RPT0026,A006,2025-06-08,2025-06-08,Change Request,High,Completed,18,48,Within SLA,2.17,1,Sales
REQ001380,RPT0020,A022,2025-07-21,2025-07-23,Data Correction,Low,Completed,50,120,Within SLA,11.92,1,Legal
REQ001381,RPT0090,A007,2024-12-12,2024-12-13,Data Correction,Low,Completed,36,120,Within SLA,5.34,1,Client Services
REQ001382,RPT0017,A011,2025-02-26,2025-02-27,Report Issue,Medium,Completed,27,72,Within SLA,2.36,0,Risk
REQ001383,RPT0045,A016,2025-10-07,2025-10-09,Access Request,High,Pending,35,48,Within SLA,15.03,0,Finance
REQ001384,RPT0106,A001,2025-07-07,2025-07-08,Change Request,High,Completed,23,48,Within SLA,2.17,0,Technology
REQ001385,RPT0044,A013,2025-11-03,2025-11-06,New Report,Medium,Completed,72,72,Within SLA,5.58,0,Risk
REQ001386,RPT0054,A006,2026-02-01,2026-02-06,Access Request,Low,Completed,110,120,Within SLA,4.09,0,Risk
REQ001387,RPT0094,A004,2026-04-28,2026-04-30,Access Request,Medium,Pending,41,72,Within SLA,8.26,0,Technology
REQ001388,RPT0063,A021,2025-01-07,2025-01-11,New Report,Low,Completed,88,120,Within SLA,9.91,0,Technology
REQ001389,RPT0104,A015,2024-12-31,2025-01-01,Access Request,High,Completed,24,48,Within SLA,3.4,0,Legal
REQ001390,RPT0023,A014,2025-01-03,2025-01-05,Data Correction,High,In Progress,42,48,Within SLA,1.96,0,Legal
REQ001391,RPT0076,A009,2024-10-21,2024-10-21,Access Request,High,Completed,8,48,Within SLA,4.58,3,Compliance
REQ001392,RPT0006,A004,2025-12-07,2025-12-08,Report Enhancement,High,In Progress,37,48,Within SLA,2.07,0,Client Services
REQ001393,RPT0087,A010,2026-06-28,2026-06-30,Access Request,Medium,Pending,55,72,Within SLA,13.59,0,Finance
REQ001394,RPT0005,A020,2025-06-14,2025-06-18,Report Enhancement,Medium,Completed,114,72,Breached,3.65,0,Operations
REQ001395,RPT0013,A005,2025-12-15,2025-12-16,Data Correction,High,Completed,33,48,Within SLA,2.57,0,Risk
REQ001396,RPT0032,A024,2026-02-02,2026-02-04,Report Issue,Medium,Pending,34,72,Within SLA,3.78,1,Legal
REQ001397,RPT0082,A004,2025-02-24,2025-03-01,Report Enhancement,Medium,Completed,140,72,Breached,1.29,3,Technology
REQ001398,RPT0003,A006,2025-09-11,2025-09-12,Report Enhancement,Critical,Completed,22,24,Within SLA,1.68,0,Sales
REQ001399,RPT0102,A007,2026-07-31,2026-08-02,Report Issue,Medium,Pending,65,72,Within SLA,7.69,3,Sales
REQ001400,RPT0048,A019,2025-11-16,2025-11-19,Data Correction,Medium,Completed,62,72,Within SLA,2.1,1,Client Services
REQ001401,RPT0078,A013,2024-12-10,2024-12-10,Change Request,High,Completed,19,48,Within SLA,1.6,1,Risk
REQ001402,RPT0036,A009,2025-02-17,2025-02-20,Report Issue,Medium,Completed,75,72,Breached,4.83,1,Client Services
REQ001403,RPT0042,A008,2025-08-14,2025-08-14,Report Enhancement,High,Completed,14,48,Within SLA,7.61,0,Operations
REQ001404,RPT0077,A011,2025-12-29,2026-01-01,Report Enhancement,Medium,In Progress,64,72,Within SLA,5.49,0,Legal
REQ001405,RPT0057,A005,2025-03-06,2025-03-07,Access Request,Medium,Completed,33,72,Within SLA,6.67,0,Client Services
REQ001406,RPT0005,A022,2025-08-12,2025-08-13,Report Issue,Medium,Completed,22,72,Within SLA,1.95,0,Operations
REQ001407,RPT0048,A010,2025-03-07,2025-03-08,Report Issue,Medium,Cancelled,17,72,Within SLA,1.23,4,Sales
REQ001408,RPT0046,A019,2026-01-20,2026-01-21,Data Correction,Medium,Completed,21,72,Within SLA,9.5,0,Technology
REQ001409,RPT0031,A013,2024-08-28,2024-08-28,Access Request,Critical,Completed,11,24,Within SLA,2.65,0,Legal
REQ001410,RPT0015,A019,2026-07-20,2026-07-21,Change Request,Medium,Pending,38,72,Within SLA,2.79,0,Sales
REQ001411,RPT0028,A014,2026-05-07,2026-05-09,Change Request,High,In Progress,33,48,Within SLA,8.41,0,Sales
REQ001412,RPT0069,A018,2025-08-17,2025-08-19,Data Correction,High,Completed,48,48,Within SLA,4.9,0,Technology
REQ001413,RPT0021,A006,2026-07-21,2026-07-23,Change Request,High,Completed,37,48,Within SLA,4.57,3,Technology
REQ001414,RPT0013,A013,2025-04-01,2025-04-04,Data Correction,Low,Pending,83,120,Within SLA,15.11,1,Technology
REQ001415,RPT0065,A003,2026-01-29,2026-01-31,Access Request,Medium,Completed,51,72,Within SLA,2.12,1,Technology
REQ001416,RPT0048,A001,2025-10-19,2025-10-21,New Report,Medium,Completed,48,72,Within SLA,6.36,1,Technology
REQ001417,RPT0112,A008,2024-12-21,2024-12-24,Report Enhancement,Medium,Completed,70,72,Within SLA,3.46,0,Risk
REQ001418,RPT0027,A019,2024-10-17,2024-10-19,Access Request,High,Pending,56,48,Breached,4.01,2,Client Services
REQ001419,RPT0065,A021,2025-07-30,2025-08-01,Access Request,Low,Completed,54,120,Within SLA,9.68,3,Operations
REQ001420,RPT0009,A001,2025-05-16,2025-05-17,Report Enhancement,High,Pending,18,48,Within SLA,4.74,1,Finance
REQ001421,RPT0054,A009,2025-11-20,2025-11-22,Report Issue,Medium,Pending,42,72,Within SLA,4.84,0,Legal
REQ001422,RPT0106,A024,2025-04-10,2025-04-12,New Report,High,Completed,42,48,Within SLA,7.03,0,Finance
REQ001423,RPT0066,A021,2025-12-30,2025-12-30,Data Correction,High,Pending,10,48,Within SLA,2.57,1,Client Services
REQ001424,RPT0102,A004,2025-07-16,2025-07-17,Access Request,High,Completed,24,48,Within SLA,1.85,1,Risk
REQ001425,RPT0034,A004,2026-02-08,2026-02-11,Data Correction,Medium,Completed,70,72,Within SLA,1.6,0,Human Resources
REQ001426,RPT0034,A011,2025-03-03,2025-03-05,Report Issue,Medium,Completed,57,72,Within SLA,0.84,0,Sales
REQ001427,RPT0005,A025,2025-08-10,2025-08-13,Report Issue,Medium,In Progress,56,72,Within SLA,14.0,0,Risk
REQ001428,RPT0038,A010,2026-06-08,2026-06-11,Change Request,Medium,Completed,68,72,Within SLA,1.53,0,Risk
REQ001429,RPT0104,A023,2025-04-12,2025-04-14,Report Enhancement,Medium,Completed,40,72,Within SLA,2.84,0,Risk
REQ001430,RPT0028,A019,2025-01-22,2025-01-23,Change Request,Medium,Pending,28,72,Within SLA,2.74,0,Sales
REQ001431,RPT0067,A013,2025-06-15,2025-06-18,Change Request,Medium,Completed,58,72,Within SLA,4.12,2,Client Services
REQ001432,RPT0067,A012,2026-06-14,2026-06-15,Report Enhancement,High,Cancelled,17,48,Within SLA,5.88,0,Technology
REQ001433,RPT0002,A022,2025-08-31,2025-09-02,Access Request,Medium,Pending,42,72,Within SLA,6.06,2,Operations
REQ001434,RPT0102,A004,2024-11-11,2024-11-13,Data Correction,Low,Completed,43,120,Within SLA,2.21,1,Compliance
REQ001435,RPT0109,A017,2025-02-21,2025-02-23,Data Correction,Medium,Completed,52,72,Within SLA,2.95,2,Compliance
REQ001436,RPT0065,A003,2025-06-13,2025-06-16,Report Issue,Low,In Progress,75,120,Within SLA,4.05,3,Sales
REQ001437,RPT0008,A015,2025-11-08,2025-11-09,Report Enhancement,Critical,Pending,19,24,Within SLA,2.79,3,Legal
REQ001438,RPT0032,A008,2025-05-26,2025-05-28,Change Request,Low,In Progress,47,120,Within SLA,10.23,1,Client Services
REQ001439,RPT0094,A003,2025-11-10,2025-11-14,Change Request,Low,Completed,94,120,Within SLA,4.68,1,Risk
REQ001440,RPT0060,A004,2025-04-07,2025-04-08,Report Enhancement,Medium,Completed,27,72,Within SLA,5.55,1,Legal
REQ001441,RPT0061,A007,2026-02-15,2026-02-16,New Report,Medium,Completed,24,72,Within SLA,5.28,0,Operations
REQ001442,RPT0111,A004,2025-04-07,2025-04-08,Report Enhancement,Medium,Completed,31,72,Within SLA,7.55,1,Client Services
REQ001443,RPT0033,A025,2024-09-07,2024-09-11,Report Issue,Low,Pending,102,120,Within SLA,3.77,4,Technology
REQ001444,RPT0083,A010,2026-05-27,2026-05-29,Report Enhancement,Medium,Completed,33,72,Within SLA,1.34,0,Sales
REQ001445,RPT0015,A025,2026-01-14,2026-01-18,Report Enhancement,Low,Completed,95,120,Within SLA,4.39,1,Risk
REQ001446,RPT0009,A025,2025-06-24,2025-06-28,Access Request,Low,Pending,89,120,Within SLA,2.1,0,Technology
REQ001447,RPT0106,A006,2025-03-22,2025-03-23,Report Issue,Medium,Pending,40,72,Within SLA,2.29,1,Compliance
REQ001448,RPT0061,A004,2024-08-27,2024-08-28,New Report,High,Completed,40,48,Within SLA,5.01,1,Sales
REQ001449,RPT0101,A006,2025-11-03,2025-11-06,Report Enhancement,Low,In Progress,65,120,Within SLA,7.9,1,Risk
REQ001450,RPT0101,A014,2026-06-23,2026-06-25,Report Enhancement,Medium,Completed,45,72,Within SLA,3.37,1,Sales
REQ001451,RPT0094,A012,2026-02-04,2026-02-05,Change Request,High,Completed,27,48,Within SLA,4.12,0,Human Resources
REQ001452,RPT0052,A002,2026-04-17,2026-04-20,Access Request,Medium,Completed,60,72,Within SLA,10.93,1,Technology
REQ001453,RPT0091,A007,2026-03-22,2026-03-24,Data Correction,Medium,Completed,41,72,Within SLA,3.93,0,Compliance
REQ001454,RPT0042,A018,2024-09-28,2024-10-01,Report Issue,High,Completed,93,48,Breached,20.52,1,Legal
REQ001455,RPT0010,A008,2026-07-29,2026-08-01,Report Issue,Low,Completed,88,120,Within SLA,4.93,0,Risk
REQ001456,RPT0006,A025,2025-12-05,2025-12-06,Data Correction,High,Pending,45,48,Within SLA,0.97,3,Technology
REQ001457,RPT0049,A002,2026-03-22,2026-03-23,Report Issue,Critical,In Progress,9,24,Within SLA,5.63,1,Operations
REQ001458,RPT0061,A005,2025-09-10,2025-09-12,New Report,Medium,Completed,35,72,Within SLA,4.34,0,Operations
REQ001459,RPT0074,A007,2026-05-29,2026-05-30,Data Correction,Critical,In Progress,6,24,Within SLA,8.19,1,Legal
REQ001460,RPT0068,A010,2026-07-24,2026-07-26,New Report,Medium,Completed,46,72,Within SLA,5.32,0,Finance
REQ001461,RPT0099,A015,2026-07-23,2026-07-24,Change Request,High,Completed,28,48,Within SLA,3.01,0,Compliance
REQ001462,RPT0091,A009,2025-03-31,2025-04-01,Change Request,Medium,Completed,35,72,Within SLA,1.41,1,Sales
REQ001463,RPT0104,A016,2026-04-15,2026-04-16,Report Enhancement,High,Completed,15,48,Within SLA,2.87,0,Finance
REQ001464,RPT0065,A011,2026-05-03,2026-05-12,Report Enhancement,Low,Cancelled,213,120,Breached,1.83,4,Legal
REQ001465,RPT0072,A025,2025-02-15,2025-02-16,Access Request,Medium,Completed,16,72,Within SLA,2.21,1,Operations
REQ001466,RPT0084,A007,2025-12-05,2025-12-06,Report Enhancement,Low,Completed,35,120,Within SLA,5.01,0,Operations
REQ001467,RPT0020,A021,2026-05-05,2026-05-07,Report Issue,Medium,Completed,40,72,Within SLA,10.69,4,Human Resources
REQ001468,RPT0105,A014,2025-05-21,2025-05-25,New Report,Low,Completed,82,120,Within SLA,4.38,1,Finance
REQ001469,RPT0042,A014,2025-02-07,2025-02-09,Access Request,Medium,Completed,65,72,Within SLA,1.44,0,Risk
REQ001470,RPT0026,A025,2025-12-28,2025-12-29,Data Correction,High,Completed,28,48,Within SLA,4.53,1,Human Resources
REQ001471,RPT0004,A018,2025-01-15,2025-01-16,Report Issue,High,Completed,17,48,Within SLA,7.67,0,Finance
REQ001472,RPT0085,A007,2025-12-16,2025-12-17,Change Request,Medium,Cancelled,32,72,Within SLA,2.17,3,Compliance
REQ001473,RPT0046,A001,2025-03-03,2025-03-05,Data Correction,Low,Cancelled,53,120,Within SLA,3.02,0,Risk
REQ001474,RPT0095,A007,2026-01-29,2026-01-30,Access Request,Low,Pending,27,120,Within SLA,3.35,1,Technology
REQ001475,RPT0016,A003,2026-03-30,2026-03-31,New Report,Medium,Completed,25,72,Within SLA,1.92,1,Risk
REQ001476,RPT0063,A024,2026-03-03,2026-03-04,Report Enhancement,High,In Progress,15,48,Within SLA,5.23,0,Human Resources
REQ001477,RPT0047,A016,2026-04-09,2026-04-09,Report Issue,Critical,Completed,8,24,Within SLA,3.05,1,Sales
REQ001478,RPT0110,A004,2026-01-15,2026-01-16,Report Enhancement,Low,Completed,24,120,Within SLA,4.45,0,Human Resources
REQ001479,RPT0030,A023,2026-01-31,2026-02-02,Data Correction,High,Pending,35,48,Within SLA,1.78,1,Operations
REQ001480,RPT0115,A011,2026-06-03,2026-06-08,Report Issue,Medium,Completed,126,72,Breached,2.44,1,Finance
REQ001481,RPT0061,A025,2024-12-05,2024-12-05,Change Request,High,Completed,16,48,Within SLA,5.51,0,Finance
REQ001482,RPT0054,A006,2025-12-21,2025-12-24,New Report,Medium,Completed,59,72,Within SLA,2.56,0,Technology
REQ001483,RPT0024,A012,2024-11-04,2024-11-06,Change Request,Low,Completed,43,120,Within SLA,11.12,2,Operations
REQ001484,RPT0034,A020,2026-07-23,2026-07-26,Change Request,Low,Completed,75,120,Within SLA,2.51,2,Human Resources
REQ001485,RPT0006,A018,2025-12-21,2025-12-24,New Report,High,Completed,76,48,Breached,3.89,2,Technology
REQ001486,RPT0009,A004,2026-01-05,2026-01-06,Report Enhancement,High,Completed,28,48,Within SLA,6.38,0,Client Services
REQ001487,RPT0104,A021,2024-09-20,2024-09-21,Access Request,Critical,Pending,19,24,Within SLA,1.23,2,Finance
REQ001488,RPT0079,A022,2025-04-17,2025-04-22,Data Correction,Medium,Pending,112,72,Breached,0.97,0,Operations
REQ001489,RPT0017,A005,2026-04-25,2026-04-27,Access Request,Medium,Pending,48,72,Within SLA,1.14,0,Compliance
REQ001490,RPT0032,A008,2025-07-29,2025-08-01,Report Issue,Low,Completed,75,120,Within SLA,8.04,1,Sales
REQ001491,RPT0074,A009,2024-09-15,2024-09-17,Change Request,High,Completed,37,48,Within SLA,2.26,0,Risk
REQ001492,RPT0096,A013,2025-11-14,2025-11-16,Data Correction,Medium,In Progress,49,72,Within SLA,19.9,2,Finance
REQ001493,RPT0042,A001,2025-05-31,2025-06-02,Change Request,Critical,Completed,44,24,Breached,2.24,0,Client Services
REQ001494,RPT0059,A020,2026-03-12,2026-03-14,Access Request,High,Completed,44,48,Within SLA,3.78,4,Sales
REQ001495,RPT0044,A006,2024-12-01,2024-12-03,Report Enhancement,Medium,In Progress,53,72,Within SLA,9.77,3,Sales
REQ001496,RPT0110,A011,2024-10-30,2024-10-31,Data Correction,High,Completed,43,48,Within SLA,13.52,0,Legal
REQ001497,RPT0030,A015,2026-07-28,2026-08-15,Data Correction,Low,Completed,424,120,Breached,14.06,0,Operations
REQ001498,RPT0071,A003,2025-04-07,2025-04-10,New Report,Medium,Completed,67,72,Within SLA,7.74,0,Legal
REQ001499,RPT0029,A025,2025-05-01,2025-05-03,Change Request,Medium,Pending,44,72,Within SLA,6.8,2,Finance
REQ001500,RPT0068,A017,2026-03-24,2026-03-26,Change Request,High,Completed,46,48,Within SLA,5.03,1,Finance
REQ001501,RPT0021,A004,2025-07-09,2025-07-12,Report Enhancement,Medium,Completed,72,72,Within SLA,5.73,0,Risk
REQ001502,RPT0070,A020,2025-01-04,2025-01-07,Report Issue,Medium,Completed,65,72,Within SLA,2.26,1,Technology
REQ001503,RPT0067,A014,2025-01-23,2025-01-26,Change Request,Medium,Cancelled,72,72,Within SLA,1.87,0,Client Services
REQ001504,RPT0086,A010,2024-12-01,2024-12-05,Access Request,Medium,In Progress,93,72,Breached,3.31,1,Compliance
REQ001505,RPT0062,A006,2026-04-23,2026-04-24,Report Issue,Medium,Cancelled,15,72,Within SLA,2.95,0,Compliance
REQ001506,RPT0045,A003,2025-10-13,2025-10-15,Access Request,High,Completed,33,48,Within SLA,2.42,0,Compliance
REQ001507,RPT0020,A007,2026-07-02,2026-07-07,Data Correction,Low,Completed,116,120,Within SLA,5.41,3,Client Services
REQ001508,RPT0068,A004,2025-06-01,2025-06-01,Change Request,Medium,In Progress,12,72,Within SLA,6.48,0,Client Services
REQ001509,RPT0020,A003,2025-10-07,2025-10-08,Change Request,Medium,Completed,19,72,Within SLA,3.53,1,Human Resources
REQ001510,RPT0022,A023,2025-09-14,2025-09-17,Data Correction,High,Completed,72,48,Breached,9.34,0,Client Services
REQ001511,RPT0047,A008,2026-07-31,2026-08-05,Data Correction,Low,Completed,117,120,Within SLA,1.49,1,Client Services
REQ001512,RPT0094,A009,2025-03-20,2025-03-23,Report Issue,Critical,Completed,66,24,Breached,2.9,2,Sales
REQ001513,RPT0002,A004,2026-05-28,2026-05-30,Report Issue,Medium,Completed,65,72,Within SLA,2.01,0,Client Services
REQ001514,RPT0100,A023,2024-12-26,2024-12-28,Change Request,Medium,Completed,39,72,Within SLA,0.9,0,Client Services
REQ001515,RPT0049,A002,2025-03-08,2025-03-10,Report Enhancement,Medium,Completed,50,72,Within SLA,3.13,3,Operations
REQ001516,RPT0098,A008,2026-07-31,2026-08-01,Report Enhancement,High,Completed,14,48,Within SLA,3.05,0,Human Resources
REQ001517,RPT0006,A012,2026-05-23,2026-05-25,Report Enhancement,Medium,Pending,38,72,Within SLA,9.58,1,Client Services
REQ001518,RPT0096,A025,2025-08-30,2025-09-02,Access Request,Medium,Completed,72,72,Within SLA,5.16,2,Technology
REQ001519,RPT0118,A014,2026-05-09,2026-05-11,Report Issue,High,Completed,57,48,Breached,1.62,0,Finance
REQ001520,RPT0032,A009,2025-04-07,2025-04-08,Report Issue,Medium,Pending,34,72,Within SLA,12.16,0,Client Services
REQ001521,RPT0027,A018,2026-03-23,2026-03-26,New Report,Medium,In Progress,52,72,Within SLA,7.8,1,Legal
REQ001522,RPT0064,A003,2026-06-28,2026-06-29,Report Issue,Medium,Completed,34,72,Within SLA,4.99,0,Human Resources
REQ001523,RPT0040,A004,2025-05-11,2025-05-13,Data Correction,Medium,In Progress,65,72,Within SLA,2.83,0,Operations
REQ001524,RPT0034,A023,2026-05-07,2026-05-09,Report Issue,Medium,Completed,52,72,Within SLA,1.7,0,Client Services
REQ001525,RPT0042,A001,2024-11-18,2024-11-19,Data Correction,Medium,Completed,35,72,Within SLA,2.56,3,Operations
REQ001526,RPT0072,A018,2025-08-19,2025-08-22,Change Request,Medium,Pending,56,72,Within SLA,7.11,0,Risk
REQ001527,RPT0085,A013,2024-10-18,2024-10-21,Access Request,Medium,Completed,68,72,Within SLA,12.42,2,Sales
REQ001528,RPT0095,A010,2024-12-08,2024-12-12,Change Request,High,Completed,99,48,Breached,9.78,0,Operations
REQ001529,RPT0036,A001,2026-03-29,2026-03-29,Data Correction,Critical,Completed,3,24,Within SLA,2.36,0,Client Services
REQ001530,RPT0104,A007,2025-02-12,2025-02-13,Change Request,High,Cancelled,23,48,Within SLA,1.52,0,Risk
REQ001531,RPT0054,A018,2026-06-20,2026-06-22,New Report,Medium,Cancelled,66,72,Within SLA,3.66,2,Legal
REQ001532,RPT0114,A013,2026-01-28,2026-02-01,Report Enhancement,Low,Completed,90,120,Within SLA,0.96,1,Sales
REQ001533,RPT0119,A008,2026-03-06,2026-03-07,Report Issue,High,Completed,24,48,Within SLA,4.16,0,Human Resources
REQ001534,RPT0090,A008,2026-01-26,2026-01-27,Report Enhancement,Medium,Cancelled,20,72,Within SLA,2.99,2,Legal
REQ001535,RPT0014,A020,2025-06-25,2025-06-29,Report Enhancement,Low,Cancelled,88,120,Within SLA,2.4,0,Compliance
REQ001536,RPT0035,A019,2026-06-08,2026-06-10,Report Issue,Medium,In Progress,47,72,Within SLA,1.09,0,Finance
REQ001537,RPT0058,A018,2026-05-07,2026-05-11,Access Request,Medium,Completed,78,72,Breached,4.76,0,Finance
REQ001538,RPT0093,A009,2025-10-27,2025-10-28,Data Correction,Medium,In Progress,16,72,Within SLA,2.29,0,Sales
REQ001539,RPT0051,A007,2025-06-01,2025-06-04,Report Issue,Low,Completed,79,120,Within SLA,1.46,3,Client Services
REQ001540,RPT0066,A014,2024-10-30,2024-10-31,Data Correction,Medium,In Progress,33,72,Within SLA,0.5,1,Risk
REQ001541,RPT0097,A012,2026-04-27,2026-04-27,Report Enhancement,Critical,Completed,2,24,Within SLA,3.26,0,Operations
REQ001542,RPT0077,A025,2025-06-23,2025-06-25,New Report,Medium,Completed,58,72,Within SLA,11.48,0,Risk
REQ001543,RPT0052,A019,2024-08-31,2024-09-10,Change Request,Low,Pending,234,120,Breached,10.62,0,Technology
REQ001544,RPT0046,A006,2025-03-14,2025-03-17,Access Request,Medium,Completed,66,72,Within SLA,2.41,0,Technology
REQ001545,RPT0083,A021,2025-10-11,2025-10-13,Data Correction,Medium,Completed,37,72,Within SLA,2.18,0,Operations
REQ001546,RPT0072,A002,2024-11-25,2024-11-29,Data Correction,Medium,Completed,112,72,Breached,4.61,0,Human Resources
REQ001547,RPT0004,A019,2025-08-09,2025-08-20,New Report,Low,Cancelled,273,120,Breached,1.65,0,Human Resources
REQ001548,RPT0045,A004,2025-06-03,2025-06-04,New Report,Critical,Completed,21,24,Within SLA,4.1,0,Risk
REQ001549,RPT0023,A017,2026-01-25,2026-01-27,Report Enhancement,Medium,Completed,40,72,Within SLA,5.68,2,Risk
REQ001550,RPT0016,A010,2026-03-25,2026-03-29,Access Request,Low,Completed,92,120,Within SLA,7.84,1,Sales
REQ001551,RPT0025,A020,2026-01-25,2026-01-27,New Report,Medium,Completed,45,72,Within SLA,3.1,0,Risk
REQ001552,RPT0015,A022,2025-03-12,2025-03-14,Report Enhancement,High,Pending,43,48,Within SLA,2.88,1,Legal
REQ001553,RPT0102,A013,2025-11-18,2025-11-19,New Report,Medium,Completed,27,72,Within SLA,1.8,0,Finance
REQ001554,RPT0091,A025,2025-06-12,2025-06-16,Data Correction,Low,Cancelled,85,120,Within SLA,1.86,2,Operations
REQ001555,RPT0067,A013,2026-05-21,2026-05-25,Report Enhancement,Low,In Progress,91,120,Within SLA,2.83,1,Legal
REQ001556,RPT0081,A014,2025-12-29,2026-01-02,Report Issue,Low,Completed,81,120,Within SLA,4.29,0,Technology
REQ001557,RPT0050,A010,2025-06-05,2025-06-12,Access Request,Medium,Completed,172,72,Breached,6.29,0,Client Services
REQ001558,RPT0012,A010,2024-11-13,2024-11-14,Data Correction,High,In Progress,41,48,Within SLA,1.89,0,Legal
REQ001559,RPT0046,A018,2026-01-27,2026-02-01,Change Request,Medium,In Progress,138,72,Breached,9.44,0,Finance
REQ001560,RPT0088,A023,2025-02-18,2025-02-20,Report Issue,High,In Progress,41,48,Within SLA,2.75,0,Finance
REQ001561,RPT0027,A016,2025-08-22,2025-08-24,Change Request,Low,Pending,52,120,Within SLA,3.27,0,Compliance
REQ001562,RPT0015,A010,2024-09-09,2024-09-12,Report Enhancement,Medium,Completed,71,72,Within SLA,1.97,2,Finance
REQ001563,RPT0106,A008,2025-12-15,2025-12-16,Change Request,Medium,Pending,33,72,Within SLA,0.61,4,Human Resources
REQ001564,RPT0119,A014,2026-07-08,2026-07-11,Access Request,Low,Completed,55,120,Within SLA,6.16,0,Sales
REQ001565,RPT0106,A014,2025-10-31,2025-11-01,Change Request,High,In Progress,25,48,Within SLA,5.56,0,Technology
REQ001566,RPT0089,A013,2025-05-02,2025-05-04,Data Correction,High,Completed,39,48,Within SLA,2.73,0,Finance
REQ001567,RPT0116,A016,2026-08-01,2026-08-03,Report Issue,High,Completed,44,48,Within SLA,3.48,0,Operations
REQ001568,RPT0120,A023,2025-12-07,2025-12-10,Change Request,Medium,Completed,59,72,Within SLA,4.76,1,Technology
REQ001569,RPT0051,A007,2025-02-08,2025-02-10,Data Correction,Medium,Completed,48,72,Within SLA,1.11,1,Operations
REQ001570,RPT0014,A004,2026-01-06,2026-01-07,Report Enhancement,High,Completed,41,48,Within SLA,2.29,0,Compliance
REQ001571,RPT0057,A024,2024-10-09,2024-10-09,New Report,High,Completed,12,48,Within SLA,5.79,1,Risk
REQ001572,RPT0099,A007,2025-12-27,2025-12-30,Access Request,Medium,Completed,71,72,Within SLA,1.38,3,Human Resources
REQ001573,RPT0023,A012,2026-05-22,2026-05-24,New Report,Medium,Pending,33,72,Within SLA,4.08,0,Client Services
REQ001574,RPT0009,A008,2025-08-16,2025-08-17,Change Request,High,Completed,32,48,Within SLA,1.28,0,Risk
REQ001575,RPT0032,A020,2026-07-28,2026-08-07,Report Issue,Low,In Progress,240,120,Breached,4.6,0,Legal
REQ001576,RPT0067,A018,2026-02-16,2026-02-21,Data Correction,Medium,Completed,128,72,Breached,3.24,0,Finance
REQ001577,RPT0014,A022,2025-04-12,2025-04-13,Report Enhancement,High,In Progress,28,48,Within SLA,1.07,0,Compliance
REQ001578,RPT0110,A008,2026-01-07,2026-01-09,New Report,Medium,Completed,64,72,Within SLA,7.5,1,Finance
REQ001579,RPT0083,A013,2025-07-04,2025-07-06,Report Enhancement,Medium,Completed,64,72,Within SLA,1.99,3,Sales
REQ001580,RPT0033,A012,2024-11-19,2024-11-22,Report Issue,Medium,Completed,59,72,Within SLA,1.88,0,Client Services
REQ001581,RPT0037,A021,2024-12-07,2024-12-09,Access Request,High,Completed,42,48,Within SLA,3.82,0,Risk
REQ001582,RPT0039,A005,2024-09-25,2024-09-25,Access Request,Critical,Pending,13,24,Within SLA,7.42,0,Finance
REQ001583,RPT0108,A021,2024-09-18,2024-09-21,Access Request,Medium,Pending,66,72,Within SLA,1.63,0,Human Resources
REQ001584,RPT0050,A015,2025-04-14,2025-04-15,Change Request,High,Completed,34,48,Within SLA,3.47,0,Human Resources
REQ001585,RPT0092,A007,2025-09-07,2025-09-10,Data Correction,Medium,Completed,58,72,Within SLA,4.48,0,Compliance
REQ001586,RPT0102,A014,2024-11-19,2024-11-22,Report Issue,Medium,Completed,69,72,Within SLA,5.39,2,Human Resources
REQ001587,RPT0116,A025,2024-11-04,2024-11-11,Report Issue,Medium,Completed,168,72,Breached,3.76,0,Technology
REQ001588,RPT0056,A006,2025-02-19,2025-02-21,New Report,Low,Completed,44,120,Within SLA,2.57,3,Client Services
REQ001589,RPT0088,A019,2026-07-11,2026-07-13,New Report,Medium,Completed,54,72,Within SLA,1.86,4,Risk
REQ001590,RPT0032,A024,2025-10-12,2025-10-13,Report Issue,Medium,In Progress,24,72,Within SLA,3.53,0,Risk
REQ001591,RPT0005,A022,2024-12-04,2024-12-06,Access Request,Medium,Pending,51,72,Within SLA,1.57,1,Operations
REQ001592,RPT0120,A012,2025-06-18,2025-06-20,New Report,Low,Completed,30,120,Within SLA,0.5,0,Compliance
REQ001593,RPT0075,A015,2025-08-08,2025-08-09,Report Issue,Low,Completed,32,120,Within SLA,4.51,2,Client Services
REQ001594,RPT0113,A005,2025-06-05,2025-06-05,Data Correction,High,Completed,14,48,Within SLA,6.25,0,Risk
REQ001595,RPT0061,A023,2026-01-23,2026-01-26,Access Request,Low,Pending,76,120,Within SLA,0.64,1,Sales
REQ001596,RPT0057,A004,2026-03-21,2026-03-21,Report Issue,High,Completed,15,48,Within SLA,1.64,0,Finance
REQ001597,RPT0089,A012,2026-02-12,2026-02-14,Change Request,High,Completed,38,48,Within SLA,5.12,0,Client Services
REQ001598,RPT0073,A012,2025-10-14,2025-10-15,Report Enhancement,Medium,Completed,13,72,Within SLA,14.02,3,Human Resources
REQ001599,RPT0118,A005,2025-07-12,2025-07-13,New Report,High,Completed,16,48,Within SLA,3.37,1,Operations
REQ001600,RPT0011,A012,2025-11-20,2025-11-22,Report Issue,Low,Completed,61,120,Within SLA,1.99,3,Client Services
REQ001601,RPT0066,A009,2026-03-20,2026-03-21,New Report,Medium,Completed,22,72,Within SLA,2.92,0,Legal
REQ001602,RPT0034,A015,2026-03-08,2026-03-08,New Report,Medium,Pending,15,72,Within SLA,8.69,1,Technology
REQ001603,RPT0071,A002,2024-12-19,2024-12-23,Data Correction,Low,In Progress,108,120,Within SLA,2.11,0,Risk
REQ001604,RPT0049,A013,2026-07-09,2026-07-12,Report Enhancement,Low,Completed,62,120,Within SLA,1.9,2,Finance
REQ001605,RPT0101,A014,2025-07-09,2025-07-10,Report Issue,Medium,In Progress,33,72,Within SLA,2.37,0,Technology
REQ001606,RPT0037,A009,2026-01-11,2026-01-14,Report Issue,Medium,Pending,58,72,Within SLA,1.7,0,Operations
REQ001607,RPT0003,A005,2024-11-05,2024-11-07,Access Request,High,Completed,28,48,Within SLA,3.62,2,Operations
REQ001608,RPT0012,A003,2026-05-30,2026-06-01,Change Request,Low,Completed,43,120,Within SLA,10.35,0,Finance
REQ001609,RPT0112,A015,2025-09-05,2025-09-22,Report Issue,Low,Pending,412,120,Breached,4.16,1,Human Resources
REQ001610,RPT0024,A003,2025-12-12,2025-12-31,Report Issue,Low,Completed,456,120,Breached,2.78,3,Operations
REQ001611,RPT0081,A017,2025-07-04,2025-07-06,New Report,Medium,In Progress,50,72,Within SLA,2.71,0,Compliance
REQ001612,RPT0037,A024,2026-08-20,2026-08-22,Access Request,High,In Progress,39,48,Within SLA,1.11,0,Finance
REQ001613,RPT0113,A018,2025-03-26,2025-03-28,Access Request,Low,Completed,46,120,Within SLA,6.16,0,Compliance
REQ001614,RPT0030,A006,2024-09-15,2024-09-17,Report Issue,Low,In Progress,48,120,Within SLA,3.14,0,Technology
REQ001615,RPT0055,A009,2026-02-08,2026-02-09,Report Issue,High,Completed,34,48,Within SLA,2.93,0,Human Resources
REQ001616,RPT0009,A002,2025-06-04,2025-06-09,Report Issue,Low,Completed,111,120,Within SLA,31.04,1,Operations
REQ001617,RPT0087,A025,2025-02-05,2025-02-07,Access Request,Medium,In Progress,51,72,Within SLA,4.09,0,Client Services
REQ001618,RPT0047,A023,2025-07-31,2025-07-31,New Report,Critical,In Progress,12,24,Within SLA,1.96,2,Operations
REQ001619,RPT0048,A016,2025-08-01,2025-08-03,Report Enhancement,Medium,Pending,40,72,Within SLA,2.46,2,Sales
REQ001620,RPT0089,A012,2025-02-20,2025-02-21,Access Request,Medium,Cancelled,24,72,Within SLA,7.42,0,Technology
REQ001621,RPT0058,A005,2026-06-16,2026-06-17,Access Request,High,Completed,33,48,Within SLA,3.59,2,Risk
REQ001622,RPT0049,A021,2025-05-29,2025-05-30,Report Issue,High,Completed,9,48,Within SLA,1.21,1,Risk
REQ001623,RPT0076,A006,2024-11-06,2024-11-08,Access Request,Medium,Completed,64,72,Within SLA,6.32,0,Compliance
REQ001624,RPT0051,A006,2026-02-04,2026-02-07,New Report,Low,Completed,58,120,Within SLA,2.08,0,Sales
REQ001625,RPT0110,A006,2025-06-02,2025-06-04,Report Enhancement,Medium,Completed,50,72,Within SLA,12.32,0,Client Services
REQ001626,RPT0078,A010,2025-10-17,2025-10-19,Report Issue,Low,Cancelled,32,120,Within SLA,7.07,1,Risk
REQ001627,RPT0040,A021,2026-07-22,2026-07-23,Change Request,Medium,Completed,25,72,Within SLA,2.43,0,Risk
REQ001628,RPT0068,A010,2026-01-03,2026-01-05,Data Correction,Medium,In Progress,39,72,Within SLA,8.14,1,Human Resources
REQ001629,RPT0009,A001,2025-05-26,2025-05-27,Report Issue,Medium,In Progress,20,72,Within SLA,3.48,3,Client Services
REQ001630,RPT0116,A011,2024-10-07,2024-10-08,Data Correction,Medium,Completed,32,72,Within SLA,6.03,2,Client Services
REQ001631,RPT0042,A021,2025-06-26,2025-06-27,Data Correction,Medium,Completed,33,72,Within SLA,4.66,2,Compliance
REQ001632,RPT0114,A001,2025-03-23,2025-03-25,Report Issue,Medium,Completed,64,72,Within SLA,1.84,1,Human Resources
REQ001633,RPT0063,A015,2025-01-15,2025-01-16,Report Enhancement,High,Completed,17,48,Within SLA,2.12,0,Sales
REQ001634,RPT0047,A025,2024-11-23,2024-11-26,New Report,Medium,In Progress,62,72,Within SLA,6.83,1,Finance
REQ001635,RPT0072,A005,2026-06-10,2026-06-13,Access Request,Low,Completed,65,120,Within SLA,2.63,1,Sales
REQ001636,RPT0083,A007,2026-05-23,2026-05-26,Data Correction,Medium,Completed,68,72,Within SLA,2.5,2,Operations
REQ001637,RPT0032,A013,2025-08-09,2025-08-10,Data Correction,High,In Progress,20,48,Within SLA,1.7,0,Technology
REQ001638,RPT0004,A021,2024-10-31,2024-11-01,Report Issue,High,Completed,24,48,Within SLA,4.47,0,Technology
REQ001639,RPT0021,A020,2026-01-17,2026-01-18,New Report,Medium,In Progress,21,72,Within SLA,14.07,0,Client Services
REQ001640,RPT0037,A006,2025-02-01,2025-02-04,Data Correction,Low,Completed,59,120,Within SLA,1.57,1,Risk
REQ001641,RPT0041,A024,2026-01-01,2026-01-01,Data Correction,Critical,Completed,12,24,Within SLA,3.38,0,Technology
REQ001642,RPT0108,A025,2025-12-30,2026-01-02,Report Enhancement,Low,Completed,65,120,Within SLA,8.92,0,Finance
REQ001643,RPT0092,A023,2025-11-27,2025-12-05,Report Issue,Medium,Completed,192,72,Breached,3.14,0,Risk
REQ001644,RPT0031,A003,2024-09-06,2024-09-10,Access Request,Low,Completed,86,120,Within SLA,4.56,3,Human Resources
REQ001645,RPT0068,A014,2024-09-29,2024-10-06,Data Correction,Medium,Completed,180,72,Breached,1.58,0,Technology
REQ001646,RPT0117,A009,2026-04-24,2026-04-26,Report Issue,Low,Pending,50,120,Within SLA,4.48,0,Compliance
REQ001647,RPT0006,A002,2025-05-07,2025-05-11,Change Request,Low,In Progress,108,120,Within SLA,2.91,0,Compliance
REQ001648,RPT0097,A021,2025-02-26,2025-02-26,Change Request,High,Cancelled,16,48,Within SLA,6.62,0,Technology
REQ001649,RPT0071,A003,2024-11-26,2024-11-27,New Report,Medium,Completed,13,72,Within SLA,7.62,1,Finance
REQ001650,RPT0011,A019,2026-04-24,2026-04-26,Change Request,Medium,Completed,49,72,Within SLA,20.34,0,Human Resources
REQ001651,RPT0081,A024,2025-11-02,2025-11-03,Report Enhancement,High,Completed,21,48,Within SLA,4.98,0,Sales
REQ001652,RPT0033,A011,2025-01-27,2025-01-28,Data Correction,Medium,Completed,22,72,Within SLA,4.17,1,Compliance
REQ001653,RPT0084,A022,2024-10-13,2024-10-14,Data Correction,High,Completed,26,48,Within SLA,3.8,0,Legal
REQ001654,RPT0112,A007,2026-05-27,2026-05-30,Access Request,Low,Completed,73,120,Within SLA,2.59,1,Compliance
REQ001655,RPT0047,A015,2026-04-07,2026-04-08,Report Enhancement,High,Completed,21,48,Within SLA,4.21,2,Finance
REQ001656,RPT0004,A010,2025-10-25,2025-10-28,Report Issue,Medium,Completed,68,72,Within SLA,2.7,0,Finance
REQ001657,RPT0093,A011,2025-01-28,2025-01-29,Change Request,High,Pending,21,48,Within SLA,3.74,1,Client Services
REQ001658,RPT0102,A022,2025-11-19,2025-11-21,Access Request,Medium,Completed,43,72,Within SLA,8.35,1,Compliance
REQ001659,RPT0036,A001,2025-02-04,2025-02-10,New Report,Medium,Pending,132,72,Breached,1.64,2,Sales
REQ001660,RPT0025,A014,2026-05-14,2026-05-17,Access Request,Medium,Completed,66,72,Within SLA,7.37,0,Human Resources
REQ001661,RPT0039,A005,2026-06-27,2026-06-28,New Report,Medium,In Progress,31,72,Within SLA,8.35,2,Sales
REQ001662,RPT0088,A001,2025-02-17,2025-02-21,Access Request,High,Pending,84,48,Breached,3.06,1,Client Services
REQ001663,RPT0089,A018,2025-05-03,2025-05-05,Change Request,Low,Completed,54,120,Within SLA,0.75,2,Sales
REQ001664,RPT0009,A013,2026-04-14,2026-04-15,Data Correction,Low,Completed,32,120,Within SLA,2.17,0,Technology
REQ001665,RPT0074,A002,2024-12-13,2024-12-17,New Report,Low,Completed,83,120,Within SLA,8.23,3,Operations
REQ001666,RPT0035,A007,2026-04-25,2026-04-26,Data Correction,High,In Progress,20,48,Within SLA,3.27,0,Compliance
REQ001667,RPT0056,A018,2026-07-21,2026-07-30,Report Issue,Medium,Completed,212,72,Breached,1.65,2,Client Services
REQ001668,RPT0059,A016,2025-11-26,2025-11-28,Change Request,High,In Progress,26,48,Within SLA,2.33,1,Legal
REQ001669,RPT0095,A021,2024-08-23,2024-08-25,Change Request,Medium,Pending,58,72,Within SLA,5.98,0,Human Resources
REQ001670,RPT0019,A022,2025-03-24,2025-03-27,Access Request,Low,Completed,83,120,Within SLA,4.87,1,Client Services
REQ001671,RPT0043,A012,2026-06-18,2026-06-23,Report Issue,Medium,Completed,117,72,Breached,2.81,2,Client Services
REQ001672,RPT0118,A021,2024-12-11,2024-12-12,Access Request,High,Pending,18,48,Within SLA,2.57,0,Risk
REQ001673,RPT0018,A007,2024-11-29,2024-12-02,Report Enhancement,Medium,Completed,59,72,Within SLA,2.52,1,Technology
REQ001674,RPT0074,A001,2025-10-14,2025-10-16,New Report,High,Pending,40,48,Within SLA,1.74,0,Sales
REQ001675,RPT0063,A004,2025-03-03,2025-03-04,Report Enhancement,Medium,Completed,26,72,Within SLA,10.29,1,Human Resources
REQ001676,RPT0029,A019,2026-05-03,2026-05-04,Report Issue,High,Completed,33,48,Within SLA,2.65,2,Human Resources
REQ001677,RPT0020,A023,2025-01-03,2025-01-04,Report Issue,Medium,In Progress,18,72,Within SLA,7.78,1,Compliance
REQ001678,RPT0118,A003,2024-11-14,2024-11-18,Report Issue,Low,In Progress,88,120,Within SLA,9.63,0,Sales
REQ001679,RPT0105,A007,2026-01-16,2026-01-17,Change Request,High,Completed,21,48,Within SLA,6.68,0,Finance
REQ001680,RPT0009,A009,2026-06-24,2026-06-26,New Report,Low,Completed,47,120,Within SLA,2.45,1,Client Services
REQ001681,RPT0050,A012,2024-09-10,2024-09-16,New Report,Medium,Completed,148,72,Breached,4.4,0,Compliance
REQ001682,RPT0087,A016,2024-12-01,2024-12-03,Data Correction,Medium,Completed,42,72,Within SLA,3.26,1,Finance
REQ001683,RPT0097,A018,2024-09-01,2024-09-03,Access Request,Medium,Completed,56,72,Within SLA,1.76,1,Operations
REQ001684,RPT0004,A013,2025-05-26,2025-05-27,Access Request,Medium,Completed,34,72,Within SLA,4.17,1,Finance
REQ001685,RPT0093,A023,2026-04-26,2026-04-27,Access Request,High,Completed,24,48,Within SLA,1.45,0,Operations
REQ001686,RPT0040,A018,2026-04-25,2026-04-27,Access Request,Medium,Completed,50,72,Within SLA,7.62,0,Client Services
REQ001687,RPT0120,A017,2025-02-21,2025-03-02,Change Request,Medium,Completed,220,72,Breached,2.4,1,Client Services
REQ001688,RPT0069,A021,2025-11-21,2025-11-23,New Report,Medium,Completed,56,72,Within SLA,3.82,2,Finance
REQ001689,RPT0110,A006,2025-04-29,2025-05-01,Data Correction,Medium,In Progress,43,72,Within SLA,4.05,0,Finance
REQ001690,RPT0026,A016,2024-09-02,2024-09-04,Data Correction,Medium,Completed,55,72,Within SLA,2.77,2,Client Services
REQ001691,RPT0006,A010,2025-01-03,2025-01-07,Change Request,Low,In Progress,107,120,Within SLA,5.01,1,Risk
REQ001692,RPT0104,A023,2025-03-15,2025-03-17,Change Request,Medium,In Progress,66,72,Within SLA,2.38,1,Operations
REQ001693,RPT0047,A023,2024-09-30,2024-10-04,New Report,Low,Completed,101,120,Within SLA,6.11,0,Technology
REQ001694,RPT0061,A002,2024-11-27,2024-11-28,New Report,High,Pending,31,48,Within SLA,1.29,0,Sales
REQ001695,RPT0052,A017,2026-03-20,2026-03-22,Access Request,Medium,Completed,64,72,Within SLA,3.63,0,Compliance
REQ001696,RPT0085,A018,2025-07-13,2025-07-18,Change Request,Low,Completed,97,120,Within SLA,12.9,0,Human Resources
REQ001697,RPT0015,A018,2025-10-03,2025-10-06,Report Enhancement,Medium,Completed,62,72,Within SLA,1.65,1,Finance
REQ001698,RPT0008,A017,2024-11-17,2024-11-22,Change Request,Low,Completed,119,120,Within SLA,2.07,0,Finance
REQ001699,RPT0032,A016,2026-03-23,2026-03-26,New Report,Medium,Completed,90,72,Breached,4.76,0,Compliance
REQ001700,RPT0081,A018,2024-10-09,2024-10-12,Change Request,Medium,Completed,75,72,Breached,3.76,1,Operations
REQ001701,RPT0066,A003,2025-08-25,2025-08-26,Change Request,Medium,Pending,21,72,Within SLA,4.24,0,Risk
REQ001702,RPT0034,A014,2025-08-04,2025-08-06,Change Request,Medium,Completed,52,72,Within SLA,4.68,0,Finance
REQ001703,RPT0048,A013,2026-04-17,2026-04-29,Access Request,Low,Completed,296,120,Breached,5.18,1,Client Services
REQ001704,RPT0066,A014,2025-05-29,2025-05-29,Report Enhancement,High,Completed,16,48,Within SLA,7.22,3,Risk
REQ001705,RPT0009,A018,2025-09-23,2025-10-03,Change Request,Medium,Completed,244,72,Breached,4.42,0,Operations
REQ001706,RPT0060,A021,2025-11-25,2025-11-25,Report Issue,High,Completed,10,48,Within SLA,2.8,0,Human Resources
REQ001707,RPT0063,A013,2024-11-13,2024-11-14,Data Correction,High,Completed,27,48,Within SLA,5.32,0,Legal
REQ001708,RPT0063,A011,2025-08-07,2025-08-13,Report Issue,Medium,In Progress,144,72,Breached,12.55,0,Legal
REQ001709,RPT0037,A020,2025-09-16,2025-09-18,Report Enhancement,Medium,Completed,52,72,Within SLA,3.03,0,Legal
REQ001710,RPT0040,A007,2025-02-09,2025-02-12,Change Request,Medium,Pending,70,72,Within SLA,1.68,0,Human Resources
REQ001711,RPT0099,A020,2025-12-11,2025-12-13,Report Enhancement,Medium,Completed,50,72,Within SLA,7.21,1,Risk
REQ001712,RPT0027,A015,2024-09-23,2024-09-25,Report Issue,Medium,In Progress,35,72,Within SLA,3.05,1,Legal
REQ001713,RPT0102,A021,2026-03-08,2026-03-11,Change Request,Low,In Progress,61,120,Within SLA,0.73,0,Human Resources
REQ001714,RPT0035,A019,2026-04-21,2026-04-22,Change Request,High,Pending,31,48,Within SLA,6.01,0,Client Services
REQ001715,RPT0105,A018,2026-07-27,2026-07-28,Report Enhancement,Medium,Completed,16,72,Within SLA,2.28,3,Technology
REQ001716,RPT0071,A019,2026-06-25,2026-06-27,New Report,Low,Pending,56,120,Within SLA,3.12,0,Sales
REQ001717,RPT0063,A020,2026-01-14,2026-01-15,Report Enhancement,Medium,Completed,15,72,Within SLA,4.19,1,Operations
REQ001718,RPT0103,A002,2025-09-30,2025-09-30,Access Request,Medium,Completed,20,72,Within SLA,3.79,0,Finance
REQ001719,RPT0088,A014,2025-04-12,2025-04-14,New Report,Medium,Completed,58,72,Within SLA,5.46,3,Compliance
REQ001720,RPT0037,A014,2025-08-11,2025-08-13,New Report,High,Completed,32,48,Within SLA,2.45,1,Compliance
REQ001721,RPT0108,A008,2026-01-02,2026-01-07,Change Request,Low,Completed,120,120,Within SLA,4.75,1,Risk
REQ001722,RPT0050,A007,2024-09-14,2024-09-15,New Report,Medium,Completed,26,72,Within SLA,2.77,3,Legal
REQ001723,RPT0035,A016,2024-10-07,2024-10-11,Report Enhancement,Low,Completed,97,120,Within SLA,5.57,3,Operations
REQ001724,RPT0023,A008,2025-08-28,2025-08-30,New Report,Low,Completed,54,120,Within SLA,5.11,0,Sales
REQ001725,RPT0050,A015,2026-06-10,2026-06-13,New Report,Low,In Progress,79,120,Within SLA,1.72,1,Compliance
REQ001726,RPT0114,A013,2025-06-28,2025-07-03,Change Request,Low,Completed,115,120,Within SLA,7.1,0,Technology
REQ001727,RPT0113,A017,2025-07-18,2025-07-20,New Report,Medium,Completed,68,72,Within SLA,2.28,0,Human Resources
REQ001728,RPT0048,A005,2026-02-04,2026-02-07,Data Correction,Low,Completed,73,120,Within SLA,5.85,1,Operations
REQ001729,RPT0041,A012,2024-11-12,2024-11-13,Report Enhancement,High,In Progress,18,48,Within SLA,4.29,0,Technology
REQ001730,RPT0004,A022,2025-09-05,2025-09-08,Data Correction,Low,Completed,53,120,Within SLA,12.02,2,Compliance
REQ001731,RPT0049,A001,2026-02-25,2026-03-07,Report Issue,Medium,Completed,252,72,Breached,2.84,0,Client Services
REQ001732,RPT0035,A012,2026-07-28,2026-07-29,Access Request,High,Pending,13,48,Within SLA,2.6,0,Sales
REQ001733,RPT0104,A007,2025-07-31,2025-08-04,Access Request,Low,Completed,98,120,Within SLA,3.28,1,Finance
REQ001734,RPT0079,A023,2024-10-17,2024-10-17,Access Request,Medium,In Progress,17,72,Within SLA,2.69,0,Legal
REQ001735,RPT0110,A014,2026-07-20,2026-07-21,New Report,Medium,Completed,28,72,Within SLA,5.81,0,Sales
REQ001736,RPT0074,A021,2024-10-22,2024-10-30,Change Request,Low,Completed,180,120,Breached,1.07,1,Risk
REQ001737,RPT0026,A020,2025-04-28,2025-05-01,Data Correction,Medium,Pending,69,72,Within SLA,1.59,0,Operations
REQ001738,RPT0071,A025,2025-12-06,2025-12-07,New Report,High,Completed,19,48,Within SLA,1.57,1,Human Resources
REQ001739,RPT0110,A006,2024-12-14,2024-12-16,Report Issue,Low,Completed,47,120,Within SLA,6.46,0,Sales
REQ001740,RPT0061,A005,2024-10-11,2024-10-11,Report Enhancement,High,Completed,11,48,Within SLA,10.99,0,Risk
REQ001741,RPT0059,A006,2024-11-27,2024-11-28,Change Request,High,Pending,44,48,Within SLA,3.09,0,Operations
REQ001742,RPT0037,A015,2025-03-22,2025-04-06,Report Issue,Low,Completed,360,120,Breached,2.95,0,Legal
REQ001743,RPT0060,A021,2025-12-18,2025-12-20,Access Request,Medium,Completed,46,72,Within SLA,3.49,2,Legal
REQ001744,RPT0053,A006,2025-12-25,2025-12-27,Data Correction,High,Completed,33,48,Within SLA,7.49,0,Legal
REQ001745,RPT0039,A004,2025-11-18,2025-11-20,Access Request,Low,Completed,33,120,Within SLA,1.73,0,Technology
REQ001746,RPT0028,A014,2025-10-20,2025-10-22,Access Request,Medium,Completed,32,72,Within SLA,3.92,1,Risk
REQ001747,RPT0032,A005,2026-02-25,2026-02-25,Access Request,High,In Progress,16,48,Within SLA,6.57,0,Finance
REQ001748,RPT0113,A007,2025-04-30,2025-05-01,Change Request,High,Completed,33,48,Within SLA,4.72,0,Client Services
REQ001749,RPT0038,A012,2025-06-12,2025-06-24,Change Request,Medium,Completed,288,72,Breached,3.79,3,Finance
REQ001750,RPT0038,A012,2025-11-28,2025-11-30,Data Correction,Medium,Completed,53,72,Within SLA,6.69,0,Legal
REQ001751,RPT0043,A007,2025-10-07,2025-10-09,Report Enhancement,Medium,Pending,67,72,Within SLA,0.5,0,Sales
REQ001752,RPT0008,A001,2025-04-07,2025-04-08,Report Enhancement,Low,Cancelled,42,120,Within SLA,5.34,1,Legal
REQ001753,RPT0059,A012,2025-08-08,2025-08-10,Change Request,Medium,Completed,40,72,Within SLA,2.1,1,Human Resources
REQ001754,RPT0056,A025,2025-09-17,2025-09-23,Data Correction,Medium,Pending,147,72,Breached,0.92,1,Legal
REQ001755,RPT0020,A013,2025-12-04,2025-12-06,New Report,Medium,Completed,59,72,Within SLA,4.75,0,Human Resources
REQ001756,RPT0118,A007,2025-07-21,2025-07-23,Report Issue,High,In Progress,48,48,Within SLA,8.68,0,Operations
REQ001757,RPT0025,A014,2024-11-06,2024-11-07,Report Enhancement,Medium,Completed,28,72,Within SLA,3.02,3,Compliance
REQ001758,RPT0118,A007,2026-04-29,2026-04-30,Access Request,High,Pending,35,48,Within SLA,6.47,0,Finance
REQ001759,RPT0060,A006,2026-02-17,2026-02-21,New Report,Low,Completed,117,120,Within SLA,10.26,0,Client Services
REQ001760,RPT0109,A016,2024-11-17,2024-11-20,New Report,Low,Completed,67,120,Within SLA,8.33,3,Sales
REQ001761,RPT0042,A017,2026-06-14,2026-06-17,Report Enhancement,Medium,Pending,64,72,Within SLA,10.46,1,Risk
REQ001762,RPT0100,A008,2026-01-11,2026-01-13,Report Issue,Medium,In Progress,45,72,Within SLA,5.58,2,Compliance
REQ001763,RPT0093,A013,2026-01-08,2026-01-11,New Report,Medium,Completed,72,72,Within SLA,3.5,0,Finance
REQ001764,RPT0109,A008,2026-07-03,2026-07-04,Report Enhancement,Medium,Pending,18,72,Within SLA,1.08,1,Compliance
REQ001765,RPT0052,A014,2026-04-10,2026-04-12,Access Request,High,Pending,42,48,Within SLA,2.79,0,Human Resources
REQ001766,RPT0100,A011,2025-10-23,2025-10-26,Data Correction,Low,Completed,85,120,Within SLA,1.84,1,Finance
REQ001767,RPT0048,A004,2026-03-03,2026-03-05,Access Request,Medium,Completed,38,72,Within SLA,15.18,0,Sales
REQ001768,RPT0052,A014,2026-06-24,2026-06-27,Change Request,Medium,Cancelled,71,72,Within SLA,2.94,1,Compliance
REQ001769,RPT0049,A003,2025-02-04,2025-02-06,Data Correction,Low,Pending,67,120,Within SLA,3.62,0,Operations
REQ001770,RPT0012,A023,2025-07-21,2025-07-22,New Report,Low,In Progress,43,120,Within SLA,4.88,0,Risk
REQ001771,RPT0087,A022,2025-08-06,2025-08-08,New Report,Low,Completed,41,120,Within SLA,3.42,2,Human Resources
REQ001772,RPT0075,A003,2026-07-11,2026-07-14,Report Issue,Medium,Completed,69,72,Within SLA,10.88,0,Finance
REQ001773,RPT0063,A004,2025-02-14,2025-02-16,Report Enhancement,Low,Pending,45,120,Within SLA,2.15,2,Sales
REQ001774,RPT0009,A015,2025-07-08,2025-07-09,Report Enhancement,Medium,Pending,16,72,Within SLA,3.8,0,Sales
REQ001775,RPT0037,A002,2025-05-11,2025-05-12,Change Request,Medium,In Progress,18,72,Within SLA,1.97,0,Technology
REQ001776,RPT0040,A010,2026-05-25,2026-05-28,Data Correction,Medium,In Progress,63,72,Within SLA,1.32,3,Technology
REQ001777,RPT0060,A005,2025-08-08,2025-08-09,Access Request,High,Completed,27,48,Within SLA,2.16,0,Risk
REQ001778,RPT0093,A003,2025-06-26,2025-07-01,New Report,Low,Completed,117,120,Within SLA,3.24,0,Sales
REQ001779,RPT0120,A021,2025-07-10,2025-07-12,Data Correction,Medium,Completed,57,72,Within SLA,2.46,0,Legal
REQ001780,RPT0047,A006,2026-03-10,2026-03-11,Report Issue,Medium,Pending,25,72,Within SLA,2.04,1,Technology
REQ001781,RPT0024,A016,2024-11-02,2024-11-05,Change Request,Medium,Completed,65,72,Within SLA,1.24,0,Client Services
REQ001782,RPT0096,A023,2025-04-20,2025-04-21,Report Issue,Critical,In Progress,12,24,Within SLA,3.13,2,Technology
REQ001783,RPT0112,A006,2025-07-18,2025-07-20,Report Issue,Medium,Pending,48,72,Within SLA,1.16,0,Sales
REQ001784,RPT0078,A016,2025-04-20,2025-04-26,Access Request,Low,Pending,132,120,Breached,5.65,0,Sales
REQ001785,RPT0103,A020,2026-01-19,2026-01-19,Change Request,High,Completed,8,48,Within SLA,3.52,1,Human Resources
REQ001786,RPT0088,A022,2025-03-06,2025-03-10,Data Correction,Low,Completed,88,120,Within SLA,1.2,0,Legal
REQ001787,RPT0056,A025,2025-06-07,2025-06-09,Data Correction,Medium,Pending,49,72,Within SLA,2.67,1,Finance
REQ001788,RPT0006,A010,2024-12-17,2024-12-18,Access Request,Critical,Completed,11,24,Within SLA,1.96,1,Human Resources
REQ001789,RPT0118,A020,2026-02-05,2026-02-13,New Report,Medium,Completed,186,72,Breached,4.15,3,Compliance
REQ001790,RPT0005,A008,2026-08-07,2026-08-08,Data Correction,High,Completed,24,48,Within SLA,8.49,1,Sales
REQ001791,RPT0031,A013,2025-08-24,2025-08-24,Access Request,Medium,Completed,14,72,Within SLA,0.89,2,Finance
REQ001792,RPT0054,A001,2024-10-12,2024-10-14,Access Request,Low,Completed,59,120,Within SLA,3.6,2,Legal
REQ001793,RPT0064,A019,2024-10-30,2024-10-31,Report Issue,High,Completed,27,48,Within SLA,2.97,1,Compliance
REQ001794,RPT0050,A018,2026-05-29,2026-05-29,Report Enhancement,Medium,Completed,19,72,Within SLA,5.31,3,Human Resources
REQ001795,RPT0032,A016,2024-10-26,2024-10-28,Change Request,Medium,Completed,55,72,Within SLA,3.85,0,Finance
REQ001796,RPT0033,A014,2024-11-01,2024-11-03,New Report,Low,In Progress,57,120,Within SLA,1.96,0,Risk
REQ001797,RPT0070,A023,2025-07-22,2025-07-23,Access Request,Low,Completed,36,120,Within SLA,2.66,0,Legal
REQ001798,RPT0031,A003,2024-11-04,2024-11-05,Report Issue,Low,Cancelled,39,120,Within SLA,1.9,0,Sales
REQ001799,RPT0069,A015,2026-03-22,2026-03-23,Change Request,Low,Completed,39,120,Within SLA,7.05,2,Legal
REQ001800,RPT0050,A007,2026-03-17,2026-03-23,New Report,Medium,Completed,124,72,Breached,3.37,0,Legal
REQ001801,RPT0012,A003,2025-06-06,2025-06-08,Data Correction,High,Pending,47,48,Within SLA,12.56,1,Risk
REQ001802,RPT0119,A025,2026-05-13,2026-05-15,Change Request,Medium,Completed,56,72,Within SLA,3.18,0,Human Resources
REQ001803,RPT0100,A013,2024-11-30,2024-12-02,New Report,Medium,Completed,60,72,Within SLA,2.02,2,Compliance
REQ001804,RPT0096,A008,2025-10-27,2025-10-31,Change Request,Low,Completed,99,120,Within SLA,1.15,0,Client Services
REQ001805,RPT0058,A007,2024-10-06,2024-10-07,Report Enhancement,High,Completed,31,48,Within SLA,0.94,0,Finance
REQ001806,RPT0096,A001,2025-11-19,2025-11-22,Report Enhancement,Medium,Cancelled,71,72,Within SLA,1.1,0,Human Resources
REQ001807,RPT0076,A005,2025-10-31,2025-11-04,Access Request,Low,Pending,100,120,Within SLA,4.0,1,Client Services
REQ001808,RPT0005,A021,2025-10-31,2025-11-02,Access Request,Medium,Completed,60,72,Within SLA,4.74,1,Human Resources
REQ001809,RPT0039,A022,2025-05-04,2025-05-06,Change Request,Medium,Pending,60,72,Within SLA,1.1,0,Risk
REQ001810,RPT0010,A017,2026-01-23,2026-01-24,Report Issue,Medium,Completed,21,72,Within SLA,6.21,2,Human Resources
REQ001811,RPT0092,A003,2024-11-23,2024-11-28,New Report,Medium,In Progress,114,72,Breached,2.37,0,Risk
REQ001812,RPT0041,A004,2025-07-06,2025-07-10,Report Enhancement,Medium,Pending,105,72,Breached,3.68,1,Risk
REQ001813,RPT0071,A025,2025-05-22,2025-05-29,Report Enhancement,Low,Pending,159,120,Breached,10.26,2,Legal
REQ001814,RPT0117,A018,2026-06-30,2026-07-02,New Report,High,Completed,44,48,Within SLA,6.22,0,Sales
REQ001815,RPT0012,A022,2026-01-19,2026-01-20,New Report,High,In Progress,10,48,Within SLA,2.75,2,Human Resources
REQ001816,RPT0014,A016,2026-03-26,2026-03-27,Data Correction,High,Completed,14,48,Within SLA,1.78,1,Finance
REQ001817,RPT0072,A008,2025-07-15,2025-07-16,Access Request,High,Completed,14,48,Within SLA,0.74,1,Operations
REQ001818,RPT0104,A001,2026-06-26,2026-06-30,Data Correction,Low,Completed,96,120,Within SLA,2.01,0,Client Services
REQ001819,RPT0088,A017,2026-08-02,2026-08-04,Change Request,High,Completed,40,48,Within SLA,2.86,0,Sales
REQ001820,RPT0056,A007,2026-03-04,2026-03-04,Report Enhancement,High,In Progress,20,48,Within SLA,1.66,0,Technology
REQ001821,RPT0117,A019,2024-09-29,2024-09-30,Change Request,High,Completed,16,48,Within SLA,3.03,1,Sales
REQ001822,RPT0078,A016,2025-04-01,2025-04-03,Data Correction,Low,Pending,39,120,Within SLA,3.5,0,Finance
REQ001823,RPT0105,A021,2025-11-30,2025-12-01,New Report,Medium,Completed,28,72,Within SLA,2.84,1,Operations
REQ001824,RPT0094,A003,2025-04-20,2025-04-22,Report Issue,Low,In Progress,53,120,Within SLA,2.11,1,Technology
REQ001825,RPT0092,A004,2025-05-21,2025-05-21,Change Request,Critical,Completed,5,24,Within SLA,3.74,1,Finance
REQ001826,RPT0112,A012,2024-11-09,2024-11-16,Access Request,Low,Completed,168,120,Breached,4.52,1,Human Resources
REQ001827,RPT0082,A005,2025-11-12,2025-11-14,Access Request,Medium,Completed,29,72,Within SLA,1.55,0,Compliance
REQ001828,RPT0063,A009,2025-09-19,2025-09-21,Access Request,Medium,Pending,66,72,Within SLA,8.91,0,Technology
REQ001829,RPT0068,A010,2025-02-02,2025-02-04,New Report,Medium,Completed,44,72,Within SLA,3.1,1,Compliance
REQ001830,RPT0002,A016,2024-12-19,2024-12-21,Access Request,Low,Completed,60,120,Within SLA,3.36,0,Legal
REQ001831,RPT0111,A009,2026-01-13,2026-01-15,New Report,Medium,Completed,53,72,Within SLA,5.45,0,Client Services
REQ001832,RPT0031,A021,2025-08-30,2025-09-01,Access Request,Medium,Completed,40,72,Within SLA,3.91,0,Client Services
REQ001833,RPT0035,A024,2025-02-11,2025-02-14,Access Request,Low,Pending,89,120,Within SLA,6.47,0,Human Resources
REQ001834,RPT0096,A013,2026-06-10,2026-06-12,Report Enhancement,Medium,Completed,67,72,Within SLA,4.06,1,Finance
REQ001835,RPT0032,A025,2024-11-13,2024-11-14,New Report,Medium,Pending,27,72,Within SLA,2.16,0,Legal
REQ001836,RPT0068,A001,2025-05-19,2025-05-22,Report Enhancement,Medium,Pending,70,72,Within SLA,4.28,0,Risk
REQ001837,RPT0062,A007,2026-06-08,2026-06-10,New Report,Medium,In Progress,47,72,Within SLA,1.49,0,Risk
REQ001838,RPT0076,A007,2025-10-27,2025-10-28,New Report,High,In Progress,35,48,Within SLA,3.58,2,Technology
REQ001839,RPT0080,A007,2025-06-02,2025-06-04,Report Issue,High,Completed,44,48,Within SLA,3.24,0,Compliance
REQ001840,RPT0064,A008,2024-11-18,2024-11-21,Data Correction,Low,Completed,84,120,Within SLA,2.87,0,Technology
REQ001841,RPT0111,A002,2026-04-05,2026-04-09,Report Enhancement,Low,Completed,96,120,Within SLA,3.03,0,Compliance
REQ001842,RPT0018,A008,2025-03-25,2025-03-28,Access Request,Medium,Cancelled,64,72,Within SLA,0.89,0,Compliance
REQ001843,RPT0036,A021,2025-11-09,2025-11-10,Change Request,Medium,Completed,12,72,Within SLA,2.26,0,Client Services
REQ001844,RPT0069,A024,2025-02-12,2025-02-25,Change Request,Low,Pending,306,120,Breached,3.54,1,Compliance
REQ001845,RPT0001,A016,2026-05-09,2026-05-10,New Report,Medium,Completed,22,72,Within SLA,3.71,1,Compliance
REQ001846,RPT0036,A001,2025-07-20,2025-07-21,Access Request,High,Completed,40,48,Within SLA,1.62,3,Technology
REQ001847,RPT0095,A004,2026-06-08,2026-06-10,Report Issue,Medium,Completed,40,72,Within SLA,8.05,0,Finance
REQ001848,RPT0023,A007,2025-10-30,2025-10-31,Report Issue,Medium,Completed,22,72,Within SLA,1.81,0,Compliance
REQ001849,RPT0005,A004,2026-04-09,2026-04-13,Change Request,Low,Completed,108,120,Within SLA,6.54,1,Compliance
REQ001850,RPT0089,A003,2026-05-18,2026-05-19,Data Correction,Medium,Pending,31,72,Within SLA,4.48,0,Risk
REQ001851,RPT0115,A014,2025-12-16,2025-12-17,Access Request,Medium,Completed,14,72,Within SLA,2.11,1,Operations
REQ001852,RPT0090,A006,2025-12-10,2025-12-11,New Report,High,Completed,17,48,Within SLA,11.5,0,Sales
REQ001853,RPT0076,A019,2026-01-27,2026-01-29,Report Issue,Medium,Completed,55,72,Within SLA,1.44,2,Human Resources
REQ001854,RPT0058,A014,2026-01-02,2026-01-06,Access Request,Low,Cancelled,92,120,Within SLA,6.32,0,Risk
REQ001855,RPT0094,A025,2025-10-27,2025-10-28,Report Enhancement,High,Completed,28,48,Within SLA,6.69,0,Finance
REQ001856,RPT0075,A004,2024-09-10,2024-09-12,Change Request,Medium,Completed,46,72,Within SLA,2.08,0,Risk
REQ001857,RPT0084,A019,2025-12-07,2025-12-08,New Report,Low,In Progress,38,120,Within SLA,8.8,0,Risk
REQ001858,RPT0007,A017,2026-08-12,2026-08-13,New Report,Medium,Completed,26,72,Within SLA,2.79,0,Legal
REQ001859,RPT0034,A011,2026-01-13,2026-01-16,New Report,Low,Completed,67,120,Within SLA,4.06,0,Legal
REQ001860,RPT0103,A008,2026-05-27,2026-05-28,Change Request,High,Completed,39,48,Within SLA,3.98,0,Operations
REQ001861,RPT0095,A025,2026-02-10,2026-02-13,Report Enhancement,Low,Completed,78,120,Within SLA,3.02,0,Human Resources
REQ001862,RPT0100,A022,2025-03-16,2025-03-22,Access Request,Low,Completed,134,120,Breached,5.86,1,Finance
REQ001863,RPT0011,A003,2024-09-12,2024-09-17,Report Issue,Low,Completed,120,120,Within SLA,5.79,1,Compliance
REQ001864,RPT0081,A024,2025-01-08,2025-01-08,Access Request,Critical,Completed,19,24,Within SLA,0.98,0,Finance
REQ001865,RPT0065,A021,2025-03-21,2025-03-24,Report Issue,Low,Completed,72,120,Within SLA,8.27,1,Sales
REQ001866,RPT0062,A010,2026-02-17,2026-02-28,Data Correction,Medium,Completed,256,72,Breached,1.04,1,Client Services
REQ001867,RPT0080,A002,2026-04-05,2026-04-05,Report Enhancement,High,Completed,19,48,Within SLA,6.84,0,Human Resources
REQ001868,RPT0085,A009,2025-04-18,2025-04-24,Access Request,Medium,Completed,164,72,Breached,7.31,0,Compliance
REQ001869,RPT0020,A013,2026-08-06,2026-08-08,Access Request,Medium,Completed,35,72,Within SLA,1.55,0,Technology
REQ001870,RPT0048,A022,2025-05-11,2025-05-14,Report Enhancement,Low,Completed,58,120,Within SLA,2.49,4,Finance
REQ001871,RPT0092,A002,2025-05-20,2025-05-22,Data Correction,Medium,Completed,48,72,Within SLA,1.53,0,Client Services
REQ001872,RPT0080,A012,2024-08-25,2024-08-27,New Report,Medium,Completed,50,72,Within SLA,2.86,1,Finance
REQ001873,RPT0035,A002,2025-01-08,2025-01-10,Report Enhancement,High,Cancelled,41,48,Within SLA,2.68,0,Operations
REQ001874,RPT0001,A009,2026-06-27,2026-06-30,Access Request,Medium,Completed,68,72,Within SLA,5.73,0,Sales
REQ001875,RPT0025,A013,2024-12-10,2024-12-13,Report Issue,Low,Pending,87,120,Within SLA,8.31,0,Compliance
REQ001876,RPT0090,A013,2025-11-03,2025-11-05,Report Enhancement,Medium,Completed,27,72,Within SLA,8.82,0,Sales
REQ001877,RPT0039,A006,2026-01-13,2026-01-18,Report Issue,Low,Completed,109,120,Within SLA,2.24,0,Finance
REQ001878,RPT0068,A014,2025-06-28,2025-06-28,Change Request,High,In Progress,16,48,Within SLA,2.87,1,Compliance
REQ001879,RPT0050,A010,2024-10-14,2024-10-14,New Report,Medium,In Progress,17,72,Within SLA,1.02,0,Technology
REQ001880,RPT0024,A013,2024-12-09,2024-12-11,Change Request,Medium,In Progress,60,72,Within SLA,1.89,2,Compliance
REQ001881,RPT0111,A024,2026-03-19,2026-03-21,Report Issue,Medium,Completed,55,72,Within SLA,6.52,0,Finance
REQ001882,RPT0066,A019,2025-12-25,2025-12-28,Report Issue,Low,Completed,76,120,Within SLA,10.29,2,Legal
REQ001883,RPT0072,A023,2024-09-13,2024-09-14,Report Enhancement,High,Completed,22,48,Within SLA,1.4,0,Legal
REQ001884,RPT0079,A023,2024-10-31,2024-11-03,Report Enhancement,Low,Cancelled,66,120,Within SLA,2.19,0,Finance
REQ001885,RPT0038,A008,2026-03-23,2026-03-25,Report Issue,Medium,Completed,55,72,Within SLA,3.26,4,Compliance
REQ001886,RPT0076,A011,2025-10-07,2025-10-09,Change Request,Low,In Progress,69,120,Within SLA,4.04,0,Operations
REQ001887,RPT0068,A015,2025-02-04,2025-02-06,Access Request,High,Pending,56,48,Breached,1.88,1,Operations
REQ001888,RPT0026,A016,2025-06-09,2025-06-11,Report Enhancement,Low,Cancelled,54,120,Within SLA,4.47,1,Compliance
REQ001889,RPT0093,A003,2025-07-13,2025-07-16,Change Request,Medium,Completed,78,72,Breached,2.38,2,Operations
REQ001890,RPT0065,A014,2025-08-08,2025-08-09,Report Enhancement,High,Completed,28,48,Within SLA,3.29,0,Legal
REQ001891,RPT0004,A001,2025-05-12,2025-05-13,Report Issue,High,Pending,8,48,Within SLA,4.87,0,Operations
REQ001892,RPT0002,A008,2024-12-21,2024-12-21,Data Correction,High,Completed,16,48,Within SLA,3.34,0,Technology
REQ001893,RPT0077,A004,2025-06-04,2025-06-05,Data Correction,Medium,In Progress,28,72,Within SLA,2.45,2,Technology
REQ001894,RPT0018,A002,2025-04-20,2025-04-21,New Report,High,In Progress,33,48,Within SLA,3.07,1,Operations
REQ001895,RPT0037,A004,2026-03-04,2026-03-07,Data Correction,Medium,Pending,67,72,Within SLA,3.12,1,Legal
REQ001896,RPT0018,A025,2025-04-29,2025-05-03,Data Correction,Low,Completed,85,120,Within SLA,2.56,0,Technology
REQ001897,RPT0010,A008,2026-04-16,2026-04-18,Change Request,Low,In Progress,51,120,Within SLA,2.77,0,Client Services
REQ001898,RPT0096,A024,2025-11-04,2025-11-05,Data Correction,Medium,Completed,17,72,Within SLA,10.17,0,Sales
REQ001899,RPT0100,A011,2025-11-27,2025-12-04,Change Request,Medium,Completed,177,72,Breached,4.92,1,Compliance
REQ001900,RPT0096,A005,2024-10-25,2024-10-26,Access Request,High,Completed,10,48,Within SLA,2.7,0,Technology
REQ001901,RPT0050,A013,2026-07-08,2026-07-08,New Report,High,Pending,11,48,Within SLA,5.41,0,Operations
REQ001902,RPT0013,A006,2024-09-30,2024-10-01,New Report,Medium,In Progress,16,72,Within SLA,2.63,1,Compliance
REQ001903,RPT0074,A004,2024-12-19,2024-12-21,Data Correction,High,Completed,35,48,Within SLA,7.55,0,Client Services
REQ001904,RPT0027,A017,2024-12-21,2024-12-23,Report Issue,High,Completed,43,48,Within SLA,4.3,0,Sales
REQ001905,RPT0102,A017,2026-03-29,2026-03-30,Data Correction,High,Completed,23,48,Within SLA,3.08,1,Client Services
REQ001906,RPT0115,A017,2025-12-13,2025-12-16,Change Request,Medium,Completed,67,72,Within SLA,4.54,1,Risk
REQ001907,RPT0014,A022,2024-09-28,2024-10-01,Access Request,Low,Completed,71,120,Within SLA,1.11,0,Human Resources
REQ001908,RPT0075,A023,2026-01-26,2026-02-03,Access Request,Medium,Completed,192,72,Breached,1.51,4,Operations
REQ001909,RPT0033,A019,2024-10-23,2024-10-23,Data Correction,Medium,Completed,13,72,Within SLA,1.44,0,Risk
REQ001910,RPT0080,A019,2025-03-20,2025-03-22,Access Request,High,In Progress,47,48,Within SLA,3.67,0,Technology
REQ001911,RPT0087,A022,2025-07-31,2025-08-02,Report Issue,Medium,Completed,50,72,Within SLA,11.16,1,Client Services
REQ001912,RPT0082,A019,2026-01-17,2026-01-18,New Report,High,Completed,42,48,Within SLA,15.83,1,Compliance
REQ001913,RPT0073,A020,2025-07-16,2025-07-16,Change Request,Medium,Completed,13,72,Within SLA,5.19,2,Compliance
REQ001914,RPT0056,A013,2025-09-02,2025-09-03,Change Request,High,Completed,22,48,Within SLA,4.71,0,Legal
REQ001915,RPT0016,A015,2025-12-05,2025-12-07,New Report,Medium,In Progress,47,72,Within SLA,0.94,0,Technology
REQ001916,RPT0093,A008,2025-07-30,2025-07-31,New Report,Medium,Completed,25,72,Within SLA,2.27,3,Legal
REQ001917,RPT0116,A017,2025-07-08,2025-07-12,Report Enhancement,Low,In Progress,101,120,Within SLA,1.91,1,Risk
REQ001918,RPT0053,A022,2025-03-21,2025-03-22,Report Issue,High,In Progress,26,48,Within SLA,2.15,2,Operations
REQ001919,RPT0109,A005,2025-02-04,2025-02-05,Change Request,High,Completed,35,48,Within SLA,2.95,0,Technology
REQ001920,RPT0101,A018,2026-03-30,2026-03-31,Report Enhancement,High,Completed,17,48,Within SLA,2.39,0,Technology
REQ001921,RPT0072,A016,2025-09-22,2025-09-23,Report Enhancement,Medium,Completed,16,72,Within SLA,0.83,0,Technology
REQ001922,RPT0041,A019,2024-11-17,2024-11-18,New Report,Medium,In Progress,21,72,Within SLA,5.6,2,Human Resources
REQ001923,RPT0076,A025,2025-05-16,2025-05-17,New Report,Medium,Completed,29,72,Within SLA,1.57,0,Sales
REQ001924,RPT0029,A001,2025-07-20,2025-07-26,Report Enhancement,Medium,Pending,132,72,Breached,3.93,0,Finance
REQ001925,RPT0008,A004,2024-11-15,2024-11-16,Report Issue,High,Completed,33,48,Within SLA,14.18,0,Technology
REQ001926,RPT0106,A001,2025-03-29,2025-03-31,Report Enhancement,Low,Completed,48,120,Within SLA,1.74,0,Finance
REQ001927,RPT0078,A003,2026-01-29,2026-02-01,New Report,Medium,Completed,53,72,Within SLA,0.56,0,Human Resources
REQ001928,RPT0075,A015,2026-01-30,2026-02-01,New Report,Medium,In Progress,67,72,Within SLA,2.72,0,Technology
REQ001929,RPT0115,A016,2025-11-24,2025-11-26,Report Issue,Low,In Progress,52,120,Within SLA,7.18,0,Client Services
REQ001930,RPT0018,A024,2025-09-02,2025-09-03,Access Request,Medium,Completed,15,72,Within SLA,13.08,0,Technology
REQ001931,RPT0063,A024,2025-10-04,2025-10-07,Access Request,Medium,Completed,68,72,Within SLA,1.4,1,Client Services
REQ001932,RPT0099,A025,2026-01-21,2026-01-23,Access Request,High,Cancelled,44,48,Within SLA,4.7,1,Sales
REQ001933,RPT0026,A007,2025-04-17,2025-04-19,New Report,Medium,Completed,46,72,Within SLA,2.4,3,Client Services
REQ001934,RPT0026,A012,2024-09-25,2024-09-27,Change Request,Low,Completed,64,120,Within SLA,3.08,3,Technology
REQ001935,RPT0011,A020,2025-02-08,2025-02-11,New Report,Medium,Pending,82,72,Breached,21.14,1,Risk
REQ001936,RPT0086,A011,2025-06-24,2025-06-25,New Report,Medium,Completed,39,72,Within SLA,1.16,0,Risk
REQ001937,RPT0058,A003,2025-11-29,2025-11-30,Access Request,Medium,Completed,34,72,Within SLA,3.97,0,Legal
REQ001938,RPT0042,A002,2024-10-02,2024-10-04,Data Correction,Medium,Completed,58,72,Within SLA,4.61,2,Risk
REQ001939,RPT0007,A008,2024-08-26,2024-09-03,Access Request,Medium,Completed,192,72,Breached,7.1,0,Client Services
REQ001940,RPT0019,A015,2025-01-26,2025-01-28,Change Request,Medium,Pending,37,72,Within SLA,3.56,0,Client Services
REQ001941,RPT0113,A016,2025-04-12,2025-04-13,Report Issue,Medium,Pending,32,72,Within SLA,4.12,1,Legal
REQ001942,RPT0074,A018,2025-02-01,2025-02-04,Change Request,Low,Completed,90,120,Within SLA,2.52,0,Human Resources
REQ001943,RPT0111,A008,2026-04-09,2026-04-10,Report Issue,High,In Progress,46,48,Within SLA,4.01,1,Legal
REQ001944,RPT0053,A001,2024-12-05,2024-12-06,Change Request,High,Pending,19,48,Within SLA,2.61,4,Human Resources
REQ001945,RPT0093,A021,2026-04-06,2026-04-16,Change Request,Medium,Completed,236,72,Breached,5.13,1,Technology
REQ001946,RPT0111,A016,2025-03-07,2025-03-09,Access Request,Medium,Cancelled,41,72,Within SLA,2.56,0,Compliance
REQ001947,RPT0001,A013,2025-04-02,2025-04-05,Access Request,Medium,Pending,67,72,Within SLA,4.32,0,Legal
REQ001948,RPT0087,A006,2025-05-02,2025-05-04,Change Request,Low,Pending,47,120,Within SLA,3.25,0,Operations
REQ001949,RPT0058,A004,2024-11-22,2024-11-22,Access Request,Medium,In Progress,12,72,Within SLA,7.3,0,Sales
REQ001950,RPT0010,A019,2024-08-27,2024-08-28,Access Request,Medium,In Progress,45,72,Within SLA,3.2,3,Risk
REQ001951,RPT0076,A018,2025-09-11,2025-09-13,Data Correction,Medium,Cancelled,60,72,Within SLA,0.96,0,Sales
REQ001952,RPT0021,A005,2026-03-24,2026-03-25,Change Request,Medium,Completed,30,72,Within SLA,8.03,2,Finance
REQ001953,RPT0093,A020,2025-07-21,2025-07-22,Data Correction,High,Cancelled,22,48,Within SLA,1.76,0,Sales
REQ001954,RPT0095,A020,2025-01-04,2025-01-04,Report Enhancement,Critical,Completed,11,24,Within SLA,2.1,0,Legal
REQ001955,RPT0065,A015,2024-11-29,2024-11-30,Report Enhancement,Medium,Completed,30,72,Within SLA,2.19,1,Finance
REQ001956,RPT0052,A015,2025-06-12,2025-06-15,Report Issue,Medium,Completed,71,72,Within SLA,8.69,2,Technology
REQ001957,RPT0058,A009,2025-10-08,2025-10-13,Access Request,Low,In Progress,108,120,Within SLA,0.74,3,Technology
REQ001958,RPT0079,A018,2026-02-18,2026-02-19,New Report,Critical,Completed,22,24,Within SLA,29.86,0,Client Services
REQ001959,RPT0092,A005,2025-02-15,2025-02-17,Access Request,Medium,Pending,48,72,Within SLA,6.95,0,Risk
REQ001960,RPT0088,A017,2025-09-13,2025-09-23,Data Correction,Medium,Completed,236,72,Breached,3.88,0,Finance
REQ001961,RPT0035,A001,2025-10-28,2025-10-31,Access Request,Medium,In Progress,62,72,Within SLA,3.19,0,Human Resources
REQ001962,RPT0087,A004,2026-05-30,2026-06-01,Access Request,Medium,Completed,55,72,Within SLA,4.05,0,Risk
REQ001963,RPT0024,A017,2026-01-21,2026-01-23,Data Correction,High,Completed,29,48,Within SLA,4.78,0,Technology
REQ001964,RPT0024,A021,2026-05-09,2026-05-10,Access Request,Medium,Completed,34,72,Within SLA,5.22,1,Compliance
REQ001965,RPT0107,A008,2025-05-23,2025-05-23,Report Issue,Critical,In Progress,20,24,Within SLA,4.9,1,Compliance
REQ001966,RPT0011,A022,2024-10-15,2024-10-16,Report Enhancement,Critical,Pending,5,24,Within SLA,3.53,0,Human Resources
REQ001967,RPT0044,A013,2025-06-25,2025-06-28,Change Request,Medium,Completed,71,72,Within SLA,2.89,2,Risk
REQ001968,RPT0068,A020,2026-06-21,2026-06-23,Report Enhancement,Low,Pending,52,120,Within SLA,2.99,0,Human Resources
REQ001969,RPT0047,A001,2026-03-20,2026-04-04,New Report,Low,Cancelled,352,120,Breached,2.9,0,Client Services
REQ001970,RPT0042,A025,2024-09-22,2024-09-25,Report Enhancement,Medium,Completed,66,72,Within SLA,7.34,0,Client Services
REQ001971,RPT0016,A022,2025-07-25,2025-07-26,Report Issue,Medium,Completed,12,72,Within SLA,5.03,1,Legal
REQ001972,RPT0026,A017,2024-09-04,2024-09-08,Report Enhancement,Low,Pending,85,120,Within SLA,0.5,0,Human Resources
REQ001973,RPT0040,A003,2025-08-13,2025-08-14,Report Enhancement,Low,In Progress,35,120,Within SLA,5.25,0,Human Resources
REQ001974,RPT0023,A012,2026-08-06,2026-08-07,Data Correction,Medium,Completed,32,72,Within SLA,3.8,0,Compliance
REQ001975,RPT0041,A002,2024-10-20,2024-10-26,Access Request,Medium,Pending,135,72,Breached,3.28,0,Finance
REQ001976,RPT0037,A025,2026-06-21,2026-06-23,Report Enhancement,Medium,Pending,56,72,Within SLA,2.53,2,Operations
REQ001977,RPT0016,A023,2025-04-21,2025-04-22,New Report,High,Completed,32,48,Within SLA,7.29,3,Legal
REQ001978,RPT0047,A005,2025-11-11,2025-11-19,Access Request,Medium,Completed,195,72,Breached,6.44,0,Compliance
REQ001979,RPT0120,A011,2025-07-20,2025-07-21,Report Enhancement,Medium,Pending,34,72,Within SLA,1.93,2,Legal
REQ001980,RPT0102,A025,2025-11-09,2025-11-12,Access Request,Medium,Cancelled,67,72,Within SLA,4.41,0,Client Services
REQ001981,RPT0044,A024,2025-07-01,2025-07-04,Report Enhancement,Medium,Completed,88,72,Breached,1.68,0,Sales
REQ001982,RPT0041,A023,2026-02-23,2026-02-24,Report Enhancement,Medium,In Progress,39,72,Within SLA,1.26,1,Sales
REQ001983,RPT0104,A023,2025-12-31,2026-01-02,Change Request,Medium,Completed,51,72,Within SLA,2.14,3,Technology
REQ001984,RPT0103,A010,2025-07-11,2025-07-12,Data Correction,Low,Pending,24,120,Within SLA,6.07,0,Human Resources
REQ001985,RPT0113,A004,2025-04-02,2025-04-07,Report Issue,Low,Completed,106,120,Within SLA,6.47,0,Human Resources
REQ001986,RPT0082,A021,2024-11-18,2024-11-21,Data Correction,Low,Completed,67,120,Within SLA,4.75,0,Technology
REQ001987,RPT0068,A020,2025-07-01,2025-07-02,Report Enhancement,High,In Progress,26,48,Within SLA,5.52,2,Technology
REQ001988,RPT0029,A014,2024-09-06,2024-09-13,Access Request,Medium,Cancelled,172,72,Breached,4.77,4,Client Services
REQ001989,RPT0001,A005,2025-04-30,2025-05-01,Report Issue,High,In Progress,26,48,Within SLA,2.12,0,Human Resources
REQ001990,RPT0009,A017,2025-01-01,2025-01-02,Report Enhancement,Critical,In Progress,13,24,Within SLA,4.49,3,Compliance
REQ001991,RPT0009,A005,2026-05-05,2026-05-05,Change Request,High,Pending,14,48,Within SLA,5.81,0,Compliance
REQ001992,RPT0008,A013,2025-12-14,2025-12-15,Report Enhancement,Low,Pending,24,120,Within SLA,5.63,1,Finance
REQ001993,RPT0060,A012,2025-08-13,2025-08-15,New Report,Medium,Completed,43,72,Within SLA,7.63,1,Finance
REQ001994,RPT0023,A006,2026-05-29,2026-06-02,Report Enhancement,Low,Completed,90,120,Within SLA,5.45,1,Human Resources
REQ001995,RPT0018,A013,2026-02-07,2026-02-09,Access Request,Medium,Completed,35,72,Within SLA,4.25,0,Risk
REQ001996,RPT0049,A022,2026-08-05,2026-08-13,Report Enhancement,High,Completed,188,48,Breached,7.02,1,Legal
REQ001997,RPT0016,A021,2025-05-29,2025-05-30,Change Request,High,Completed,43,48,Within SLA,3.26,1,Client Services
REQ001998,RPT0028,A019,2024-10-28,2024-10-30,Change Request,Low,In Progress,49,120,Within SLA,1.79,1,Risk
REQ001999,RPT0028,A024,2025-07-26,2025-07-28,New Report,Medium,Completed,48,72,Within SLA,2.96,2,Technology
REQ002000,RPT0082,A010,2026-06-07,2026-06-08,Change Request,Critical,In Progress,12,24,Within SLA,1.97,1,Compliance
REQ002001,RPT0032,A019,2024-11-11,2024-11-12,Report Enhancement,Medium,Completed,22,72,Within SLA,2.07,0,Legal
REQ002002,RPT0083,A015,2025-02-25,2025-02-27,Change Request,Medium,Pending,29,72,Within SLA,3.0,0,Client Services
REQ002003,RPT0034,A009,2025-07-25,2025-07-27,Change Request,Low,Completed,55,120,Within SLA,1.91,1,Client Services
REQ002004,RPT0075,A015,2025-11-21,2025-11-22,Report Enhancement,High,Completed,36,48,Within SLA,2.68,2,Finance
REQ002005,RPT0077,A015,2025-06-28,2025-06-29,Change Request,Medium,Completed,44,72,Within SLA,0.88,1,Legal
REQ002006,RPT0067,A008,2025-10-01,2025-10-06,Access Request,High,Completed,112,48,Breached,3.85,3,Risk
REQ002007,RPT0102,A024,2024-10-21,2024-10-25,Change Request,Low,In Progress,108,120,Within SLA,3.32,0,Finance
REQ002008,RPT0078,A022,2025-06-24,2025-06-25,Report Enhancement,Low,Completed,29,120,Within SLA,1.87,1,Client Services
REQ002009,RPT0095,A024,2026-06-28,2026-06-29,Report Enhancement,Medium,Pending,40,72,Within SLA,5.27,0,Human Resources
REQ002010,RPT0103,A025,2025-04-19,2025-04-21,Report Issue,Medium,Completed,52,72,Within SLA,6.4,3,Finance
REQ002011,RPT0105,A019,2026-03-23,2026-03-25,Change Request,Low,Cancelled,54,120,Within SLA,1.08,1,Human Resources
REQ002012,RPT0094,A019,2025-05-11,2025-05-14,New Report,Medium,Completed,67,72,Within SLA,1.95,0,Operations
REQ002013,RPT0076,A024,2025-02-09,2025-02-09,New Report,High,Completed,18,48,Within SLA,1.94,1,Human Resources
REQ002014,RPT0066,A007,2025-05-06,2025-05-10,Report Issue,Low,Completed,85,120,Within SLA,1.72,2,Finance
REQ002015,RPT0027,A022,2026-04-18,2026-04-20,Report Enhancement,High,Pending,44,48,Within SLA,5.93,0,Client Services
REQ002016,RPT0015,A007,2024-12-29,2025-01-01,New Report,Medium,Completed,74,72,Breached,2.9,1,Risk
REQ002017,RPT0018,A002,2024-10-19,2024-10-20,New Report,High,Pending,37,48,Within SLA,2.76,1,Operations
REQ002018,RPT0117,A006,2025-09-21,2025-09-23,Report Enhancement,High,In Progress,45,48,Within SLA,0.82,0,Finance
REQ002019,RPT0119,A017,2025-12-25,2025-12-26,New Report,Medium,Completed,20,72,Within SLA,5.18,1,Client Services
REQ002020,RPT0025,A014,2024-11-17,2024-11-22,Change Request,Low,Completed,117,120,Within SLA,1.39,0,Technology
REQ002021,RPT0104,A010,2025-10-07,2025-10-09,Data Correction,Low,Completed,46,120,Within SLA,3.46,2,Legal
REQ002022,RPT0072,A022,2025-09-21,2025-09-26,New Report,Low,In Progress,138,120,Breached,4.03,0,Technology
REQ002023,RPT0018,A005,2025-01-18,2025-01-29,Report Issue,Medium,Pending,268,72,Breached,8.61,0,Sales
REQ002024,RPT0045,A024,2026-07-25,2026-07-29,Access Request,Low,Pending,99,120,Within SLA,1.33,2,Technology
REQ002025,RPT0086,A019,2026-04-15,2026-04-16,New Report,High,In Progress,8,48,Within SLA,0.5,0,Human Resources
REQ002026,RPT0059,A004,2025-05-19,2025-05-19,Change Request,High,Completed,9,48,Within SLA,3.78,0,Risk
REQ002027,RPT0040,A025,2025-05-20,2025-05-24,Data Correction,Low,Pending,94,120,Within SLA,11.71,0,Risk
REQ002028,RPT0004,A005,2026-03-08,2026-03-09,Change Request,High,Completed,12,48,Within SLA,7.9,1,Client Services
REQ002029,RPT0036,A002,2026-05-19,2026-05-20,New Report,Medium,Completed,22,72,Within SLA,3.84,1,Risk
REQ002030,RPT0111,A019,2026-01-04,2026-01-06,Report Enhancement,Medium,Completed,58,72,Within SLA,2.35,0,Finance
REQ002031,RPT0014,A011,2026-05-16,2026-05-18,Access Request,Low,Completed,60,120,Within SLA,5.84,3,Human Resources
REQ002032,RPT0090,A023,2024-12-13,2024-12-14,Data Correction,Critical,Completed,23,24,Within SLA,1.68,0,Sales
REQ002033,RPT0064,A019,2025-02-20,2025-02-24,New Report,Low,Completed,102,120,Within SLA,4.63,2,Client Services
REQ002034,RPT0100,A012,2024-11-08,2024-11-15,Data Correction,Medium,In Progress,153,72,Breached,4.73,1,Human Resources
REQ002035,RPT0018,A009,2024-12-12,2024-12-13,Data Correction,Medium,Completed,27,72,Within SLA,6.97,2,Client Services
REQ002036,RPT0066,A004,2025-03-07,2025-03-09,Access Request,Low,Completed,31,120,Within SLA,22.91,1,Finance
REQ002037,RPT0052,A009,2025-01-21,2025-01-24,Change Request,Low,Pending,76,120,Within SLA,4.37,0,Operations
REQ002038,RPT0086,A012,2025-01-02,2025-01-10,Access Request,Low,Completed,186,120,Breached,2.33,2,Client Services
REQ002039,RPT0060,A003,2025-12-01,2025-12-16,New Report,Low,Completed,348,120,Breached,3.26,1,Compliance
REQ002040,RPT0011,A002,2024-12-17,2024-12-26,Report Enhancement,Low,Completed,220,120,Breached,0.96,0,Sales
REQ002041,RPT0023,A004,2026-04-03,2026-04-04,Data Correction,Critical,Cancelled,17,24,Within SLA,2.04,2,Compliance
REQ002042,RPT0046,A015,2026-04-02,2026-04-05,New Report,Low,Completed,68,120,Within SLA,2.49,0,Technology
REQ002043,RPT0043,A007,2026-01-12,2026-01-12,Report Issue,Medium,Completed,13,72,Within SLA,2.3,1,Compliance
REQ002044,RPT0108,A014,2024-10-18,2024-10-21,Report Enhancement,Medium,Pending,70,72,Within SLA,3.69,3,Technology
REQ002045,RPT0090,A016,2025-01-05,2025-01-09,Access Request,High,Completed,90,48,Breached,1.87,2,Finance
REQ002046,RPT0043,A021,2026-04-13,2026-04-16,New Report,Low,Completed,77,120,Within SLA,7.28,0,Finance
REQ002047,RPT0117,A009,2025-12-21,2025-12-23,New Report,High,Completed,45,48,Within SLA,3.32,0,Finance
REQ002048,RPT0009,A023,2025-09-08,2025-09-09,New Report,High,Completed,23,48,Within SLA,3.3,3,Sales
REQ002049,RPT0079,A020,2025-08-16,2025-08-25,Report Enhancement,Low,Completed,228,120,Breached,2.64,0,Legal
REQ002050,RPT0051,A020,2026-03-30,2026-03-31,New Report,High,Completed,46,48,Within SLA,3.7,3,Legal
REQ002051,RPT0016,A014,2025-11-01,2025-11-02,Access Request,Medium,Completed,24,72,Within SLA,5.92,0,Technology
REQ002052,RPT0020,A007,2026-04-03,2026-04-04,Report Enhancement,Medium,Completed,38,72,Within SLA,1.81,3,Client Services
REQ002053,RPT0023,A025,2025-11-14,2025-11-14,Data Correction,Critical,Completed,20,24,Within SLA,2.09,0,Human Resources
REQ002054,RPT0075,A019,2025-08-04,2025-08-08,Access Request,Low,In Progress,89,120,Within SLA,2.68,1,Operations
REQ002055,RPT0114,A014,2026-02-01,2026-02-03,Report Enhancement,Medium,Completed,57,72,Within SLA,1.29,0,Risk
REQ002056,RPT0022,A004,2026-08-08,2026-08-12,New Report,Low,Completed,82,120,Within SLA,1.87,0,Operations
REQ002057,RPT0085,A021,2026-07-07,2026-07-11,Access Request,Low,Completed,109,120,Within SLA,2.38,1,Sales
REQ002058,RPT0031,A012,2025-11-02,2025-11-04,New Report,High,Pending,42,48,Within SLA,6.12,1,Legal
REQ002059,RPT0015,A003,2026-01-02,2026-01-04,Report Enhancement,Medium,Cancelled,49,72,Within SLA,3.99,0,Client Services
REQ002060,RPT0085,A017,2025-12-27,2025-12-29,New Report,High,Completed,48,48,Within SLA,3.8,0,Finance
REQ002061,RPT0098,A004,2025-12-19,2025-12-19,New Report,Critical,Pending,10,24,Within SLA,6.02,0,Client Services
REQ002062,RPT0065,A012,2025-04-29,2025-04-30,Data Correction,Medium,In Progress,26,72,Within SLA,3.02,0,Client Services
REQ002063,RPT0061,A011,2026-06-23,2026-06-23,New Report,Medium,Completed,13,72,Within SLA,4.36,0,Client Services
REQ002064,RPT0077,A013,2025-12-21,2025-12-23,Report Issue,Low,Pending,48,120,Within SLA,3.09,0,Operations
REQ002065,RPT0076,A009,2025-04-23,2025-04-25,Report Issue,Medium,Pending,44,72,Within SLA,4.0,1,Risk
REQ002066,RPT0051,A019,2024-12-16,2024-12-18,Report Enhancement,Medium,Completed,44,72,Within SLA,2.21,1,Client Services
REQ002067,RPT0034,A003,2025-07-28,2025-07-30,Report Issue,Medium,Completed,49,72,Within SLA,0.6,1,Technology
REQ002068,RPT0063,A010,2024-10-13,2024-10-15,New Report,Medium,Completed,69,72,Within SLA,3.02,0,Legal
REQ002069,RPT0110,A022,2025-08-20,2025-08-28,Report Enhancement,Low,In Progress,207,120,Breached,8.99,1,Technology
REQ002070,RPT0037,A020,2025-07-30,2025-08-01,Change Request,Medium,Completed,50,72,Within SLA,6.35,1,Technology
REQ002071,RPT0058,A017,2025-12-24,2025-12-27,Access Request,Medium,In Progress,71,72,Within SLA,6.53,0,Sales
REQ002072,RPT0021,A012,2025-04-13,2025-04-17,Change Request,Low,Completed,95,120,Within SLA,7.89,0,Compliance
REQ002073,RPT0100,A008,2026-05-01,2026-05-04,Report Issue,Medium,Completed,80,72,Breached,3.53,3,Sales
REQ002074,RPT0018,A009,2025-03-22,2025-03-23,Report Enhancement,Medium,In Progress,26,72,Within SLA,3.81,2,Technology
REQ002075,RPT0055,A001,2025-11-23,2025-11-27,Access Request,Low,Cancelled,91,120,Within SLA,2.15,1,Operations
REQ002076,RPT0085,A025,2024-10-03,2024-10-14,New Report,Medium,Completed,260,72,Breached,2.66,0,Risk
REQ002077,RPT0001,A011,2025-05-21,2025-05-22,Change Request,High,Completed,21,48,Within SLA,5.11,0,Risk
REQ002078,RPT0100,A023,2025-09-19,2025-09-23,Change Request,Low,Completed,95,120,Within SLA,7.71,0,Finance
REQ002079,RPT0016,A020,2024-10-17,2024-10-20,Change Request,Medium,Cancelled,60,72,Within SLA,3.01,0,Operations
REQ002080,RPT0101,A019,2025-04-19,2025-04-20,Access Request,Medium,Completed,24,72,Within SLA,2.42,0,Technology
REQ002081,RPT0009,A025,2025-08-14,2025-08-16,Access Request,High,Completed,38,48,Within SLA,3.32,3,Legal
REQ002082,RPT0070,A018,2025-08-07,2025-08-08,Change Request,High,Completed,44,48,Within SLA,5.06,1,Finance
REQ002083,RPT0053,A017,2024-09-19,2024-09-19,Access Request,Medium,Completed,18,72,Within SLA,1.21,0,Operations
REQ002084,RPT0070,A014,2024-10-04,2024-10-05,Change Request,High,Completed,33,48,Within SLA,0.67,3,Legal
REQ002085,RPT0057,A010,2025-06-03,2025-06-05,Report Enhancement,High,Completed,45,48,Within SLA,2.26,1,Legal
REQ002086,RPT0041,A022,2026-05-29,2026-06-06,Access Request,Medium,In Progress,201,72,Breached,1.41,1,Finance
REQ002087,RPT0088,A025,2025-03-31,2025-04-05,New Report,Low,Completed,100,120,Within SLA,2.33,0,Client Services
REQ002088,RPT0011,A014,2024-10-19,2024-10-28,Data Correction,Low,Pending,224,120,Breached,2.99,0,Finance
REQ002089,RPT0041,A008,2026-01-03,2026-01-05,Change Request,High,Completed,43,48,Within SLA,2.42,0,Technology
REQ002090,RPT0008,A013,2026-06-23,2026-06-25,Report Issue,Medium,Completed,49,72,Within SLA,9.18,0,Client Services
REQ002091,RPT0039,A017,2026-06-16,2026-06-20,New Report,Low,Completed,107,120,Within SLA,4.17,2,Sales
REQ002092,RPT0116,A024,2024-10-30,2024-11-02,Change Request,Low,Pending,72,120,Within SLA,4.1,0,Legal
REQ002093,RPT0021,A001,2025-12-11,2025-12-12,Report Enhancement,Medium,Completed,15,72,Within SLA,5.13,0,Sales
REQ002094,RPT0004,A019,2025-11-25,2025-11-27,Data Correction,Medium,Completed,60,72,Within SLA,1.5,0,Client Services
REQ002095,RPT0004,A014,2025-09-18,2025-09-19,Data Correction,High,Cancelled,20,48,Within SLA,6.87,2,Risk
REQ002096,RPT0110,A021,2025-06-15,2025-06-17,Change Request,High,Completed,33,48,Within SLA,3.15,1,Risk
REQ002097,RPT0078,A012,2025-08-15,2025-08-16,Access Request,Medium,Completed,18,72,Within SLA,5.31,0,Compliance
REQ002098,RPT0023,A005,2025-11-14,2025-11-18,New Report,Low,Pending,78,120,Within SLA,1.57,0,Sales
REQ002099,RPT0085,A016,2025-10-25,2025-10-26,Change Request,Critical,In Progress,15,24,Within SLA,1.12,0,Sales
REQ002100,RPT0023,A009,2026-04-28,2026-04-29,Access Request,Low,Completed,32,120,Within SLA,5.89,0,Operations
REQ002101,RPT0103,A017,2026-03-17,2026-03-19,New Report,Medium,Cancelled,44,72,Within SLA,4.32,0,Technology
REQ002102,RPT0051,A016,2026-07-17,2026-07-29,New Report,Low,Pending,276,120,Breached,1.77,1,Client Services
REQ002103,RPT0046,A015,2024-09-21,2024-09-23,Report Enhancement,Low,Pending,46,120,Within SLA,1.81,2,Finance
REQ002104,RPT0082,A014,2025-08-05,2025-08-06,Data Correction,Medium,Cancelled,38,72,Within SLA,7.3,2,Operations
REQ002105,RPT0095,A025,2026-07-28,2026-07-28,Change Request,High,Pending,11,48,Within SLA,1.44,0,Client Services
REQ002106,RPT0069,A002,2026-05-12,2026-05-16,Data Correction,Low,Completed,99,120,Within SLA,10.48,2,Client Services
REQ002107,RPT0066,A006,2025-11-08,2025-11-08,Report Enhancement,Medium,Pending,22,72,Within SLA,1.77,0,Sales
REQ002108,RPT0033,A012,2026-01-09,2026-01-14,Change Request,Low,Completed,120,120,Within SLA,5.19,0,Sales
REQ002109,RPT0084,A015,2025-01-14,2025-01-16,New Report,Low,Pending,56,120,Within SLA,2.64,0,Human Resources
REQ002110,RPT0092,A015,2025-04-27,2025-04-30,Report Issue,Low,Completed,66,120,Within SLA,5.06,0,Sales
REQ002111,RPT0105,A003,2025-12-03,2025-12-05,Report Enhancement,Medium,In Progress,43,72,Within SLA,2.27,1,Client Services
REQ002112,RPT0083,A022,2025-08-25,2025-08-26,Access Request,High,Completed,21,48,Within SLA,2.96,0,Risk
REQ002113,RPT0105,A003,2025-09-14,2025-09-18,Access Request,Low,Completed,95,120,Within SLA,3.42,1,Client Services
REQ002114,RPT0101,A013,2024-12-16,2024-12-16,Data Correction,High,In Progress,11,48,Within SLA,1.65,0,Compliance
REQ002115,RPT0030,A011,2024-10-08,2024-10-12,New Report,Medium,In Progress,96,72,Breached,5.58,4,Legal
REQ002116,RPT0040,A001,2025-08-05,2025-08-06,Report Enhancement,High,Completed,22,48,Within SLA,2.32,0,Finance
REQ002117,RPT0065,A010,2024-11-09,2024-11-14,Report Issue,High,In Progress,120,48,Breached,2.83,0,Legal
REQ002118,RPT0086,A012,2026-05-12,2026-05-13,New Report,High,Completed,19,48,Within SLA,1.66,0,Sales
REQ002119,RPT0089,A003,2026-07-20,2026-07-21,Data Correction,Medium,Pending,25,72,Within SLA,0.55,2,Client Services
REQ002120,RPT0088,A021,2026-06-02,2026-06-05,Report Enhancement,Medium,Completed,62,72,Within SLA,2.9,0,Human Resources
REQ002121,RPT0085,A009,2025-05-14,2025-05-16,Change Request,Medium,Completed,46,72,Within SLA,17.97,0,Legal
REQ002122,RPT0066,A025,2026-02-26,2026-02-28,Report Issue,Medium,Completed,49,72,Within SLA,5.75,1,Risk
REQ002123,RPT0108,A016,2024-10-25,2024-10-26,Report Issue,Medium,Completed,32,72,Within SLA,3.28,1,Operations
REQ002124,RPT0012,A024,2025-09-16,2025-09-17,Data Correction,High,In Progress,24,48,Within SLA,2.76,0,Legal
REQ002125,RPT0107,A018,2026-01-04,2026-01-05,Report Issue,Critical,In Progress,7,24,Within SLA,3.37,2,Compliance
REQ002126,RPT0015,A021,2025-01-02,2025-01-03,Report Enhancement,Medium,Completed,27,72,Within SLA,4.87,0,Legal
REQ002127,RPT0023,A017,2024-09-20,2024-09-22,Access Request,Low,Pending,44,120,Within SLA,1.45,1,Legal
REQ002128,RPT0105,A004,2025-03-01,2025-03-02,New Report,High,Completed,21,48,Within SLA,7.24,0,Finance
REQ002129,RPT0056,A013,2026-02-21,2026-02-25,Change Request,Low,Pending,104,120,Within SLA,5.48,0,Operations
REQ002130,RPT0118,A022,2025-07-27,2025-07-29,New Report,High,Completed,48,48,Within SLA,5.49,2,Client Services
REQ002131,RPT0050,A003,2025-07-28,2025-07-29,Report Issue,Medium,Completed,17,72,Within SLA,4.51,0,Sales
REQ002132,RPT0032,A021,2025-10-02,2025-10-03,New Report,High,Completed,43,48,Within SLA,3.37,0,Operations
REQ002133,RPT0099,A018,2025-10-01,2025-10-02,Report Enhancement,Medium,Completed,42,72,Within SLA,5.32,1,Risk
REQ002134,RPT0013,A002,2025-12-07,2025-12-09,Change Request,Medium,Completed,49,72,Within SLA,5.02,1,Finance
REQ002135,RPT0024,A001,2024-12-22,2024-12-23,Change Request,High,Cancelled,37,48,Within SLA,2.59,0,Human Resources
REQ002136,RPT0043,A001,2025-05-30,2025-06-01,Data Correction,High,Cancelled,45,48,Within SLA,2.22,2,Finance
REQ002137,RPT0002,A021,2025-06-06,2025-06-08,Access Request,Medium,Pending,36,72,Within SLA,3.57,0,Technology
REQ002138,RPT0029,A010,2026-08-03,2026-08-04,Data Correction,Medium,Completed,17,72,Within SLA,9.82,2,Finance
REQ002139,RPT0035,A025,2025-03-28,2025-03-30,Access Request,Medium,Completed,51,72,Within SLA,1.39,2,Client Services
REQ002140,RPT0054,A018,2025-06-17,2025-06-20,New Report,Medium,Completed,61,72,Within SLA,1.19,0,Compliance
REQ002141,RPT0021,A013,2025-07-04,2025-07-06,Data Correction,Medium,Completed,58,72,Within SLA,3.73,1,Client Services
REQ002142,RPT0073,A004,2026-04-14,2026-04-16,New Report,Medium,Completed,47,72,Within SLA,3.44,2,Client Services
REQ002143,RPT0004,A012,2025-05-10,2025-05-11,Report Enhancement,Critical,In Progress,17,24,Within SLA,3.75,0,Technology
REQ002144,RPT0089,A020,2026-01-30,2026-02-01,Change Request,Medium,Pending,48,72,Within SLA,3.94,0,Compliance
REQ002145,RPT0046,A015,2025-11-28,2025-12-01,Change Request,Low,Completed,79,120,Within SLA,2.84,1,Legal
REQ002146,RPT0001,A025,2024-09-30,2024-10-03,Report Enhancement,Medium,Pending,72,72,Within SLA,9.42,1,Human Resources
REQ002147,RPT0016,A015,2026-04-26,2026-04-27,Change Request,High,In Progress,31,48,Within SLA,1.08,0,Client Services
REQ002148,RPT0024,A003,2025-12-24,2025-12-31,Access Request,Medium,Completed,177,72,Breached,1.86,0,Operations
REQ002149,RPT0076,A013,2026-01-05,2026-01-09,Report Enhancement,Medium,Pending,94,72,Breached,3.09,1,Risk
REQ002150,RPT0076,A003,2025-05-07,2025-05-10,Access Request,Medium,Completed,50,72,Within SLA,1.05,0,Client Services
REQ002151,RPT0118,A005,2024-10-11,2024-10-12,New Report,High,Pending,24,48,Within SLA,2.94,0,Operations
REQ002152,RPT0056,A025,2025-05-04,2025-05-05,Report Enhancement,Medium,Completed,43,72,Within SLA,10.62,0,Legal
REQ002153,RPT0107,A001,2024-11-02,2024-11-04,Change Request,Low,Completed,40,120,Within SLA,3.37,0,Finance
REQ002154,RPT0053,A009,2025-10-28,2025-10-30,Report Issue,Low,Completed,52,120,Within SLA,3.9,2,Finance
REQ002155,RPT0023,A017,2026-01-29,2026-02-01,Access Request,Low,Pending,59,120,Within SLA,1.37,0,Risk
REQ002156,RPT0012,A016,2025-06-17,2025-06-20,Report Enhancement,Medium,Pending,68,72,Within SLA,2.16,0,Legal
REQ002157,RPT0058,A008,2025-03-29,2025-03-30,Report Issue,High,Pending,19,48,Within SLA,2.55,0,Operations
REQ002158,RPT0048,A001,2025-03-04,2025-03-05,Change Request,Critical,Completed,19,24,Within SLA,2.66,1,Client Services
REQ002159,RPT0008,A003,2026-03-06,2026-03-10,New Report,Low,Completed,95,120,Within SLA,8.14,1,Operations
REQ002160,RPT0014,A022,2026-06-13,2026-06-14,Report Enhancement,Medium,Completed,23,72,Within SLA,4.91,2,Operations
REQ002161,RPT0105,A015,2026-01-12,2026-01-14,Data Correction,Low,Completed,29,120,Within SLA,1.52,0,Finance
REQ002162,RPT0088,A001,2026-07-25,2026-08-05,Report Enhancement,Low,Completed,249,120,Breached,3.95,1,Finance
REQ002163,RPT0040,A018,2025-12-02,2025-12-10,Access Request,Medium,In Progress,212,72,Breached,4.71,1,Human Resources
REQ002164,RPT0053,A019,2026-06-30,2026-07-01,Report Issue,Medium,Pending,21,72,Within SLA,7.38,0,Legal
REQ002165,RPT0061,A025,2024-12-15,2024-12-24,Report Enhancement,Low,Pending,204,120,Breached,10.04,0,Operations
REQ002166,RPT0019,A016,2025-05-06,2025-05-08,Access Request,High,Completed,47,48,Within SLA,1.63,0,Compliance
REQ002167,RPT0046,A025,2024-10-23,2024-10-24,Data Correction,High,Completed,36,48,Within SLA,1.88,0,Legal
REQ002168,RPT0113,A024,2025-11-16,2025-11-19,Report Issue,Medium,Completed,69,72,Within SLA,1.38,0,Human Resources
REQ002169,RPT0020,A014,2026-01-18,2026-01-21,Access Request,Medium,In Progress,64,72,Within SLA,2.82,2,Legal
REQ002170,RPT0058,A007,2024-12-08,2024-12-10,New Report,Medium,Completed,46,72,Within SLA,4.6,1,Legal
REQ002171,RPT0071,A010,2026-08-03,2026-08-03,Change Request,Critical,Cancelled,11,24,Within SLA,6.63,0,Risk
REQ002172,RPT0118,A005,2025-05-19,2025-05-21,Data Correction,High,Completed,48,48,Within SLA,3.15,0,Legal
REQ002173,RPT0007,A013,2025-04-18,2025-04-21,New Report,Medium,Completed,64,72,Within SLA,2.65,0,Human Resources
REQ002174,RPT0073,A006,2026-01-12,2026-01-14,Access Request,Medium,Completed,35,72,Within SLA,3.69,0,Finance
REQ002175,RPT0040,A024,2026-02-14,2026-02-22,Report Enhancement,Low,Pending,195,120,Breached,1.85,1,Finance
REQ002176,RPT0060,A025,2026-01-17,2026-01-18,Report Issue,Critical,Completed,18,24,Within SLA,14.33,4,Legal
REQ002177,RPT0057,A022,2025-06-21,2025-06-24,Access Request,Low,Cancelled,78,120,Within SLA,1.08,1,Technology
REQ002178,RPT0118,A008,2024-11-29,2024-12-07,New Report,Medium,Completed,208,72,Breached,3.78,1,Human Resources
REQ002179,RPT0086,A005,2025-11-26,2025-11-27,Data Correction,Medium,Completed,23,72,Within SLA,13.69,2,Risk
REQ002180,RPT0002,A006,2026-02-22,2026-02-24,Access Request,High,In Progress,44,48,Within SLA,3.34,3,Technology
REQ002181,RPT0120,A006,2026-08-19,2026-08-20,Report Issue,High,Completed,15,48,Within SLA,2.91,2,Human Resources
REQ002182,RPT0005,A015,2024-10-25,2024-10-27,Report Issue,Medium,Completed,40,72,Within SLA,2.59,1,Sales
REQ002183,RPT0060,A020,2025-04-18,2025-04-19,New Report,Critical,Completed,16,24,Within SLA,2.93,2,Legal
REQ002184,RPT0117,A008,2025-10-29,2025-10-31,New Report,High,In Progress,45,48,Within SLA,8.68,1,Operations
REQ002185,RPT0099,A024,2025-06-09,2025-06-14,New Report,Low,Completed,110,120,Within SLA,0.71,3,Finance
REQ002186,RPT0005,A007,2026-01-02,2026-01-03,Change Request,Medium,Completed,12,72,Within SLA,9.71,0,Technology
REQ002187,RPT0039,A021,2026-04-27,2026-04-30,New Report,Medium,In Progress,60,72,Within SLA,1.23,0,Operations
REQ002188,RPT0070,A012,2025-05-03,2025-05-04,Change Request,Critical,Completed,21,24,Within SLA,2.75,0,Human Resources
REQ002189,RPT0005,A002,2026-05-14,2026-05-18,Change Request,High,In Progress,87,48,Breached,2.46,0,Technology
REQ002190,RPT0117,A018,2024-11-28,2024-12-07,Access Request,Medium,Completed,212,72,Breached,5.01,0,Finance
REQ002191,RPT0115,A008,2026-01-23,2026-01-25,New Report,Medium,In Progress,42,72,Within SLA,1.08,1,Client Services
REQ002192,RPT0025,A019,2026-02-17,2026-02-20,Report Enhancement,Medium,In Progress,57,72,Within SLA,4.59,0,Sales
REQ002193,RPT0051,A016,2026-05-26,2026-05-28,Data Correction,Medium,Cancelled,35,72,Within SLA,13.69,0,Client Services
REQ002194,RPT0082,A012,2026-03-17,2026-03-19,Access Request,High,Pending,29,48,Within SLA,1.28,0,Finance
REQ002195,RPT0024,A010,2026-02-04,2026-02-05,New Report,Medium,Cancelled,32,72,Within SLA,3.79,2,Operations
REQ002196,RPT0074,A023,2026-07-30,2026-07-31,Access Request,Medium,Completed,15,72,Within SLA,2.09,1,Risk
REQ002197,RPT0074,A002,2025-10-03,2025-10-06,Change Request,High,Completed,56,48,Breached,4.47,1,Technology
REQ002198,RPT0117,A014,2024-11-01,2024-11-05,Report Issue,Low,Completed,105,120,Within SLA,3.36,0,Legal
REQ002199,RPT0102,A005,2026-01-04,2026-01-09,Data Correction,Low,Completed,114,120,Within SLA,2.12,0,Finance
REQ002200,RPT0073,A018,2026-01-23,2026-01-25,Data Correction,High,Completed,37,48,Within SLA,4.67,2,Legal
REQ002201,RPT0099,A014,2025-07-15,2025-07-19,Access Request,Medium,Completed,92,72,Breached,11.74,1,Sales
REQ002202,RPT0113,A006,2025-09-19,2025-09-22,Change Request,Medium,Completed,65,72,Within SLA,2.9,1,Finance
REQ002203,RPT0060,A001,2025-05-29,2025-06-01,Report Issue,Low,Completed,90,120,Within SLA,5.49,0,Risk
REQ002204,RPT0097,A018,2024-09-04,2024-09-05,New Report,High,Completed,30,48,Within SLA,1.34,0,Finance
REQ002205,RPT0022,A003,2025-05-29,2025-06-06,Change Request,Low,In Progress,180,120,Breached,1.7,1,Human Resources
REQ002206,RPT0073,A004,2025-04-17,2025-04-19,Report Enhancement,High,Completed,39,48,Within SLA,4.62,1,Technology
REQ002207,RPT0071,A003,2025-01-08,2025-01-08,New Report,High,Completed,21,48,Within SLA,9.38,0,Human Resources
REQ002208,RPT0049,A018,2025-02-03,2025-02-04,Report Enhancement,High,In Progress,38,48,Within SLA,4.26,1,Legal
REQ002209,RPT0098,A023,2025-05-13,2025-05-14,New Report,High,In Progress,29,48,Within SLA,2.67,0,Compliance
REQ002210,RPT0062,A006,2026-04-08,2026-04-11,New Report,Medium,Completed,72,72,Within SLA,3.32,2,Legal
REQ002211,RPT0018,A006,2025-09-02,2025-09-08,Data Correction,Medium,Pending,134,72,Breached,1.38,4,Client Services
REQ002212,RPT0081,A008,2025-01-17,2025-01-19,Change Request,Low,Completed,51,120,Within SLA,5.07,0,Risk
REQ002213,RPT0036,A021,2025-02-12,2025-02-13,Report Issue,High,Completed,13,48,Within SLA,6.16,0,Compliance
REQ002214,RPT0047,A019,2024-12-05,2024-12-09,Report Issue,Low,In Progress,91,120,Within SLA,2.42,0,Compliance
REQ002215,RPT0082,A007,2024-12-19,2024-12-23,Report Issue,Low,Completed,104,120,Within SLA,2.39,0,Finance
REQ002216,RPT0057,A016,2024-10-19,2024-10-20,Data Correction,High,In Progress,22,48,Within SLA,4.0,0,Human Resources
REQ002217,RPT0100,A025,2025-04-07,2025-04-09,Change Request,Medium,Completed,35,72,Within SLA,2.45,0,Risk
REQ002218,RPT0001,A022,2026-06-07,2026-06-09,Report Enhancement,Low,Completed,30,120,Within SLA,3.17,0,Finance
REQ002219,RPT0116,A019,2026-04-25,2026-04-26,Data Correction,High,Completed,36,48,Within SLA,14.44,0,Operations
REQ002220,RPT0077,A003,2024-11-07,2024-11-08,Report Enhancement,Medium,Completed,16,72,Within SLA,2.79,1,Technology
REQ002221,RPT0078,A002,2025-09-19,2025-09-19,Report Issue,High,In Progress,12,48,Within SLA,2.58,0,Risk
REQ002222,RPT0032,A024,2026-04-11,2026-04-12,Report Enhancement,High,Completed,15,48,Within SLA,2.11,0,Legal
REQ002223,RPT0112,A007,2025-10-14,2025-10-16,Data Correction,Low,Completed,44,120,Within SLA,5.59,0,Operations
REQ002224,RPT0108,A014,2026-05-31,2026-06-02,Access Request,Medium,Completed,35,72,Within SLA,2.92,2,Technology
REQ002225,RPT0120,A005,2026-03-17,2026-03-17,Access Request,Critical,Pending,3,24,Within SLA,2.11,1,Operations
REQ002226,RPT0098,A009,2026-07-08,2026-07-14,Report Enhancement,Medium,Completed,140,72,Breached,8.37,0,Sales
REQ002227,RPT0078,A025,2025-10-03,2025-10-07,Report Issue,Low,Cancelled,74,120,Within SLA,8.97,1,Compliance
REQ002228,RPT0022,A015,2024-09-19,2024-09-20,Report Issue,Low,Completed,25,120,Within SLA,2.18,1,Compliance
REQ002229,RPT0038,A005,2026-01-17,2026-01-18,Change Request,High,Completed,35,48,Within SLA,0.9,0,Sales
REQ002230,RPT0042,A009,2025-05-09,2025-05-10,Change Request,High,In Progress,29,48,Within SLA,6.72,1,Risk
REQ002231,RPT0095,A016,2026-07-02,2026-07-04,New Report,Medium,Pending,52,72,Within SLA,2.06,0,Operations
REQ002232,RPT0106,A023,2026-04-08,2026-04-10,Report Issue,Medium,Completed,52,72,Within SLA,5.77,0,Operations
REQ002233,RPT0104,A008,2025-12-14,2025-12-15,Report Issue,Medium,In Progress,28,72,Within SLA,0.84,1,Risk
REQ002234,RPT0047,A022,2024-11-30,2024-12-01,Report Issue,Critical,Cancelled,16,24,Within SLA,6.2,0,Finance
REQ002235,RPT0005,A023,2025-11-27,2025-11-29,Data Correction,Medium,Completed,28,72,Within SLA,1.42,3,Compliance
REQ002236,RPT0048,A024,2025-06-09,2025-06-14,New Report,Low,Pending,109,120,Within SLA,5.54,0,Sales
REQ002237,RPT0035,A016,2024-12-18,2024-12-20,Data Correction,High,In Progress,32,48,Within SLA,3.35,1,Human Resources
REQ002238,RPT0099,A021,2024-12-25,2024-12-27,Access Request,Medium,In Progress,58,72,Within SLA,1.7,0,Human Resources
REQ002239,RPT0035,A013,2025-01-08,2025-01-09,Change Request,Medium,Completed,35,72,Within SLA,2.5,4,Technology
REQ002240,RPT0017,A003,2026-05-28,2026-06-02,Report Issue,Medium,Completed,126,72,Breached,5.37,2,Risk
REQ002241,RPT0119,A020,2026-02-10,2026-02-12,Data Correction,Medium,Completed,56,72,Within SLA,3.58,1,Sales
REQ002242,RPT0048,A019,2026-04-11,2026-04-15,Report Enhancement,Low,Completed,75,120,Within SLA,5.0,0,Technology
REQ002243,RPT0059,A009,2025-12-19,2025-12-20,Access Request,Medium,Completed,19,72,Within SLA,13.24,0,Risk
REQ002244,RPT0120,A010,2026-05-11,2026-05-12,Change Request,Medium,In Progress,19,72,Within SLA,1.11,0,Finance
REQ002245,RPT0021,A014,2026-07-23,2026-07-23,Report Issue,Critical,In Progress,20,24,Within SLA,10.3,1,Operations
REQ002246,RPT0073,A014,2024-12-27,2024-12-28,Data Correction,High,Pending,21,48,Within SLA,3.57,0,Compliance
REQ002247,RPT0016,A016,2026-03-04,2026-03-05,Report Issue,High,Completed,36,48,Within SLA,1.77,1,Legal
REQ002248,RPT0012,A018,2025-07-26,2025-07-29,Data Correction,High,Completed,60,48,Breached,1.31,0,Sales
REQ002249,RPT0056,A017,2024-09-23,2024-09-28,Data Correction,Low,Completed,108,120,Within SLA,2.91,2,Client Services
REQ002250,RPT0064,A007,2025-07-06,2025-07-08,Data Correction,Medium,In Progress,68,72,Within SLA,6.33,0,Risk
REQ002251,RPT0095,A005,2025-05-30,2025-06-01,Report Issue,High,In Progress,41,48,Within SLA,3.04,0,Compliance
REQ002252,RPT0025,A007,2026-01-28,2026-01-29,Access Request,Medium,Completed,39,72,Within SLA,9.56,0,Client Services
REQ002253,RPT0081,A023,2026-03-02,2026-03-07,New Report,Low,Pending,106,120,Within SLA,1.2,3,Human Resources
REQ002254,RPT0067,A022,2025-02-21,2025-02-23,Change Request,High,Pending,36,48,Within SLA,3.29,0,Finance
REQ002255,RPT0040,A006,2025-08-01,2025-08-05,New Report,Low,Completed,111,120,Within SLA,1.38,0,Human Resources
REQ002256,RPT0030,A019,2025-12-08,2025-12-09,Access Request,Medium,Pending,19,72,Within SLA,4.28,1,Operations
REQ002257,RPT0022,A002,2025-03-30,2025-04-01,Change Request,High,Completed,48,48,Within SLA,6.18,0,Compliance
REQ002258,RPT0051,A006,2026-03-28,2026-03-31,New Report,Low,Completed,68,120,Within SLA,2.47,0,Finance
REQ002259,RPT0045,A005,2026-03-25,2026-03-27,Report Enhancement,Medium,Completed,52,72,Within SLA,0.54,1,Human Resources
REQ002260,RPT0019,A006,2026-04-21,2026-04-24,Report Enhancement,Medium,Pending,54,72,Within SLA,3.82,2,Risk
REQ002261,RPT0067,A020,2025-08-04,2025-08-05,Report Issue,Medium,Pending,26,72,Within SLA,4.51,0,Risk
REQ002262,RPT0107,A008,2025-02-18,2025-02-21,New Report,Medium,Pending,56,72,Within SLA,4.41,2,Human Resources
REQ002263,RPT0061,A013,2025-10-09,2025-10-11,Change Request,Low,Completed,35,120,Within SLA,7.89,3,Operations
REQ002264,RPT0101,A004,2025-02-22,2025-02-24,New Report,Medium,Completed,44,72,Within SLA,1.57,1,Legal
REQ002265,RPT0051,A004,2025-04-18,2025-04-19,Change Request,High,Completed,30,48,Within SLA,5.34,0,Human Resources
REQ002266,RPT0087,A018,2026-05-11,2026-05-12,Report Issue,High,Pending,43,48,Within SLA,7.65,3,Risk
REQ002267,RPT0119,A023,2026-04-22,2026-04-26,Report Issue,Low,Pending,109,120,Within SLA,0.96,1,Sales
REQ002268,RPT0034,A005,2025-08-20,2025-08-21,Report Enhancement,High,In Progress,38,48,Within SLA,4.15,0,Risk
REQ002269,RPT0021,A023,2026-07-24,2026-07-25,Change Request,Critical,Cancelled,24,24,Within SLA,2.33,0,Legal
REQ002270,RPT0072,A022,2026-05-31,2026-06-01,New Report,Medium,In Progress,30,72,Within SLA,3.14,0,Risk
REQ002271,RPT0046,A013,2025-01-18,2025-01-20,Report Issue,High,Cancelled,48,48,Within SLA,4.23,0,Finance
REQ002272,RPT0116,A013,2025-06-02,2025-06-05,Access Request,Low,Pending,67,120,Within SLA,2.36,1,Compliance
REQ002273,RPT0008,A009,2026-01-29,2026-02-02,Report Issue,High,Completed,92,48,Breached,2.07,0,Technology
REQ002274,RPT0110,A018,2025-11-07,2025-11-10,Report Issue,High,Completed,92,48,Breached,3.4,0,Sales
REQ002275,RPT0100,A013,2025-07-29,2025-07-29,New Report,Medium,Completed,12,72,Within SLA,1.55,0,Risk
REQ002276,RPT0107,A024,2025-08-14,2025-08-15,Access Request,Medium,Completed,30,72,Within SLA,1.55,0,Client Services
REQ002277,RPT0047,A011,2026-04-10,2026-04-13,Report Issue,Medium,Completed,58,72,Within SLA,5.34,0,Sales
REQ002278,RPT0055,A024,2025-03-27,2025-04-01,Report Enhancement,Low,Completed,104,120,Within SLA,1.49,0,Sales
REQ002279,RPT0003,A019,2026-04-17,2026-04-21,New Report,Low,In Progress,110,120,Within SLA,5.29,0,Operations
REQ002280,RPT0064,A012,2025-06-13,2025-06-14,Report Enhancement,High,Completed,21,48,Within SLA,4.59,0,Risk
REQ002281,RPT0021,A022,2025-09-15,2025-09-17,New Report,Medium,Completed,40,72,Within SLA,0.99,0,Finance
REQ002282,RPT0040,A003,2025-10-04,2025-10-07,New Report,Medium,In Progress,72,72,Within SLA,2.07,0,Compliance
REQ002283,RPT0083,A015,2025-07-12,2025-07-16,Report Enhancement,Low,In Progress,103,120,Within SLA,7.66,0,Technology
REQ002284,RPT0062,A008,2024-12-24,2024-12-28,New Report,Medium,Completed,75,72,Breached,1.67,0,Operations
REQ002285,RPT0004,A015,2026-05-17,2026-05-18,Report Enhancement,Critical,Completed,16,24,Within SLA,2.4,1,Human Resources
REQ002286,RPT0046,A008,2025-01-23,2025-01-25,Report Issue,Medium,Completed,51,72,Within SLA,4.59,0,Compliance
REQ002287,RPT0078,A003,2026-05-05,2026-05-07,Report Issue,Medium,Pending,56,72,Within SLA,5.75,0,Technology
REQ002288,RPT0082,A011,2025-12-03,2025-12-05,Data Correction,Medium,Completed,44,72,Within SLA,2.78,1,Risk
REQ002289,RPT0004,A025,2024-12-06,2024-12-08,Change Request,Low,Completed,39,120,Within SLA,2.19,0,Human Resources
REQ002290,RPT0118,A010,2026-06-30,2026-07-01,Access Request,High,Completed,26,48,Within SLA,8.99,0,Client Services
REQ002291,RPT0040,A010,2025-03-03,2025-03-04,New Report,High,Completed,34,48,Within SLA,11.21,0,Legal
REQ002292,RPT0119,A010,2024-09-30,2024-10-01,Report Issue,High,Completed,27,48,Within SLA,6.59,1,Operations
REQ002293,RPT0033,A011,2026-01-01,2026-01-02,Access Request,High,Completed,30,48,Within SLA,3.52,4,Finance
REQ002294,RPT0076,A024,2025-08-29,2025-08-31,New Report,Medium,Completed,56,72,Within SLA,1.89,0,Technology
REQ002295,RPT0082,A019,2026-06-30,2026-07-02,Data Correction,Medium,Completed,41,72,Within SLA,1.86,0,Human Resources
REQ002296,RPT0076,A015,2025-06-05,2025-06-06,Change Request,Medium,Completed,32,72,Within SLA,4.79,1,Finance
REQ002297,RPT0027,A014,2025-10-25,2025-10-27,Change Request,Medium,Completed,45,72,Within SLA,4.45,0,Sales
REQ002298,RPT0109,A018,2026-08-16,2026-08-17,Change Request,Critical,Pending,21,24,Within SLA,8.86,0,Human Resources
REQ002299,RPT0043,A025,2024-11-08,2024-11-10,Report Enhancement,Medium,Pending,38,72,Within SLA,5.23,0,Sales
REQ002300,RPT0040,A020,2026-02-24,2026-02-25,Data Correction,High,Completed,24,48,Within SLA,1.16,1,Operations
REQ002301,RPT0091,A009,2026-06-09,2026-06-10,Access Request,Medium,Completed,27,72,Within SLA,6.93,0,Sales
REQ002302,RPT0003,A017,2025-09-25,2025-09-28,Report Enhancement,Medium,Completed,68,72,Within SLA,1.65,0,Legal
REQ002303,RPT0093,A016,2026-06-13,2026-06-15,Change Request,Low,Completed,66,120,Within SLA,2.54,0,Compliance
REQ002304,RPT0120,A009,2024-11-25,2024-11-28,Report Enhancement,Medium,Completed,61,72,Within SLA,3.96,1,Operations
REQ002305,RPT0023,A004,2025-03-30,2025-04-03,Change Request,Low,Cancelled,97,120,Within SLA,13.42,0,Client Services
REQ002306,RPT0081,A023,2024-10-25,2024-10-27,New Report,Medium,Completed,66,72,Within SLA,29.28,0,Technology
REQ002307,RPT0032,A001,2026-04-05,2026-04-06,Data Correction,Medium,Pending,20,72,Within SLA,5.08,0,Finance
REQ002308,RPT0093,A020,2024-12-23,2024-12-24,Data Correction,Medium,Completed,31,72,Within SLA,2.92,0,Compliance
REQ002309,RPT0100,A004,2025-03-20,2025-03-25,Report Enhancement,Low,Completed,118,120,Within SLA,4.83,0,Compliance
REQ002310,RPT0077,A013,2025-08-05,2025-08-06,Report Issue,High,Completed,33,48,Within SLA,6.18,0,Compliance
REQ002311,RPT0056,A003,2026-07-25,2026-07-27,Data Correction,Medium,Completed,65,72,Within SLA,2.65,0,Compliance
REQ002312,RPT0051,A013,2025-09-23,2025-09-25,New Report,Medium,Completed,31,72,Within SLA,11.67,1,Compliance
REQ002313,RPT0038,A006,2024-12-13,2024-12-17,New Report,Low,Pending,94,120,Within SLA,3.9,2,Compliance
REQ002314,RPT0059,A010,2026-05-28,2026-05-31,Access Request,Low,In Progress,82,120,Within SLA,4.7,0,Risk
REQ002315,RPT0092,A019,2025-07-26,2025-07-27,Data Correction,Medium,In Progress,13,72,Within SLA,5.29,1,Technology
REQ002316,RPT0004,A002,2024-10-31,2024-11-01,Report Enhancement,High,In Progress,33,48,Within SLA,4.46,0,Legal
REQ002317,RPT0097,A019,2026-07-29,2026-07-30,Report Issue,Medium,In Progress,21,72,Within SLA,5.97,0,Finance
REQ002318,RPT0060,A009,2025-02-09,2025-02-11,Change Request,High,In Progress,39,48,Within SLA,2.16,0,Compliance
REQ002319,RPT0102,A012,2026-05-17,2026-05-17,New Report,Medium,Pending,15,72,Within SLA,2.25,0,Finance
REQ002320,RPT0058,A025,2025-08-06,2025-08-08,Change Request,Low,Completed,59,120,Within SLA,1.54,0,Human Resources
REQ002321,RPT0020,A020,2026-07-09,2026-07-09,Report Issue,High,Pending,18,48,Within SLA,4.52,0,Compliance
REQ002322,RPT0027,A001,2025-05-19,2025-05-22,New Report,Low,Completed,75,120,Within SLA,5.73,0,Compliance
REQ002323,RPT0016,A022,2026-08-13,2026-08-17,New Report,Low,Completed,83,120,Within SLA,4.57,1,Technology
REQ002324,RPT0062,A020,2024-09-10,2024-09-12,Access Request,Medium,Pending,40,72,Within SLA,10.72,0,Human Resources
REQ002325,RPT0008,A003,2025-07-09,2025-07-11,Data Correction,Low,In Progress,46,120,Within SLA,3.31,0,Risk
REQ002326,RPT0004,A007,2024-10-01,2024-10-02,Change Request,High,Completed,24,48,Within SLA,5.3,0,Sales
REQ002327,RPT0103,A019,2025-06-24,2025-06-26,Report Issue,High,In Progress,30,48,Within SLA,1.55,0,Finance
REQ002328,RPT0007,A012,2025-09-14,2025-09-15,New Report,Medium,Completed,22,72,Within SLA,2.53,0,Finance
REQ002329,RPT0094,A025,2025-06-07,2025-06-08,Access Request,High,In Progress,24,48,Within SLA,5.4,0,Operations
REQ002330,RPT0080,A020,2025-02-20,2025-02-21,Access Request,Medium,In Progress,32,72,Within SLA,6.02,0,Risk
REQ002331,RPT0057,A005,2025-06-16,2025-06-20,Data Correction,Low,Completed,93,120,Within SLA,2.7,2,Client Services
REQ002332,RPT0006,A019,2024-10-23,2024-10-24,Report Issue,Low,Completed,32,120,Within SLA,3.16,0,Human Resources
REQ002333,RPT0095,A005,2025-06-08,2025-06-10,Access Request,Medium,Completed,57,72,Within SLA,1.15,0,Compliance
REQ002334,RPT0024,A004,2025-02-11,2025-02-15,Access Request,Low,Completed,97,120,Within SLA,2.59,0,Risk
REQ002335,RPT0031,A023,2024-09-11,2024-09-15,New Report,Low,Completed,91,120,Within SLA,6.19,0,Human Resources
REQ002336,RPT0115,A003,2025-04-25,2025-04-27,Report Issue,Medium,Pending,59,72,Within SLA,4.97,1,Client Services
REQ002337,RPT0077,A005,2026-08-14,2026-08-14,New Report,High,Completed,10,48,Within SLA,4.71,3,Human Resources
REQ002338,RPT0041,A024,2024-11-05,2024-11-07,New Report,Medium,Completed,28,72,Within SLA,3.44,0,Operations
REQ002339,RPT0032,A008,2026-06-03,2026-06-07,Access Request,Low,Completed,87,120,Within SLA,3.34,1,Legal
REQ002340,RPT0049,A022,2026-02-27,2026-03-04,Access Request,Low,Completed,122,120,Breached,2.09,0,Human Resources
REQ002341,RPT0025,A024,2026-01-07,2026-01-09,Report Issue,High,Completed,32,48,Within SLA,5.42,0,Finance
REQ002342,RPT0116,A001,2025-05-08,2025-05-09,Report Issue,Medium,Completed,30,72,Within SLA,4.46,0,Sales
REQ002343,RPT0035,A015,2026-04-27,2026-04-29,Report Enhancement,High,Completed,46,48,Within SLA,4.69,0,Finance
REQ002344,RPT0045,A003,2024-12-12,2024-12-17,Change Request,Low,Completed,111,120,Within SLA,2.3,0,Human Resources
REQ002345,RPT0051,A014,2024-12-05,2024-12-06,Change Request,High,Completed,24,48,Within SLA,0.74,2,Compliance
REQ002346,RPT0058,A016,2024-09-19,2024-09-20,Change Request,High,Completed,28,48,Within SLA,7.16,0,Client Services
REQ002347,RPT0011,A013,2025-03-31,2025-04-02,Data Correction,High,Completed,30,48,Within SLA,2.37,0,Human Resources
REQ002348,RPT0119,A006,2026-08-03,2026-08-08,Report Enhancement,Low,Pending,123,120,Breached,1.81,1,Risk
REQ002349,RPT0053,A007,2026-05-27,2026-05-30,Report Enhancement,Medium,Completed,71,72,Within SLA,5.39,3,Finance
REQ002350,RPT0056,A008,2025-08-22,2025-08-25,Change Request,Medium,Completed,54,72,Within SLA,2.52,0,Client Services
REQ002351,RPT0038,A022,2026-02-12,2026-02-14,Report Issue,High,Completed,34,48,Within SLA,6.97,1,Risk
REQ002352,RPT0083,A022,2026-05-28,2026-05-30,New Report,Medium,Completed,54,72,Within SLA,5.11,0,Legal
REQ002353,RPT0109,A002,2024-12-06,2024-12-08,Data Correction,Low,Completed,37,120,Within SLA,5.36,0,Finance
REQ002354,RPT0105,A021,2026-04-02,2026-04-03,Data Correction,Medium,Pending,26,72,Within SLA,1.28,0,Operations
REQ002355,RPT0038,A017,2026-02-20,2026-02-20,Change Request,High,Completed,19,48,Within SLA,7.76,0,Operations
REQ002356,RPT0052,A010,2025-08-20,2025-08-22,Report Issue,Medium,Completed,39,72,Within SLA,3.99,0,Finance
REQ002357,RPT0050,A010,2025-08-04,2025-08-05,New Report,High,Completed,28,48,Within SLA,2.56,0,Sales
REQ002358,RPT0119,A017,2025-12-11,2025-12-12,Change Request,High,In Progress,10,48,Within SLA,3.67,0,Client Services
REQ002359,RPT0095,A013,2024-08-25,2024-08-27,Access Request,Medium,Completed,65,72,Within SLA,0.96,0,Technology
REQ002360,RPT0056,A024,2026-07-25,2026-07-26,Data Correction,High,Completed,27,48,Within SLA,4.42,0,Risk
REQ002361,RPT0023,A003,2024-10-21,2024-10-27,Change Request,Medium,Completed,153,72,Breached,1.62,2,Compliance
REQ002362,RPT0069,A007,2024-09-04,2024-09-05,Change Request,Low,In Progress,29,120,Within SLA,1.29,1,Operations
REQ002363,RPT0015,A003,2025-03-07,2025-03-09,Data Correction,High,Pending,44,48,Within SLA,1.14,1,Client Services
REQ002364,RPT0079,A009,2025-02-04,2025-02-06,Report Enhancement,Medium,Pending,38,72,Within SLA,7.23,1,Legal
REQ002365,RPT0029,A014,2026-05-31,2026-06-04,New Report,Medium,Completed,96,72,Breached,2.14,0,Technology
REQ002366,RPT0045,A007,2024-12-15,2024-12-17,Access Request,Low,In Progress,45,120,Within SLA,9.71,0,Risk
REQ002367,RPT0081,A002,2025-10-21,2025-10-22,Report Enhancement,Medium,Completed,24,72,Within SLA,2.28,0,Human Resources
REQ002368,RPT0120,A012,2026-03-08,2026-03-11,Change Request,Medium,Pending,69,72,Within SLA,1.0,1,Legal
REQ002369,RPT0099,A020,2025-12-06,2025-12-11,Report Issue,Low,Completed,102,120,Within SLA,1.52,1,Finance
REQ002370,RPT0056,A008,2025-10-04,2025-10-06,New Report,Medium,Completed,39,72,Within SLA,7.89,0,Compliance
REQ002371,RPT0115,A013,2025-07-15,2025-07-16,Change Request,High,Cancelled,21,48,Within SLA,2.98,0,Compliance
REQ002372,RPT0114,A021,2024-11-15,2024-11-15,Change Request,High,Completed,13,48,Within SLA,2.26,1,Legal
REQ002373,RPT0100,A004,2026-04-15,2026-04-18,Access Request,Low,Completed,55,120,Within SLA,3.71,0,Finance
REQ002374,RPT0078,A005,2025-04-01,2025-04-03,New Report,Low,In Progress,44,120,Within SLA,4.72,0,Operations
REQ002375,RPT0095,A020,2025-02-21,2025-02-22,Report Issue,Medium,Completed,26,72,Within SLA,7.26,0,Operations
REQ002376,RPT0052,A016,2025-04-11,2025-04-14,Report Enhancement,Medium,In Progress,60,72,Within SLA,9.15,1,Client Services
REQ002377,RPT0075,A006,2024-11-23,2024-11-28,Access Request,Low,Completed,120,120,Within SLA,2.58,0,Finance
REQ002378,RPT0032,A025,2024-09-27,2024-09-27,Report Issue,High,Completed,14,48,Within SLA,1.31,2,Operations
REQ002379,RPT0046,A019,2025-02-22,2025-03-06,Report Enhancement,Low,Completed,304,120,Breached,2.49,1,Technology
REQ002380,RPT0064,A006,2025-07-13,2025-07-14,Report Enhancement,High,Completed,42,48,Within SLA,3.98,0,Finance
REQ002381,RPT0106,A013,2025-12-30,2025-12-31,Report Issue,High,Completed,33,48,Within SLA,1.69,1,Legal
REQ002382,RPT0042,A015,2026-04-29,2026-04-30,Access Request,High,Completed,30,48,Within SLA,1.7,0,Compliance
REQ002383,RPT0029,A020,2025-12-17,2025-12-20,Data Correction,Medium,Completed,69,72,Within SLA,4.22,0,Sales
REQ002384,RPT0018,A019,2025-08-11,2025-08-13,Report Issue,Medium,Completed,60,72,Within SLA,3.21,0,Finance
REQ002385,RPT0039,A003,2024-10-08,2024-10-11,Access Request,Medium,Completed,60,72,Within SLA,3.4,0,Client Services
REQ002386,RPT0088,A022,2024-11-15,2024-11-22,Report Enhancement,Medium,Completed,188,72,Breached,1.95,0,Client Services
REQ002387,RPT0010,A017,2026-06-01,2026-06-04,Data Correction,Medium,In Progress,66,72,Within SLA,2.83,0,Compliance
REQ002388,RPT0108,A015,2026-07-25,2026-07-25,Report Enhancement,High,Pending,15,48,Within SLA,1.74,0,Legal
REQ002389,RPT0049,A010,2025-09-13,2025-09-15,Report Issue,Medium,Completed,49,72,Within SLA,6.19,0,Legal
REQ002390,RPT0066,A013,2025-11-27,2025-11-30,New Report,Medium,Completed,62,72,Within SLA,6.85,1,Finance
REQ002391,RPT0059,A002,2025-10-11,2025-10-11,Data Correction,Critical,Completed,3,24,Within SLA,0.91,0,Technology
REQ002392,RPT0069,A009,2024-09-02,2024-09-05,Access Request,Medium,Completed,60,72,Within SLA,1.73,0,Human Resources
REQ002393,RPT0025,A022,2025-12-24,2025-12-28,Report Enhancement,Low,Completed,95,120,Within SLA,1.16,1,Finance
REQ002394,RPT0095,A016,2025-09-25,2025-09-27,Data Correction,Medium,In Progress,46,72,Within SLA,2.11,1,Sales
REQ002395,RPT0020,A015,2025-11-10,2025-11-11,Report Issue,Critical,Completed,15,24,Within SLA,3.13,0,Human Resources
REQ002396,RPT0087,A013,2025-02-24,2025-03-01,New Report,Low,Completed,110,120,Within SLA,1.2,0,Operations
REQ002397,RPT0046,A013,2026-03-02,2026-03-03,Report Enhancement,High,In Progress,30,48,Within SLA,1.74,0,Sales
REQ002398,RPT0086,A010,2024-12-10,2024-12-11,New Report,Medium,In Progress,24,72,Within SLA,1.64,3,Technology
REQ002399,RPT0084,A004,2025-04-04,2025-04-05,Access Request,Medium,Completed,42,72,Within SLA,3.84,2,Legal
REQ002400,RPT0055,A012,2025-07-20,2025-07-25,Access Request,Low,Pending,112,120,Within SLA,3.49,1,Operations
REQ002401,RPT0077,A020,2024-08-22,2024-08-24,New Report,Low,Pending,62,120,Within SLA,2.0,0,Finance
REQ002402,RPT0105,A012,2025-12-11,2025-12-13,Access Request,Medium,In Progress,39,72,Within SLA,3.76,3,Risk
REQ002403,RPT0056,A016,2025-05-22,2025-05-24,Data Correction,High,Completed,48,48,Within SLA,2.26,1,Risk
REQ002404,RPT0078,A001,2025-02-23,2025-02-24,Data Correction,High,In Progress,19,48,Within SLA,2.75,0,Human Resources
REQ002405,RPT0034,A016,2025-11-07,2025-11-11,Change Request,Low,Completed,108,120,Within SLA,10.71,1,Sales
REQ002406,RPT0077,A008,2025-07-10,2025-07-11,Access Request,High,Completed,26,48,Within SLA,8.49,0,Technology
REQ002407,RPT0063,A003,2025-01-13,2025-01-15,Data Correction,Low,Pending,53,120,Within SLA,1.34,0,Risk
REQ002408,RPT0116,A020,2026-01-19,2026-01-19,Data Correction,Medium,Completed,18,72,Within SLA,5.93,2,Finance
REQ002409,RPT0009,A023,2026-01-22,2026-01-22,New Report,High,Completed,19,48,Within SLA,5.86,3,Client Services
REQ002410,RPT0055,A025,2024-10-26,2024-10-28,Change Request,High,Completed,48,48,Within SLA,1.49,0,Sales
REQ002411,RPT0087,A011,2025-10-01,2025-10-03,Report Enhancement,Medium,In Progress,51,72,Within SLA,5.89,0,Legal
REQ002412,RPT0018,A023,2025-05-28,2025-05-30,Data Correction,Low,Completed,63,120,Within SLA,9.74,2,Human Resources
REQ002413,RPT0058,A003,2024-10-12,2024-10-13,New Report,Medium,Cancelled,32,72,Within SLA,1.51,1,Finance
REQ002414,RPT0034,A015,2025-10-03,2025-10-09,Data Correction,High,Completed,144,48,Breached,1.75,1,Client Services
REQ002415,RPT0019,A010,2025-10-17,2025-10-19,Data Correction,Medium,Completed,35,72,Within SLA,6.77,0,Client Services
REQ002416,RPT0075,A010,2025-09-19,2025-09-22,Report Enhancement,High,Pending,78,48,Breached,4.02,0,Client Services
REQ002417,RPT0063,A017,2026-04-23,2026-04-25,Change Request,Medium,Pending,50,72,Within SLA,4.88,0,Legal
REQ002418,RPT0009,A023,2025-09-19,2025-09-21,New Report,Low,Completed,51,120,Within SLA,4.21,2,Compliance
REQ002419,RPT0005,A017,2025-10-25,2025-10-27,Change Request,High,Completed,46,48,Within SLA,4.36,0,Client Services
REQ002420,RPT0023,A016,2024-09-05,2024-09-08,Report Enhancement,Medium,Completed,70,72,Within SLA,1.31,0,Legal
REQ002421,RPT0009,A011,2025-06-20,2025-06-24,Access Request,Low,Completed,95,120,Within SLA,6.91,0,Risk
REQ002422,RPT0042,A024,2026-06-30,2026-07-01,New Report,Medium,Completed,32,72,Within SLA,7.53,0,Compliance
REQ002423,RPT0046,A014,2025-08-21,2025-08-23,Access Request,High,In Progress,44,48,Within SLA,2.83,2,Client Services
REQ002424,RPT0049,A006,2024-09-23,2024-09-29,Change Request,Medium,Pending,129,72,Breached,3.22,0,Technology
REQ002425,RPT0076,A020,2025-12-27,2025-12-28,Report Enhancement,High,Cancelled,22,48,Within SLA,1.14,0,Sales
REQ002426,RPT0074,A019,2025-06-17,2025-06-20,Access Request,Medium,Completed,69,72,Within SLA,4.76,1,Finance
REQ002427,RPT0074,A001,2025-06-06,2025-06-11,Report Issue,Low,Completed,100,120,Within SLA,4.96,0,Legal
REQ002428,RPT0070,A020,2025-03-06,2025-03-07,Change Request,High,In Progress,29,48,Within SLA,3.18,1,Technology
REQ002429,RPT0095,A017,2026-03-24,2026-03-25,Report Issue,Medium,Pending,22,72,Within SLA,7.29,0,Legal
REQ002430,RPT0075,A012,2024-09-02,2024-09-05,Data Correction,Medium,Pending,65,72,Within SLA,2.63,1,Client Services
REQ002431,RPT0082,A023,2025-05-25,2025-05-28,Change Request,Medium,Pending,64,72,Within SLA,4.93,0,Human Resources
REQ002432,RPT0019,A003,2026-04-25,2026-04-27,Report Enhancement,Low,Completed,38,120,Within SLA,1.63,0,Client Services
REQ002433,RPT0081,A003,2024-10-12,2024-10-14,Report Issue,Medium,In Progress,50,72,Within SLA,3.27,1,Risk
REQ002434,RPT0011,A015,2025-05-15,2025-05-17,Data Correction,Medium,Completed,50,72,Within SLA,2.94,0,Finance
REQ002435,RPT0102,A009,2025-02-24,2025-02-25,Data Correction,High,Completed,24,48,Within SLA,3.89,2,Compliance
REQ002436,RPT0014,A003,2026-03-13,2026-03-15,Access Request,Medium,Pending,45,72,Within SLA,2.56,4,Risk
REQ002437,RPT0109,A018,2026-01-13,2026-01-17,Report Issue,Low,Completed,91,120,Within SLA,3.03,1,Operations
REQ002438,RPT0118,A011,2025-12-21,2025-12-23,New Report,Medium,Completed,43,72,Within SLA,5.92,0,Finance
REQ002439,RPT0014,A015,2024-11-09,2024-11-11,New Report,High,Completed,44,48,Within SLA,2.45,0,Client Services
REQ002440,RPT0075,A007,2026-04-12,2026-04-16,Report Enhancement,Low,Completed,95,120,Within SLA,1.08,3,Compliance
REQ002441,RPT0003,A025,2025-11-15,2025-11-18,Data Correction,Low,Pending,64,120,Within SLA,11.3,0,Client Services
REQ002442,RPT0003,A024,2026-03-15,2026-03-17,Report Issue,Low,Pending,64,120,Within SLA,8.73,1,Operations
REQ002443,RPT0074,A016,2026-03-31,2026-04-03,New Report,Medium,In Progress,68,72,Within SLA,1.34,0,Sales
REQ002444,RPT0074,A002,2025-05-06,2025-05-07,Change Request,Medium,Completed,19,72,Within SLA,5.38,0,Legal
REQ002445,RPT0042,A002,2024-12-02,2024-12-04,Data Correction,High,In Progress,40,48,Within SLA,2.33,0,Risk
REQ002446,RPT0102,A017,2024-09-24,2024-10-03,Data Correction,Low,Completed,225,120,Breached,3.99,3,Client Services
REQ002447,RPT0045,A017,2025-05-21,2025-05-24,Change Request,Medium,Completed,70,72,Within SLA,4.08,0,Technology
REQ002448,RPT0070,A011,2025-10-19,2025-10-27,Report Enhancement,Low,Completed,206,120,Breached,2.82,1,Technology
REQ002449,RPT0043,A013,2025-05-10,2025-05-12,New Report,Medium,Cancelled,40,72,Within SLA,1.92,0,Technology
REQ002450,RPT0013,A013,2026-05-14,2026-05-16,Change Request,Medium,Completed,34,72,Within SLA,2.05,2,Sales
REQ002451,RPT0117,A008,2026-01-02,2026-01-02,Change Request,Medium,In Progress,14,72,Within SLA,1.75,2,Client Services
REQ002452,RPT0099,A021,2025-01-04,2025-01-05,Access Request,Low,Completed,44,120,Within SLA,1.85,0,Technology
REQ002453,RPT0104,A009,2026-05-27,2026-05-30,Access Request,Low,Pending,61,120,Within SLA,3.17,0,Sales
REQ002454,RPT0090,A015,2026-04-18,2026-04-19,New Report,High,In Progress,24,48,Within SLA,2.01,1,Human Resources
REQ002455,RPT0034,A002,2026-02-03,2026-02-05,Report Issue,High,Completed,48,48,Within SLA,5.35,0,Human Resources
REQ002456,RPT0002,A009,2025-08-16,2025-08-28,New Report,Low,In Progress,279,120,Breached,9.4,4,Risk
REQ002457,RPT0034,A021,2026-02-12,2026-02-15,Access Request,Medium,Completed,71,72,Within SLA,2.21,2,Sales
REQ002458,RPT0102,A007,2025-08-27,2025-08-30,Report Issue,Medium,Completed,60,72,Within SLA,3.93,1,Finance
REQ002459,RPT0097,A022,2025-12-24,2025-12-26,Report Enhancement,Medium,In Progress,38,72,Within SLA,4.71,0,Finance
REQ002460,RPT0098,A009,2025-01-09,2025-01-12,Report Enhancement,Low,Completed,59,120,Within SLA,4.62,0,Human Resources
REQ002461,RPT0018,A016,2026-05-13,2026-05-16,Data Correction,Low,In Progress,66,120,Within SLA,3.5,2,Operations
REQ002462,RPT0072,A004,2024-12-03,2024-12-05,Access Request,Medium,Completed,53,72,Within SLA,5.58,2,Operations
REQ002463,RPT0076,A017,2024-10-09,2024-10-09,Access Request,High,Pending,10,48,Within SLA,4.65,3,Legal
REQ002464,RPT0066,A008,2026-02-28,2026-03-01,New Report,Medium,Completed,42,72,Within SLA,1.4,1,Compliance
REQ002465,RPT0092,A001,2026-04-15,2026-04-20,Change Request,Medium,In Progress,120,72,Breached,6.1,0,Finance
REQ002466,RPT0112,A014,2025-08-11,2025-08-12,Report Enhancement,High,Pending,30,48,Within SLA,6.18,2,Finance
REQ002467,RPT0006,A009,2024-09-18,2024-09-20,Change Request,Medium,Completed,34,72,Within SLA,1.95,0,Operations
REQ002468,RPT0093,A021,2025-04-05,2025-04-06,Report Issue,High,Pending,22,48,Within SLA,3.41,1,Human Resources
REQ002469,RPT0091,A023,2025-01-24,2025-01-27,Access Request,Medium,Completed,60,72,Within SLA,5.36,0,Client Services
REQ002470,RPT0048,A025,2024-09-24,2024-09-24,Report Issue,Medium,In Progress,18,72,Within SLA,2.87,0,Compliance
REQ002471,RPT0082,A005,2026-04-27,2026-04-29,Report Enhancement,Medium,Completed,42,72,Within SLA,7.04,0,Risk
REQ002472,RPT0020,A024,2025-01-22,2025-01-24,Data Correction,Medium,Completed,49,72,Within SLA,17.37,1,Technology
REQ002473,RPT0064,A010,2026-07-10,2026-07-10,Data Correction,High,Completed,21,48,Within SLA,1.92,0,Risk
REQ002474,RPT0023,A014,2024-09-22,2024-09-25,Change Request,Medium,Completed,68,72,Within SLA,1.26,1,Operations
REQ002475,RPT0056,A004,2025-04-23,2025-04-23,New Report,Medium,Completed,14,72,Within SLA,4.11,0,Technology
REQ002476,RPT0022,A002,2026-08-15,2026-08-19,Change Request,Low,Completed,93,120,Within SLA,5.5,1,Risk
REQ002477,RPT0093,A005,2025-04-18,2025-04-21,New Report,Low,Completed,54,120,Within SLA,2.82,2,Operations
REQ002478,RPT0060,A016,2025-09-25,2025-09-27,Report Enhancement,Medium,Completed,46,72,Within SLA,9.18,0,Human Resources
REQ002479,RPT0002,A001,2025-06-26,2025-06-28,New Report,Low,Completed,41,120,Within SLA,1.3,1,Client Services
REQ002480,RPT0022,A006,2026-05-16,2026-05-18,Change Request,Medium,Completed,60,72,Within SLA,5.39,1,Operations
REQ002481,RPT0010,A021,2025-10-16,2025-11-01,New Report,Low,Pending,384,120,Breached,2.17,0,Technology
REQ002482,RPT0100,A009,2025-08-23,2025-08-26,Access Request,Low,Completed,56,120,Within SLA,11.06,3,Technology
REQ002483,RPT0009,A016,2025-03-05,2025-03-06,New Report,Critical,Completed,7,24,Within SLA,13.39,4,Finance
REQ002484,RPT0029,A025,2024-09-18,2024-09-19,Access Request,Medium,Completed,15,72,Within SLA,1.94,0,Sales
REQ002485,RPT0083,A013,2026-03-29,2026-03-29,Data Correction,High,Pending,16,48,Within SLA,2.26,0,Finance
REQ002486,RPT0094,A022,2026-01-05,2026-01-07,Change Request,Medium,Completed,49,72,Within SLA,6.06,0,Finance
REQ002487,RPT0024,A013,2025-01-16,2025-01-18,Report Enhancement,Medium,In Progress,40,72,Within SLA,2.53,0,Finance
REQ002488,RPT0119,A005,2025-03-31,2025-04-02,Change Request,Medium,Completed,52,72,Within SLA,3.22,0,Client Services
REQ002489,RPT0087,A005,2025-05-25,2025-05-27,Access Request,Low,Completed,62,120,Within SLA,3.38,0,Sales
REQ002490,RPT0017,A004,2026-06-21,2026-06-23,Data Correction,High,Completed,42,48,Within SLA,0.87,0,Operations
REQ002491,RPT0012,A006,2026-04-19,2026-04-22,Report Enhancement,Medium,Completed,71,72,Within SLA,3.29,3,Technology
REQ002492,RPT0114,A014,2024-09-27,2024-09-28,Report Enhancement,High,Cancelled,26,48,Within SLA,2.05,2,Sales
REQ002493,RPT0017,A007,2026-06-24,2026-06-27,Access Request,Medium,In Progress,70,72,Within SLA,2.35,1,Client Services
REQ002494,RPT0034,A001,2026-01-12,2026-01-13,Access Request,Critical,Pending,18,24,Within SLA,9.12,0,Legal
REQ002495,RPT0015,A019,2025-05-05,2025-05-09,Report Issue,Low,Pending,95,120,Within SLA,1.38,3,Finance
REQ002496,RPT0052,A019,2025-03-21,2025-03-23,Access Request,Medium,Pending,60,72,Within SLA,5.87,0,Legal
REQ002497,RPT0030,A009,2024-11-25,2024-11-30,Change Request,Medium,Cancelled,104,72,Breached,2.73,1,Legal
REQ002498,RPT0016,A008,2026-05-03,2026-05-06,Data Correction,Medium,Completed,72,72,Within SLA,2.73,0,Legal
REQ002499,RPT0009,A006,2025-06-02,2025-06-03,Access Request,Medium,Completed,21,72,Within SLA,5.77,0,Compliance
REQ002500,RPT0043,A001,2025-07-26,2025-07-27,Report Issue,High,In Progress,17,48,Within SLA,4.21,0,Compliance
REQ002501,RPT0038,A024,2026-07-12,2026-07-16,Change Request,Low,Completed,94,120,Within SLA,4.95,0,Technology
REQ002502,RPT0100,A019,2025-06-27,2025-07-01,Access Request,Low,Completed,96,120,Within SLA,6.54,1,Operations
REQ002503,RPT0097,A024,2026-03-21,2026-03-22,New Report,Medium,Completed,24,72,Within SLA,2.63,0,Risk
REQ002504,RPT0069,A025,2025-07-28,2025-07-31,Change Request,Low,Completed,82,120,Within SLA,2.16,1,Client Services
REQ002505,RPT0039,A018,2026-07-16,2026-07-17,Report Issue,High,Completed,8,48,Within SLA,1.55,1,Operations
REQ002506,RPT0118,A020,2025-06-17,2025-06-18,Report Enhancement,Medium,Cancelled,36,72,Within SLA,1.86,0,Legal
REQ002507,RPT0032,A015,2025-05-11,2025-05-12,Data Correction,Medium,Completed,19,72,Within SLA,26.16,1,Operations
REQ002508,RPT0048,A023,2025-01-13,2025-01-13,New Report,Medium,Completed,17,72,Within SLA,7.93,1,Sales
REQ002509,RPT0025,A021,2025-09-10,2025-09-13,Data Correction,Medium,In Progress,63,72,Within SLA,1.29,3,Sales
REQ002510,RPT0053,A001,2026-02-09,2026-02-12,Report Issue,Low,Completed,65,120,Within SLA,1.32,0,Client Services
REQ002511,RPT0091,A009,2025-09-11,2025-09-13,Data Correction,Medium,Completed,50,72,Within SLA,4.65,1,Technology
REQ002512,RPT0083,A024,2025-06-02,2025-06-03,Access Request,Medium,In Progress,36,72,Within SLA,4.87,0,Finance
REQ002513,RPT0018,A021,2026-08-08,2026-08-09,Change Request,High,Completed,13,48,Within SLA,4.88,0,Compliance
REQ002514,RPT0115,A013,2026-05-02,2026-05-03,Report Enhancement,Medium,Pending,30,72,Within SLA,2.78,0,Risk
REQ002515,RPT0116,A005,2025-09-28,2025-09-29,New Report,Medium,Completed,16,72,Within SLA,3.04,1,Client Services
REQ002516,RPT0120,A008,2025-03-16,2025-03-17,Change Request,High,Completed,20,48,Within SLA,4.18,0,Human Resources
REQ002517,RPT0072,A005,2026-05-05,2026-05-07,Access Request,Low,Completed,44,120,Within SLA,3.53,4,Legal
REQ002518,RPT0023,A021,2024-10-24,2024-10-26,Report Issue,Medium,Completed,55,72,Within SLA,0.7,0,Human Resources
REQ002519,RPT0005,A002,2026-03-08,2026-03-11,Data Correction,Medium,Completed,67,72,Within SLA,2.83,0,Client Services
REQ002520,RPT0017,A018,2025-07-16,2025-07-19,Report Enhancement,Low,Completed,78,120,Within SLA,1.83,0,Compliance
REQ002521,RPT0023,A007,2024-10-21,2024-10-22,Report Enhancement,Low,Completed,35,120,Within SLA,3.75,1,Risk
REQ002522,RPT0084,A009,2025-07-21,2025-07-24,Report Enhancement,High,Pending,70,48,Breached,26.83,0,Legal
REQ002523,RPT0105,A025,2025-12-01,2025-12-03,Report Issue,Medium,Completed,39,72,Within SLA,4.29,0,Sales
REQ002524,RPT0019,A015,2026-05-21,2026-05-24,Data Correction,Medium,Completed,68,72,Within SLA,2.67,0,Technology
REQ002525,RPT0001,A012,2025-01-08,2025-01-08,Change Request,High,Completed,18,48,Within SLA,6.33,0,Client Services
REQ002526,RPT0109,A005,2025-10-18,2025-10-19,Report Issue,High,Completed,21,48,Within SLA,4.65,0,Sales
REQ002527,RPT0022,A006,2025-04-06,2025-04-06,Change Request,Medium,Cancelled,17,72,Within SLA,4.46,0,Human Resources
REQ002528,RPT0058,A001,2025-04-27,2025-04-29,New Report,High,Completed,37,48,Within SLA,5.08,0,Legal
REQ002529,RPT0101,A013,2024-11-08,2024-11-10,Access Request,High,In Progress,32,48,Within SLA,14.01,3,Risk
REQ002530,RPT0053,A018,2024-10-22,2024-10-25,Change Request,Medium,Completed,71,72,Within SLA,1.5,0,Client Services
REQ002531,RPT0011,A022,2025-05-02,2025-05-04,Report Enhancement,High,Completed,47,48,Within SLA,4.63,0,Risk
REQ002532,RPT0039,A017,2026-01-16,2026-01-18,Report Enhancement,Low,Completed,50,120,Within SLA,1.74,2,Client Services
REQ002533,RPT0040,A002,2025-04-07,2025-04-08,Data Correction,Critical,Completed,12,24,Within SLA,4.9,2,Sales
REQ002534,RPT0020,A003,2025-04-16,2025-04-17,Report Issue,Medium,In Progress,36,72,Within SLA,1.75,3,Human Resources
REQ002535,RPT0033,A019,2025-08-02,2025-08-04,Report Issue,Medium,Completed,59,72,Within SLA,2.48,0,Risk
REQ002536,RPT0012,A025,2025-12-02,2025-12-02,New Report,Critical,In Progress,10,24,Within SLA,2.7,1,Operations
REQ002537,RPT0068,A005,2026-03-01,2026-03-03,New Report,Medium,Completed,61,72,Within SLA,6.57,1,Client Services
REQ002538,RPT0076,A010,2025-07-17,2025-07-20,Change Request,Low,In Progress,53,120,Within SLA,6.31,0,Legal
REQ002539,RPT0054,A018,2024-12-28,2024-12-30,Report Enhancement,High,In Progress,41,48,Within SLA,1.39,1,Finance
REQ002540,RPT0013,A002,2026-02-07,2026-02-08,Access Request,Medium,Pending,13,72,Within SLA,3.45,0,Risk
REQ002541,RPT0011,A024,2025-07-31,2025-08-03,New Report,Low,Pending,63,120,Within SLA,2.02,1,Risk
REQ002542,RPT0068,A014,2025-05-21,2025-05-26,Change Request,High,Completed,132,48,Breached,1.38,1,Finance
REQ002543,RPT0007,A002,2025-08-03,2025-08-05,Change Request,Medium,Completed,58,72,Within SLA,2.85,0,Compliance
REQ002544,RPT0076,A020,2024-09-22,2024-09-24,Change Request,Low,In Progress,37,120,Within SLA,2.68,1,Finance
REQ002545,RPT0061,A004,2026-03-08,2026-03-09,New Report,Low,Completed,25,120,Within SLA,18.15,2,Compliance
REQ002546,RPT0084,A018,2026-06-27,2026-06-28,New Report,High,Completed,14,48,Within SLA,4.5,0,Technology
REQ002547,RPT0020,A025,2026-07-30,2026-08-01,New Report,High,Completed,48,48,Within SLA,1.27,2,Human Resources
REQ002548,RPT0075,A021,2025-05-21,2025-05-22,Report Issue,High,Cancelled,11,48,Within SLA,2.24,0,Sales
REQ002549,RPT0016,A003,2025-12-11,2025-12-14,Report Issue,Medium,Completed,67,72,Within SLA,6.79,0,Compliance
REQ002550,RPT0119,A006,2025-07-24,2025-07-25,Access Request,Medium,Completed,22,72,Within SLA,14.32,0,Legal
REQ002551,RPT0100,A015,2025-03-22,2025-03-24,Report Enhancement,Medium,Pending,45,72,Within SLA,1.09,0,Finance
REQ002552,RPT0066,A004,2025-12-30,2026-01-06,Report Issue,Low,Completed,154,120,Breached,0.89,1,Client Services
REQ002553,RPT0050,A009,2026-04-27,2026-05-01,Change Request,Low,Completed,100,120,Within SLA,12.3,1,Client Services
REQ002554,RPT0058,A014,2024-10-04,2024-10-06,Access Request,High,Completed,39,48,Within SLA,4.36,0,Legal
REQ002555,RPT0092,A018,2024-10-18,2024-10-19,New Report,High,Completed,26,48,Within SLA,1.81,1,Human Resources
REQ002556,RPT0112,A010,2026-01-24,2026-01-26,Data Correction,Medium,Cancelled,56,72,Within SLA,4.83,0,Compliance
REQ002557,RPT0051,A019,2025-12-29,2025-12-31,Change Request,Low,Completed,47,120,Within SLA,0.52,2,Finance
REQ002558,RPT0051,A022,2025-07-02,2025-07-04,Access Request,Medium,In Progress,47,72,Within SLA,3.33,0,Client Services
REQ002559,RPT0089,A004,2025-05-30,2025-06-01,New Report,Medium,Completed,55,72,Within SLA,4.18,0,Compliance
REQ002560,RPT0019,A003,2025-09-23,2025-09-24,Report Enhancement,High,Pending,31,48,Within SLA,6.34,3,Human Resources
REQ002561,RPT0001,A016,2026-05-05,2026-05-06,New Report,High,Pending,27,48,Within SLA,1.63,0,Finance
REQ002562,RPT0101,A006,2026-03-26,2026-03-30,Change Request,Low,Completed,107,120,Within SLA,3.53,0,Sales
REQ002563,RPT0018,A010,2026-01-30,2026-02-01,Change Request,High,In Progress,47,48,Within SLA,1.74,0,Legal
REQ002564,RPT0055,A020,2024-12-23,2024-12-23,Data Correction,Medium,Completed,12,72,Within SLA,3.97,0,Operations
REQ002565,RPT0093,A012,2024-09-14,2024-09-15,New Report,Medium,Completed,42,72,Within SLA,1.77,0,Legal
REQ002566,RPT0120,A020,2024-12-09,2024-12-12,Access Request,Medium,Completed,62,72,Within SLA,2.5,1,Human Resources
REQ002567,RPT0113,A025,2026-06-11,2026-06-11,Change Request,Medium,Completed,12,72,Within SLA,1.65,2,Sales
REQ002568,RPT0075,A014,2025-12-05,2025-12-06,Access Request,Medium,In Progress,21,72,Within SLA,5.24,2,Operations
REQ002569,RPT0015,A005,2026-01-29,2026-01-31,Data Correction,Medium,Completed,32,72,Within SLA,6.06,2,Legal
REQ002570,RPT0076,A012,2026-04-19,2026-04-21,New Report,High,Pending,29,48,Within SLA,2.82,0,Client Services
REQ002571,RPT0006,A025,2025-07-27,2025-07-29,Report Enhancement,Low,Completed,43,120,Within SLA,3.41,3,Client Services
REQ002572,RPT0098,A024,2024-09-17,2024-09-18,Change Request,Low,Completed,43,120,Within SLA,1.2,0,Human Resources
REQ002573,RPT0004,A015,2024-11-27,2024-11-28,Data Correction,Medium,Completed,42,72,Within SLA,2.69,0,Compliance
REQ002574,RPT0084,A016,2024-10-12,2024-10-13,New Report,High,Completed,31,48,Within SLA,3.21,0,Legal
REQ002575,RPT0040,A008,2025-02-20,2025-02-20,Report Issue,High,Completed,11,48,Within SLA,20.79,0,Legal
REQ002576,RPT0065,A011,2026-04-17,2026-04-18,New Report,High,Pending,26,48,Within SLA,1.52,2,Client Services
REQ002577,RPT0097,A013,2026-01-04,2026-01-08,Report Issue,Low,Completed,96,120,Within SLA,9.25,0,Legal
REQ002578,RPT0006,A015,2025-06-01,2025-06-01,Access Request,Critical,Pending,7,24,Within SLA,6.67,2,Technology
REQ002579,RPT0019,A016,2025-05-29,2025-05-31,Access Request,Medium,Completed,53,72,Within SLA,4.04,1,Operations
REQ002580,RPT0061,A014,2025-06-14,2025-06-19,Report Issue,Low,Completed,117,120,Within SLA,11.37,3,Risk
REQ002581,RPT0061,A020,2025-11-04,2025-11-06,Data Correction,Medium,Completed,45,72,Within SLA,4.31,0,Finance
REQ002582,RPT0051,A019,2024-09-15,2024-09-16,Access Request,High,In Progress,24,48,Within SLA,4.36,3,Compliance
REQ002583,RPT0045,A001,2025-12-03,2025-12-06,Change Request,Low,Completed,71,120,Within SLA,3.2,0,Legal
REQ002584,RPT0116,A011,2024-12-18,2024-12-20,Report Enhancement,High,Completed,44,48,Within SLA,7.82,0,Client Services
REQ002585,RPT0042,A014,2026-01-30,2026-01-30,Access Request,Critical,In Progress,12,24,Within SLA,7.15,1,Client Services
REQ002586,RPT0033,A006,2025-08-05,2025-08-07,New Report,High,Completed,37,48,Within SLA,2.14,0,Technology
REQ002587,RPT0019,A006,2025-06-05,2025-06-06,New Report,Medium,Pending,27,72,Within SLA,1.32,0,Client Services
REQ002588,RPT0008,A023,2025-06-05,2025-06-06,Change Request,High,In Progress,16,48,Within SLA,2.88,0,Risk
REQ002589,RPT0107,A012,2025-07-31,2025-08-01,Change Request,High,Completed,28,48,Within SLA,1.9,2,Client Services
REQ002590,RPT0038,A006,2026-04-05,2026-04-06,Access Request,Medium,Cancelled,18,72,Within SLA,3.18,0,Legal
REQ002591,RPT0005,A012,2024-10-19,2024-10-23,Data Correction,Low,Completed,94,120,Within SLA,7.89,1,Risk
REQ002592,RPT0023,A006,2025-11-09,2025-11-10,New Report,High,Cancelled,8,48,Within SLA,2.41,2,Finance
REQ002593,RPT0114,A009,2024-12-05,2024-12-07,Change Request,High,Cancelled,44,48,Within SLA,3.22,0,Risk
REQ002594,RPT0010,A015,2025-10-06,2025-10-08,Report Issue,Medium,Completed,64,72,Within SLA,3.46,0,Client Services
REQ002595,RPT0114,A025,2025-06-02,2025-06-02,New Report,High,Pending,13,48,Within SLA,6.01,0,Finance
REQ002596,RPT0053,A015,2025-06-26,2025-06-27,Data Correction,Medium,Pending,30,72,Within SLA,0.69,0,Risk
REQ002597,RPT0057,A006,2025-04-22,2025-04-23,Data Correction,High,Completed,22,48,Within SLA,2.17,2,Sales
REQ002598,RPT0005,A024,2026-01-07,2026-01-11,Access Request,Medium,Completed,94,72,Breached,3.85,3,Technology
REQ002599,RPT0071,A011,2025-03-25,2025-03-26,Data Correction,Medium,Completed,34,72,Within SLA,7.69,1,Operations
REQ002600,RPT0098,A016,2025-03-02,2025-03-07,Report Issue,Medium,In Progress,104,72,Breached,2.35,0,Risk
REQ002601,RPT0084,A002,2024-11-17,2024-11-22,Report Enhancement,High,Completed,132,48,Breached,0.89,0,Sales
REQ002602,RPT0083,A011,2024-09-10,2024-09-11,Report Enhancement,High,Completed,35,48,Within SLA,5.12,0,Risk
REQ002603,RPT0063,A009,2026-03-15,2026-03-16,Access Request,High,Completed,27,48,Within SLA,2.13,0,Human Resources
REQ002604,RPT0001,A014,2025-01-12,2025-01-15,New Report,Medium,Completed,66,72,Within SLA,1.44,0,Client Services
REQ002605,RPT0086,A023,2025-09-12,2025-09-13,Data Correction,High,Pending,9,48,Within SLA,2.14,0,Operations
REQ002606,RPT0116,A012,2025-09-27,2025-09-28,Report Enhancement,Critical,Pending,42,24,Breached,2.92,1,Sales
REQ002607,RPT0029,A006,2025-06-17,2025-06-19,Change Request,Medium,Completed,46,72,Within SLA,2.17,0,Risk
REQ002608,RPT0009,A002,2026-07-31,2026-08-01,Data Correction,Critical,Completed,14,24,Within SLA,0.71,0,Risk
REQ002609,RPT0080,A024,2025-10-31,2025-11-01,Data Correction,High,Pending,30,48,Within SLA,6.22,0,Compliance
REQ002610,RPT0052,A019,2024-11-20,2024-11-22,Data Correction,Medium,In Progress,55,72,Within SLA,8.1,0,Legal
REQ002611,RPT0032,A007,2025-03-12,2025-03-13,Report Enhancement,High,Completed,21,48,Within SLA,5.24,1,Risk
REQ002612,RPT0104,A018,2026-04-14,2026-04-15,Data Correction,High,Completed,18,48,Within SLA,1.5,0,Finance
REQ002613,RPT0101,A009,2025-03-11,2025-03-13,Data Correction,Medium,In Progress,53,72,Within SLA,2.88,0,Sales
REQ002614,RPT0051,A011,2026-02-18,2026-02-22,New Report,Low,Completed,80,120,Within SLA,3.3,1,Risk
REQ002615,RPT0059,A010,2025-08-02,2025-08-06,New Report,Low,Completed,87,120,Within SLA,5.05,0,Human Resources
REQ002616,RPT0035,A021,2025-02-03,2025-02-06,Data Correction,Low,Pending,73,120,Within SLA,5.3,1,Operations
REQ002617,RPT0017,A006,2025-12-09,2025-12-13,Report Enhancement,Low,Completed,103,120,Within SLA,1.99,0,Technology
REQ002618,RPT0017,A014,2025-03-30,2025-04-03,Access Request,Low,Completed,85,120,Within SLA,3.52,1,Sales
REQ002619,RPT0050,A004,2026-02-11,2026-02-12,Access Request,Medium,In Progress,44,72,Within SLA,4.57,0,Risk
REQ002620,RPT0004,A001,2026-08-02,2026-08-04,Report Issue,Low,Completed,39,120,Within SLA,9.2,1,Risk
REQ002621,RPT0008,A007,2025-09-06,2025-09-07,Report Issue,High,Completed,25,48,Within SLA,5.44,0,Risk
REQ002622,RPT0041,A004,2025-01-23,2025-01-25,Report Issue,Low,Completed,53,120,Within SLA,5.77,0,Sales
REQ002623,RPT0086,A002,2024-11-24,2024-11-26,Change Request,High,Completed,45,48,Within SLA,3.52,0,Legal
REQ002624,RPT0017,A012,2024-12-04,2024-12-10,Access Request,Medium,Completed,156,72,Breached,8.91,1,Sales
REQ002625,RPT0081,A022,2026-06-14,2026-06-18,Change Request,Low,Completed,93,120,Within SLA,4.42,2,Human Resources
REQ002626,RPT0001,A010,2024-10-17,2024-10-19,Report Issue,High,In Progress,45,48,Within SLA,1.82,3,Legal
REQ002627,RPT0027,A008,2025-08-07,2025-08-09,Access Request,Medium,Completed,52,72,Within SLA,8.87,1,Risk
REQ002628,RPT0022,A011,2025-01-02,2025-01-07,Report Enhancement,Medium,Completed,136,72,Breached,5.41,3,Client Services
REQ002629,RPT0043,A021,2026-07-20,2026-07-21,Report Issue,Medium,Completed,39,72,Within SLA,2.43,2,Legal
REQ002630,RPT0090,A014,2026-02-26,2026-02-27,Data Correction,High,Completed,42,48,Within SLA,2.37,1,Client Services
REQ002631,RPT0017,A022,2025-08-01,2025-08-04,Change Request,Medium,Completed,59,72,Within SLA,4.09,0,Risk
REQ002632,RPT0048,A003,2024-10-28,2024-10-30,Data Correction,Medium,Completed,61,72,Within SLA,4.59,0,Technology
REQ002633,RPT0069,A006,2026-05-12,2026-05-15,Change Request,Medium,Completed,67,72,Within SLA,3.81,1,Human Resources
REQ002634,RPT0039,A015,2026-02-01,2026-02-03,Report Issue,High,Pending,33,48,Within SLA,4.13,2,Risk
REQ002635,RPT0012,A006,2026-06-08,2026-06-09,Report Enhancement,Medium,Completed,28,72,Within SLA,10.91,1,Risk
REQ002636,RPT0101,A001,2025-04-26,2025-04-28,Change Request,High,Completed,44,48,Within SLA,7.03,1,Technology
REQ002637,RPT0118,A011,2026-01-21,2026-01-25,Access Request,Low,In Progress,87,120,Within SLA,3.79,0,Finance
REQ002638,RPT0006,A001,2025-05-17,2025-05-18,Report Enhancement,Medium,Completed,16,72,Within SLA,6.42,0,Compliance
REQ002639,RPT0098,A007,2026-02-23,2026-02-24,Report Enhancement,Low,In Progress,34,120,Within SLA,1.61,0,Legal
REQ002640,RPT0110,A001,2024-10-10,2024-10-24,Report Enhancement,Low,Completed,332,120,Breached,4.39,0,Finance
REQ002641,RPT0042,A013,2025-10-22,2025-10-22,Access Request,Critical,Pending,6,24,Within SLA,11.78,1,Sales
REQ002642,RPT0056,A005,2025-10-16,2025-10-19,Access Request,Low,In Progress,77,120,Within SLA,2.85,0,Technology
REQ002643,RPT0060,A006,2025-04-03,2025-04-15,Data Correction,Low,Completed,276,120,Breached,1.83,0,Compliance
REQ002644,RPT0087,A004,2026-07-14,2026-07-15,Data Correction,Medium,Completed,39,72,Within SLA,2.1,2,Compliance
REQ002645,RPT0056,A010,2025-04-10,2025-04-12,Change Request,High,Completed,47,48,Within SLA,1.55,1,Risk
REQ002646,RPT0118,A024,2026-06-13,2026-06-14,Change Request,High,Completed,25,48,Within SLA,1.92,0,Compliance
REQ002647,RPT0054,A025,2024-12-21,2024-12-24,Access Request,Low,Completed,73,120,Within SLA,2.56,0,Finance
REQ002648,RPT0006,A009,2026-02-24,2026-02-25,Access Request,High,Completed,24,48,Within SLA,1.24,0,Technology
REQ002649,RPT0012,A016,2026-02-23,2026-02-23,New Report,Medium,Pending,18,72,Within SLA,3.36,0,Compliance
REQ002650,RPT0057,A010,2026-08-11,2026-08-14,Change Request,Medium,Completed,68,72,Within SLA,6.24,1,Sales
REQ002651,RPT0043,A007,2026-02-15,2026-02-18,Data Correction,Low,Completed,52,120,Within SLA,1.76,0,Legal
REQ002652,RPT0112,A010,2025-12-29,2025-12-31,Access Request,Medium,Completed,60,72,Within SLA,9.62,0,Legal
REQ002653,RPT0036,A023,2025-01-03,2025-01-03,Data Correction,High,Completed,16,48,Within SLA,4.75,1,Client Services
REQ002654,RPT0001,A020,2026-04-29,2026-05-04,Change Request,Low,Completed,114,120,Within SLA,6.83,1,Human Resources
REQ002655,RPT0035,A006,2025-05-28,2025-05-31,Change Request,Medium,Completed,68,72,Within SLA,2.09,1,Operations
REQ002656,RPT0005,A019,2025-09-20,2025-09-22,Access Request,High,Completed,45,48,Within SLA,6.04,2,Compliance
REQ002657,RPT0082,A014,2025-02-11,2025-02-16,Access Request,Medium,Completed,117,72,Breached,1.55,2,Operations
REQ002658,RPT0007,A013,2024-11-23,2024-11-27,Data Correction,Low,Completed,90,120,Within SLA,6.19,0,Technology
REQ002659,RPT0054,A009,2025-01-24,2025-01-26,New Report,Medium,Completed,53,72,Within SLA,3.74,0,Technology
REQ002660,RPT0104,A003,2026-04-28,2026-05-03,Access Request,Low,Pending,120,120,Within SLA,4.89,1,Human Resources
REQ002661,RPT0078,A019,2024-12-06,2024-12-08,Report Issue,Medium,In Progress,45,72,Within SLA,1.46,0,Finance
REQ002662,RPT0002,A025,2025-02-20,2025-02-25,New Report,Low,Completed,113,120,Within SLA,1.77,2,Legal
REQ002663,RPT0003,A010,2026-04-26,2026-04-29,Data Correction,Medium,In Progress,53,72,Within SLA,5.04,1,Compliance
REQ002664,RPT0091,A008,2025-09-08,2025-09-09,Data Correction,Medium,Pending,14,72,Within SLA,1.71,0,Client Services
REQ002665,RPT0083,A015,2024-09-10,2024-09-11,Data Correction,High,Completed,23,48,Within SLA,4.59,0,Compliance
REQ002666,RPT0095,A006,2025-05-28,2025-05-28,New Report,High,Completed,15,48,Within SLA,1.28,0,Technology
REQ002667,RPT0079,A001,2025-10-25,2025-10-27,Access Request,High,Completed,44,48,Within SLA,6.01,1,Legal
REQ002668,RPT0087,A020,2025-11-08,2025-11-09,Access Request,Medium,Completed,33,72,Within SLA,1.4,1,Finance
REQ002669,RPT0022,A023,2025-06-03,2025-06-05,Access Request,Medium,Completed,38,72,Within SLA,4.89,1,Legal
REQ002670,RPT0095,A011,2025-08-19,2025-08-21,Report Issue,Medium,Pending,60,72,Within SLA,5.14,0,Human Resources
REQ002671,RPT0008,A009,2026-05-07,2026-05-10,New Report,High,Completed,88,48,Breached,2.04,1,Legal
REQ002672,RPT0057,A001,2025-10-23,2025-10-25,Access Request,High,In Progress,42,48,Within SLA,4.99,1,Technology
REQ002673,RPT0120,A022,2024-11-29,2024-12-01,Access Request,Low,Pending,32,120,Within SLA,3.98,0,Finance
REQ002674,RPT0108,A020,2025-12-09,2025-12-13,Access Request,Low,Pending,98,120,Within SLA,2.28,2,Operations
REQ002675,RPT0054,A023,2026-07-08,2026-07-09,Report Issue,Critical,Pending,7,24,Within SLA,1.64,1,Human Resources
REQ002676,RPT0001,A018,2024-10-26,2024-10-27,Change Request,High,Completed,13,48,Within SLA,0.84,2,Technology
REQ002677,RPT0092,A023,2024-10-11,2024-10-13,Data Correction,Medium,Completed,49,72,Within SLA,4.24,0,Legal
REQ002678,RPT0042,A010,2025-04-18,2025-04-18,Report Issue,Critical,Completed,4,24,Within SLA,1.11,0,Finance
REQ002679,RPT0049,A020,2025-06-26,2025-06-28,New Report,Medium,In Progress,51,72,Within SLA,3.55,0,Risk
REQ002680,RPT0078,A017,2026-02-28,2026-03-02,New Report,Medium,Pending,40,72,Within SLA,2.76,0,Risk
REQ002681,RPT0032,A002,2026-03-02,2026-03-07,Data Correction,Low,Pending,119,120,Within SLA,5.34,1,Risk
REQ002682,RPT0061,A017,2025-08-27,2025-08-29,Report Issue,Medium,In Progress,41,72,Within SLA,2.69,0,Finance
REQ002683,RPT0044,A021,2025-10-03,2025-10-04,Access Request,Medium,Cancelled,29,72,Within SLA,2.64,1,Legal
REQ002684,RPT0113,A025,2025-07-06,2025-07-07,Report Enhancement,High,In Progress,44,48,Within SLA,5.54,2,Risk
REQ002685,RPT0015,A016,2026-04-10,2026-04-11,Report Issue,Medium,Completed,24,72,Within SLA,4.2,1,Finance
REQ002686,RPT0066,A021,2025-07-05,2025-07-05,Report Enhancement,Critical,Completed,22,24,Within SLA,4.14,0,Legal
REQ002687,RPT0068,A006,2026-05-22,2026-05-28,New Report,Medium,Pending,132,72,Breached,4.61,0,Technology
REQ002688,RPT0042,A025,2025-11-10,2025-11-13,Report Enhancement,Low,Pending,61,120,Within SLA,1.13,2,Finance
REQ002689,RPT0044,A019,2024-10-17,2024-10-19,Report Issue,High,Completed,41,48,Within SLA,5.64,1,Risk
REQ002690,RPT0120,A019,2024-11-26,2024-11-29,Report Issue,Medium,Completed,68,72,Within SLA,5.1,0,Operations
REQ002691,RPT0017,A001,2025-04-24,2025-05-02,Report Issue,Medium,Pending,198,72,Breached,1.63,0,Legal
REQ002692,RPT0082,A025,2026-01-01,2026-01-03,New Report,Medium,Pending,27,72,Within SLA,2.8,0,Risk
REQ002693,RPT0103,A020,2024-10-17,2024-10-19,Access Request,Low,Pending,57,120,Within SLA,3.23,0,Technology
REQ002694,RPT0113,A016,2025-08-05,2025-08-06,Report Issue,Medium,Completed,33,72,Within SLA,3.02,1,Finance
REQ002695,RPT0019,A010,2025-08-17,2025-08-20,New Report,Low,In Progress,61,120,Within SLA,4.19,3,Risk
REQ002696,RPT0020,A008,2026-01-31,2026-02-04,Report Issue,High,Completed,92,48,Breached,9.04,3,Client Services
REQ002697,RPT0105,A023,2025-09-26,2025-09-29,Data Correction,Low,Completed,58,120,Within SLA,7.08,0,Finance
REQ002698,RPT0041,A005,2025-05-15,2025-05-20,Change Request,Medium,Completed,120,72,Breached,1.33,0,Sales
REQ002699,RPT0011,A023,2024-11-28,2024-12-01,New Report,Medium,Completed,60,72,Within SLA,5.13,0,Legal
REQ002700,RPT0112,A013,2026-07-03,2026-07-04,Access Request,High,In Progress,25,48,Within SLA,8.42,3,Sales
REQ002701,RPT0064,A008,2026-05-26,2026-05-29,Report Enhancement,Medium,Completed,67,72,Within SLA,4.35,0,Legal
REQ002702,RPT0017,A008,2026-04-19,2026-04-20,Data Correction,Medium,In Progress,38,72,Within SLA,7.13,0,Technology
REQ002703,RPT0053,A010,2025-10-23,2025-10-25,New Report,Medium,Pending,50,72,Within SLA,13.58,3,Operations
REQ002704,RPT0114,A022,2025-12-30,2026-01-02,Change Request,Medium,Completed,64,72,Within SLA,6.8,2,Risk
REQ002705,RPT0022,A014,2025-11-20,2025-11-21,Change Request,High,Cancelled,19,48,Within SLA,3.95,0,Risk
REQ002706,RPT0053,A006,2025-01-09,2025-01-11,New Report,Medium,Completed,41,72,Within SLA,6.9,1,Compliance
REQ002707,RPT0106,A005,2026-04-09,2026-04-12,Data Correction,Medium,Cancelled,70,72,Within SLA,3.67,1,Legal
REQ002708,RPT0072,A017,2024-11-29,2024-12-04,Change Request,Low,In Progress,118,120,Within SLA,3.38,3,Client Services
REQ002709,RPT0039,A004,2025-07-23,2025-07-24,Report Issue,Medium,Completed,35,72,Within SLA,2.6,0,Compliance
REQ002710,RPT0078,A008,2025-09-15,2025-09-18,Data Correction,Medium,Completed,72,72,Within SLA,9.92,0,Operations
REQ002711,RPT0020,A005,2026-07-29,2026-07-31,Data Correction,Low,Completed,48,120,Within SLA,1.87,1,Technology
REQ002712,RPT0085,A023,2026-06-26,2026-06-28,New Report,Low,Pending,61,120,Within SLA,9.71,1,Client Services
REQ002713,RPT0040,A024,2024-10-03,2024-10-08,Access Request,Low,Completed,119,120,Within SLA,4.71,3,Compliance
REQ002714,RPT0027,A017,2026-05-28,2026-06-03,New Report,High,In Progress,132,48,Breached,1.25,0,Client Services
REQ002715,RPT0079,A018,2024-11-25,2024-11-29,Data Correction,Low,Completed,93,120,Within SLA,4.29,0,Technology
REQ002716,RPT0090,A005,2025-09-27,2025-09-28,Report Issue,Medium,In Progress,31,72,Within SLA,0.76,1,Sales
REQ002717,RPT0030,A011,2024-12-17,2024-12-20,New Report,Medium,Cancelled,53,72,Within SLA,5.14,0,Compliance
REQ002718,RPT0014,A020,2025-04-14,2025-04-15,New Report,Medium,Completed,39,72,Within SLA,6.17,3,Sales
REQ002719,RPT0070,A002,2024-12-26,2024-12-28,Report Enhancement,High,Completed,44,48,Within SLA,2.19,2,Human Resources
REQ002720,RPT0081,A001,2024-12-24,2024-12-25,Access Request,Medium,Pending,17,72,Within SLA,3.62,0,Client Services
REQ002721,RPT0062,A005,2025-04-28,2025-04-30,Report Enhancement,Medium,Completed,45,72,Within SLA,13.04,0,Sales
REQ002722,RPT0021,A011,2026-08-17,2026-08-18,New Report,Medium,In Progress,31,72,Within SLA,2.33,0,Compliance
REQ002723,RPT0002,A002,2026-02-22,2026-02-25,New Report,Medium,Completed,51,72,Within SLA,1.58,0,Client Services
REQ002724,RPT0008,A008,2025-02-12,2025-02-12,Access Request,Medium,Completed,16,72,Within SLA,9.37,3,Technology
REQ002725,RPT0043,A020,2025-05-16,2025-05-17,New Report,High,In Progress,19,48,Within SLA,13.12,0,Operations
REQ002726,RPT0094,A006,2025-09-28,2025-09-30,Report Enhancement,Low,Completed,50,120,Within SLA,3.33,0,Sales
REQ002727,RPT0064,A014,2026-07-17,2026-07-19,Data Correction,Medium,Completed,47,72,Within SLA,6.74,1,Finance
REQ002728,RPT0009,A001,2025-03-29,2025-03-30,Access Request,High,Completed,16,48,Within SLA,8.49,0,Client Services
REQ002729,RPT0118,A023,2026-06-09,2026-06-15,Access Request,Medium,In Progress,150,72,Breached,1.97,1,Legal
REQ002730,RPT0045,A003,2024-10-21,2024-10-25,Data Correction,Low,In Progress,108,120,Within SLA,2.36,0,Sales
REQ002731,RPT0102,A012,2025-03-03,2025-03-04,Data Correction,Medium,Cancelled,14,72,Within SLA,7.86,0,Legal
REQ002732,RPT0042,A015,2025-01-20,2025-01-21,New Report,Medium,Completed,17,72,Within SLA,10.8,2,Sales
REQ002733,RPT0118,A013,2025-12-27,2025-12-28,Data Correction,High,Completed,31,48,Within SLA,4.92,1,Finance
REQ002734,RPT0115,A001,2025-10-22,2025-10-23,Report Issue,Medium,Completed,15,72,Within SLA,1.79,1,Sales
REQ002735,RPT0032,A020,2025-03-22,2025-03-23,Data Correction,High,Completed,25,48,Within SLA,13.34,4,Legal
REQ002736,RPT0051,A025,2024-11-26,2024-11-27,Change Request,Low,Pending,27,120,Within SLA,2.29,1,Risk
REQ002737,RPT0052,A022,2025-12-19,2025-12-20,Report Issue,High,Completed,31,48,Within SLA,2.63,0,Sales
REQ002738,RPT0020,A013,2025-04-13,2025-04-14,Report Issue,Critical,In Progress,23,24,Within SLA,4.22,0,Human Resources
REQ002739,RPT0091,A020,2025-12-11,2025-12-14,Change Request,Medium,Completed,69,72,Within SLA,9.85,1,Compliance
REQ002740,RPT0078,A015,2025-10-09,2025-10-12,Change Request,High,Completed,68,48,Breached,6.04,3,Sales
REQ002741,RPT0108,A014,2024-11-01,2024-11-03,Data Correction,High,Completed,40,48,Within SLA,4.44,1,Client Services
REQ002742,RPT0077,A006,2025-09-15,2025-09-17,New Report,Medium,Cancelled,47,72,Within SLA,4.59,3,Finance
REQ002743,RPT0081,A010,2025-12-31,2026-01-08,Report Issue,High,Completed,188,48,Breached,3.42,2,Compliance
REQ002744,RPT0013,A011,2024-12-29,2024-12-31,New Report,Low,In Progress,42,120,Within SLA,4.91,0,Legal
REQ002745,RPT0024,A022,2025-11-23,2025-11-25,Data Correction,Medium,Completed,33,72,Within SLA,0.57,0,Operations
REQ002746,RPT0087,A006,2025-11-15,2025-11-16,New Report,Medium,Completed,30,72,Within SLA,2.7,1,Risk
REQ002747,RPT0035,A012,2024-12-18,2024-12-20,New Report,Medium,Completed,42,72,Within SLA,3.93,0,Sales
REQ002748,RPT0087,A025,2024-12-31,2025-01-11,Data Correction,Medium,In Progress,248,72,Breached,1.48,1,Risk
REQ002749,RPT0106,A020,2026-01-14,2026-01-15,Report Issue,High,Completed,12,48,Within SLA,4.35,1,Human Resources
REQ002750,RPT0017,A014,2025-12-19,2025-12-22,Report Issue,Low,Completed,86,120,Within SLA,2.88,4,Risk
REQ002751,RPT0002,A005,2026-03-03,2026-03-05,Change Request,Medium,In Progress,36,72,Within SLA,11.35,0,Technology
REQ002752,RPT0117,A015,2026-07-22,2026-07-23,New Report,High,Completed,16,48,Within SLA,9.99,2,Finance
REQ002753,RPT0051,A008,2025-12-04,2025-12-04,Change Request,High,Completed,11,48,Within SLA,2.4,2,Finance
REQ002754,RPT0068,A021,2025-05-10,2025-05-10,Access Request,Medium,Completed,12,72,Within SLA,2.99,0,Operations
REQ002755,RPT0002,A007,2026-06-06,2026-06-06,Report Issue,Medium,Completed,12,72,Within SLA,3.15,1,Finance
REQ002756,RPT0047,A005,2026-08-08,2026-08-13,Report Enhancement,Low,Completed,118,120,Within SLA,2.42,0,Finance
REQ002757,RPT0048,A019,2025-11-01,2025-11-02,Report Enhancement,Medium,Completed,24,72,Within SLA,3.81,0,Client Services
REQ002758,RPT0051,A002,2024-09-22,2024-09-22,Report Issue,Medium,Completed,19,72,Within SLA,1.95,2,Finance
REQ002759,RPT0118,A016,2026-05-23,2026-05-24,Report Enhancement,High,Completed,16,48,Within SLA,1.5,0,Sales
REQ002760,RPT0041,A010,2026-06-22,2026-06-25,Report Issue,Medium,Pending,52,72,Within SLA,5.13,0,Legal
REQ002761,RPT0072,A001,2024-09-12,2024-09-13,Report Enhancement,Medium,Completed,33,72,Within SLA,5.16,0,Legal
REQ002762,RPT0037,A010,2024-10-23,2024-10-24,New Report,High,Completed,30,48,Within SLA,1.89,0,Human Resources
REQ002763,RPT0020,A004,2024-09-25,2024-09-25,Access Request,Critical,Completed,7,24,Within SLA,6.21,1,Client Services
REQ002764,RPT0104,A014,2026-01-01,2026-01-02,Report Enhancement,Medium,Completed,38,72,Within SLA,2.13,0,Operations
REQ002765,RPT0111,A021,2026-04-11,2026-04-14,Access Request,High,Completed,70,48,Breached,3.96,0,Risk
REQ002766,RPT0009,A012,2025-11-11,2025-11-12,Access Request,High,Completed,16,48,Within SLA,5.9,1,Legal
REQ002767,RPT0030,A022,2025-03-14,2025-03-16,Data Correction,Low,Completed,49,120,Within SLA,3.24,0,Operations
REQ002768,RPT0008,A012,2026-01-08,2026-01-15,Access Request,Medium,Completed,156,72,Breached,4.56,0,Risk
REQ002769,RPT0073,A009,2025-01-31,2025-02-01,Change Request,Medium,Completed,27,72,Within SLA,2.31,0,Finance
REQ002770,RPT0104,A011,2026-04-08,2026-04-11,Report Issue,Medium,Completed,59,72,Within SLA,2.89,0,Client Services
REQ002771,RPT0098,A021,2025-11-08,2025-11-10,Report Enhancement,Low,In Progress,39,120,Within SLA,2.87,1,Legal
REQ002772,RPT0052,A019,2025-07-10,2025-07-13,Report Issue,Medium,Completed,59,72,Within SLA,1.97,2,Compliance
REQ002773,RPT0092,A020,2025-12-14,2025-12-16,Access Request,Medium,Pending,47,72,Within SLA,2.93,2,Client Services
REQ002774,RPT0088,A015,2025-12-30,2025-12-31,Data Correction,Medium,Completed,37,72,Within SLA,1.12,0,Finance
REQ002775,RPT0094,A003,2024-09-13,2024-09-14,Change Request,Critical,Cancelled,24,24,Within SLA,2.35,0,Legal
REQ002776,RPT0078,A012,2025-09-11,2025-09-20,Data Correction,Low,Completed,212,120,Breached,2.72,0,Technology
REQ002777,RPT0062,A007,2026-07-12,2026-07-14,Access Request,Low,Completed,42,120,Within SLA,2.78,1,Risk
REQ002778,RPT0072,A005,2025-12-21,2025-12-22,Change Request,Medium,Pending,30,72,Within SLA,2.8,0,Human Resources
REQ002779,RPT0084,A006,2025-10-18,2025-10-20,Change Request,High,Pending,37,48,Within SLA,3.18,2,Sales
REQ002780,RPT0093,A018,2025-04-03,2025-04-05,Change Request,Medium,Pending,51,72,Within SLA,4.64,0,Human Resources
REQ002781,RPT0033,A023,2026-01-01,2026-01-06,Report Issue,Low,Completed,111,120,Within SLA,6.12,1,Finance
REQ002782,RPT0038,A005,2025-04-12,2025-04-15,New Report,Medium,Completed,60,72,Within SLA,2.11,0,Compliance
REQ002783,RPT0002,A022,2025-08-31,2025-09-02,Data Correction,Medium,Completed,49,72,Within SLA,1.43,2,Client Services
REQ002784,RPT0017,A013,2025-02-27,2025-02-28,Data Correction,High,Pending,29,48,Within SLA,1.6,1,Finance
REQ002785,RPT0029,A004,2026-05-08,2026-05-10,Access Request,Medium,Completed,50,72,Within SLA,2.36,0,Finance
REQ002786,RPT0020,A006,2026-05-10,2026-05-11,New Report,High,Completed,26,48,Within SLA,2.6,0,Technology
REQ002787,RPT0028,A007,2026-02-04,2026-02-04,Report Issue,High,Completed,16,48,Within SLA,1.94,0,Operations
REQ002788,RPT0039,A024,2025-07-02,2025-07-02,Access Request,High,Completed,10,48,Within SLA,1.34,0,Client Services
REQ002789,RPT0049,A002,2025-04-09,2025-04-09,New Report,High,Completed,21,48,Within SLA,2.41,0,Human Resources
REQ002790,RPT0011,A024,2025-08-08,2025-08-10,Report Enhancement,Medium,Completed,62,72,Within SLA,3.77,1,Finance
REQ002791,RPT0087,A021,2024-10-16,2024-10-23,Report Issue,Medium,In Progress,174,72,Breached,5.04,0,Technology
REQ002792,RPT0048,A019,2026-02-06,2026-02-07,Access Request,High,Completed,18,48,Within SLA,2.25,0,Finance
REQ002793,RPT0104,A017,2024-10-06,2024-10-06,Access Request,High,Completed,10,48,Within SLA,2.49,0,Human Resources
REQ002794,RPT0053,A024,2024-12-21,2024-12-23,Report Issue,High,Pending,33,48,Within SLA,1.74,1,Operations
REQ002795,RPT0014,A017,2025-07-28,2025-07-30,Data Correction,Medium,Completed,50,72,Within SLA,3.25,1,Compliance
REQ002796,RPT0091,A009,2025-07-09,2025-07-11,Report Enhancement,Medium,Completed,43,72,Within SLA,1.83,2,Operations
REQ002797,RPT0041,A011,2025-09-01,2025-09-07,Data Correction,Medium,In Progress,156,72,Breached,4.96,1,Finance
REQ002798,RPT0056,A010,2025-08-16,2025-08-19,Data Correction,Medium,Pending,75,72,Breached,0.95,1,Compliance
REQ002799,RPT0017,A004,2025-01-26,2025-01-30,Change Request,Low,Completed,99,120,Within SLA,2.58,0,Risk
REQ002800,RPT0085,A004,2025-05-12,2025-05-15,Report Issue,Medium,In Progress,68,72,Within SLA,4.1,1,Human Resources
REQ002801,RPT0010,A006,2025-12-05,2025-12-06,Report Enhancement,Medium,Pending,26,72,Within SLA,3.78,0,Client Services
REQ002802,RPT0068,A023,2024-12-10,2024-12-12,Access Request,High,Cancelled,36,48,Within SLA,21.87,2,Sales
REQ002803,RPT0092,A015,2025-04-20,2025-04-23,Access Request,Medium,Pending,71,72,Within SLA,4.24,0,Legal
REQ002804,RPT0017,A007,2026-06-21,2026-06-23,Report Issue,Medium,Pending,61,72,Within SLA,1.64,0,Client Services
REQ002805,RPT0109,A010,2026-03-01,2026-03-02,Report Enhancement,Medium,Completed,15,72,Within SLA,3.11,0,Operations
REQ002806,RPT0093,A009,2025-04-26,2025-04-26,Access Request,Medium,Completed,16,72,Within SLA,0.96,0,Human Resources
REQ002807,RPT0035,A013,2026-03-14,2026-03-16,Access Request,Medium,In Progress,48,72,Within SLA,3.14,3,Finance
REQ002808,RPT0102,A013,2026-06-20,2026-06-22,Report Issue,Medium,Completed,40,72,Within SLA,1.85,1,Compliance
REQ002809,RPT0020,A007,2025-05-16,2025-05-19,Report Issue,Medium,Cancelled,66,72,Within SLA,6.3,2,Technology
REQ002810,RPT0050,A013,2025-06-26,2025-06-30,New Report,Low,Completed,97,120,Within SLA,2.26,0,Risk
REQ002811,RPT0053,A009,2024-11-30,2024-12-03,New Report,Low,Completed,64,120,Within SLA,3.06,1,Human Resources
REQ002812,RPT0046,A016,2026-04-03,2026-04-05,Access Request,Medium,Completed,37,72,Within SLA,2.13,1,Human Resources
REQ002813,RPT0007,A013,2025-06-04,2025-06-05,New Report,Critical,Completed,17,24,Within SLA,11.21,0,Legal
REQ002814,RPT0038,A022,2025-09-25,2025-09-26,Access Request,Medium,In Progress,38,72,Within SLA,2.65,2,Finance
REQ002815,RPT0115,A009,2025-10-31,2025-11-02,Data Correction,Low,Completed,56,120,Within SLA,11.97,0,Sales
REQ002816,RPT0019,A007,2024-11-11,2024-11-15,Data Correction,Low,Completed,102,120,Within SLA,5.87,0,Compliance
REQ002817,RPT0106,A016,2025-04-25,2025-04-29,Report Enhancement,Medium,Completed,78,72,Breached,4.65,2,Finance
REQ002818,RPT0080,A010,2025-02-24,2025-02-27,Report Issue,Low,Completed,55,120,Within SLA,4.3,0,Sales
REQ002819,RPT0043,A024,2025-08-18,2025-08-21,Change Request,High,Completed,68,48,Breached,4.37,1,Finance
REQ002820,RPT0036,A024,2024-11-24,2024-11-24,Report Enhancement,Medium,Completed,13,72,Within SLA,0.86,1,Operations
REQ002821,RPT0106,A020,2025-03-16,2025-03-18,Change Request,Medium,Completed,49,72,Within SLA,2.73,1,Client Services
REQ002822,RPT0018,A009,2025-08-05,2025-08-07,Report Enhancement,Medium,Pending,64,72,Within SLA,6.0,2,Human Resources
REQ002823,RPT0002,A010,2025-03-01,2025-03-03,Change Request,Medium,Completed,35,72,Within SLA,3.21,0,Human Resources
REQ002824,RPT0039,A017,2024-12-08,2024-12-10,New Report,Medium,Completed,61,72,Within SLA,1.24,1,Finance
REQ002825,RPT0114,A011,2024-11-04,2024-11-05,Report Enhancement,Medium,Completed,26,72,Within SLA,3.2,1,Legal
REQ002826,RPT0035,A005,2024-09-29,2024-09-30,New Report,Low,Cancelled,24,120,Within SLA,10.94,1,Finance
REQ002827,RPT0043,A017,2025-04-03,2025-04-04,Change Request,Critical,Completed,18,24,Within SLA,7.95,1,Sales
REQ002828,RPT0030,A004,2025-06-15,2025-06-16,Report Enhancement,High,Completed,20,48,Within SLA,3.18,0,Client Services
REQ002829,RPT0015,A022,2026-06-23,2026-06-24,Report Issue,Medium,Completed,39,72,Within SLA,6.46,1,Sales
REQ002830,RPT0093,A006,2025-12-11,2025-12-13,New Report,Medium,Completed,29,72,Within SLA,2.57,1,Compliance
REQ002831,RPT0083,A017,2025-07-11,2025-07-12,New Report,Medium,In Progress,20,72,Within SLA,1.01,0,Technology
REQ002832,RPT0083,A025,2025-03-01,2025-03-02,Report Issue,Medium,Pending,18,72,Within SLA,1.74,0,Compliance
REQ002833,RPT0092,A020,2026-06-24,2026-06-25,Change Request,Critical,Completed,22,24,Within SLA,9.91,0,Sales
REQ002834,RPT0109,A015,2026-07-22,2026-07-24,Change Request,Medium,Pending,30,72,Within SLA,2.74,0,Compliance
REQ002835,RPT0118,A022,2024-12-23,2024-12-27,Report Issue,Low,Completed,99,120,Within SLA,2.8,3,Operations
REQ002836,RPT0038,A025,2026-05-14,2026-05-16,Data Correction,Low,Pending,35,120,Within SLA,2.69,0,Risk
REQ002837,RPT0076,A001,2025-05-02,2025-05-04,Access Request,High,Pending,44,48,Within SLA,12.59,1,Technology
REQ002838,RPT0058,A020,2026-08-16,2026-08-18,Change Request,Low,Completed,42,120,Within SLA,10.36,0,Legal
REQ002839,RPT0074,A002,2025-11-12,2025-11-14,Report Enhancement,Low,Completed,45,120,Within SLA,15.69,1,Finance
REQ002840,RPT0103,A023,2026-03-04,2026-03-05,Report Issue,High,In Progress,35,48,Within SLA,2.97,0,Legal
REQ002841,RPT0058,A019,2025-04-20,2025-04-23,Report Issue,Medium,Completed,68,72,Within SLA,4.08,2,Human Resources
REQ002842,RPT0026,A019,2025-01-15,2025-01-17,Report Issue,Medium,Completed,40,72,Within SLA,1.15,0,Legal
REQ002843,RPT0108,A015,2026-04-05,2026-04-06,New Report,Critical,Pending,19,24,Within SLA,9.34,1,Compliance
REQ002844,RPT0072,A019,2024-12-22,2024-12-23,Access Request,Medium,Completed,16,72,Within SLA,1.47,1,Sales
REQ002845,RPT0106,A018,2025-09-12,2025-09-14,Data Correction,Medium,Completed,57,72,Within SLA,3.86,0,Compliance
REQ002846,RPT0020,A001,2025-09-24,2025-09-26,Report Enhancement,Medium,Completed,38,72,Within SLA,1.54,0,Client Services
REQ002847,RPT0120,A021,2025-08-18,2025-08-21,Access Request,Low,Completed,75,120,Within SLA,2.2,0,Finance
REQ002848,RPT0020,A019,2025-09-12,2025-09-14,Report Issue,High,In Progress,43,48,Within SLA,1.85,0,Legal
REQ002849,RPT0018,A001,2026-07-04,2026-07-07,Report Enhancement,Medium,Pending,62,72,Within SLA,2.17,0,Client Services
REQ002850,RPT0076,A005,2025-04-17,2025-04-21,New Report,High,Completed,92,48,Breached,2.28,0,Compliance
REQ002851,RPT0030,A008,2025-09-11,2025-09-12,Access Request,High,Completed,17,48,Within SLA,2.26,1,Sales
REQ002852,RPT0059,A002,2024-09-08,2024-09-09,Report Issue,Medium,Pending,39,72,Within SLA,5.95,1,Compliance
REQ002853,RPT0111,A017,2024-10-29,2024-10-31,Report Issue,Medium,Completed,32,72,Within SLA,1.53,1,Compliance
REQ002854,RPT0095,A004,2025-06-22,2025-06-22,Change Request,Medium,In Progress,12,72,Within SLA,3.87,0,Risk
REQ002855,RPT0088,A025,2025-09-17,2025-09-18,Report Issue,High,Completed,28,48,Within SLA,7.79,1,Human Resources
REQ002856,RPT0080,A020,2025-08-11,2025-08-11,Access Request,Medium,Completed,20,72,Within SLA,2.32,0,Compliance
REQ002857,RPT0069,A007,2025-02-23,2025-02-27,Report Enhancement,Medium,Pending,84,72,Breached,2.01,4,Operations
REQ002858,RPT0090,A004,2025-02-04,2025-02-05,New Report,Medium,Completed,42,72,Within SLA,2.83,1,Risk
REQ002859,RPT0057,A004,2025-11-17,2025-11-17,Change Request,Critical,In Progress,3,24,Within SLA,7.58,0,Human Resources
REQ002860,RPT0075,A021,2025-05-22,2025-05-23,Report Issue,High,Pending,42,48,Within SLA,3.8,1,Client Services
REQ002861,RPT0039,A025,2024-09-27,2024-09-30,Access Request,Medium,Completed,67,72,Within SLA,2.29,0,Sales
REQ002862,RPT0038,A001,2024-09-29,2024-09-30,Data Correction,Medium,Completed,38,72,Within SLA,4.66,1,Compliance
REQ002863,RPT0028,A005,2025-03-27,2025-03-28,Access Request,High,Completed,27,48,Within SLA,1.53,0,Human Resources
REQ002864,RPT0075,A016,2025-09-09,2025-09-13,Access Request,Low,Completed,108,120,Within SLA,5.35,0,Human Resources
REQ002865,RPT0066,A013,2025-11-28,2025-11-28,Access Request,High,Completed,17,48,Within SLA,4.42,0,Legal
REQ002866,RPT0048,A023,2026-07-07,2026-07-11,Report Issue,Low,Completed,96,120,Within SLA,2.68,0,Sales
REQ002867,RPT0110,A024,2026-06-06,2026-06-08,Report Issue,Low,Pending,53,120,Within SLA,1.85,0,Human Resources
REQ002868,RPT0103,A013,2026-01-11,2026-01-12,New Report,Medium,Completed,28,72,Within SLA,1.78,1,Finance
REQ002869,RPT0050,A006,2026-01-25,2026-01-26,Access Request,High,Completed,32,48,Within SLA,4.83,1,Operations
REQ002870,RPT0081,A016,2025-08-21,2025-08-23,Data Correction,High,Completed,42,48,Within SLA,7.85,0,Sales
REQ002871,RPT0044,A001,2025-03-30,2025-03-31,Report Issue,High,Pending,15,48,Within SLA,2.13,0,Risk
REQ002872,RPT0107,A010,2025-10-11,2025-10-14,Change Request,Low,In Progress,75,120,Within SLA,4.58,0,Operations
REQ002873,RPT0114,A002,2024-08-27,2024-08-28,Change Request,High,Completed,25,48,Within SLA,0.77,0,Sales
REQ002874,RPT0017,A019,2026-06-10,2026-06-13,Report Enhancement,Low,Completed,81,120,Within SLA,2.21,1,Risk
REQ002875,RPT0004,A005,2024-11-12,2024-11-13,Report Enhancement,Medium,In Progress,27,72,Within SLA,3.25,1,Technology
REQ002876,RPT0050,A023,2025-07-21,2025-07-22,Report Issue,Medium,Pending,13,72,Within SLA,1.76,1,Risk
REQ002877,RPT0096,A013,2024-12-03,2024-12-04,New Report,Medium,Completed,36,72,Within SLA,1.72,0,Technology
REQ002878,RPT0118,A008,2026-07-07,2026-07-08,Access Request,Medium,Completed,20,72,Within SLA,2.08,1,Sales
REQ002879,RPT0018,A022,2025-03-14,2025-03-15,Change Request,High,Pending,16,48,Within SLA,4.07,2,Compliance
REQ002880,RPT0057,A014,2026-03-09,2026-03-09,Data Correction,Medium,Completed,16,72,Within SLA,2.91,0,Legal
REQ002881,RPT0111,A015,2025-06-01,2025-06-03,Change Request,High,Completed,47,48,Within SLA,0.69,0,Operations
REQ002882,RPT0022,A007,2026-04-06,2026-04-15,Data Correction,Low,Completed,225,120,Breached,0.75,0,Compliance
REQ002883,RPT0040,A005,2025-06-30,2025-07-03,Data Correction,Low,Completed,74,120,Within SLA,2.17,0,Technology
REQ002884,RPT0009,A019,2025-06-01,2025-06-04,New Report,Low,Completed,86,120,Within SLA,4.57,0,Human Resources
REQ002885,RPT0098,A006,2024-09-25,2024-09-27,Report Issue,High,Completed,47,48,Within SLA,0.5,0,Risk
REQ002886,RPT0078,A002,2025-06-28,2025-06-30,Access Request,Medium,Completed,68,72,Within SLA,2.34,0,Finance
REQ002887,RPT0096,A011,2024-09-29,2024-10-01,Change Request,High,Cancelled,43,48,Within SLA,2.3,3,Human Resources
REQ002888,RPT0033,A018,2025-11-06,2025-11-08,New Report,High,Cancelled,25,48,Within SLA,8.77,3,Technology
REQ002889,RPT0061,A025,2025-10-31,2025-11-04,Access Request,Low,Completed,92,120,Within SLA,2.54,0,Compliance
REQ002890,RPT0011,A012,2025-01-19,2025-01-21,Change Request,Low,Pending,59,120,Within SLA,4.34,1,Client Services
REQ002891,RPT0076,A015,2025-05-29,2025-06-02,Data Correction,Medium,Completed,102,72,Breached,3.67,1,Legal
REQ002892,RPT0002,A019,2025-10-24,2025-10-28,Report Enhancement,Medium,Pending,100,72,Breached,0.75,0,Human Resources
REQ002893,RPT0007,A023,2025-04-02,2025-04-05,Data Correction,Low,Completed,79,120,Within SLA,5.68,0,Legal
REQ002894,RPT0032,A003,2024-10-17,2024-10-19,Data Correction,Medium,Completed,58,72,Within SLA,3.86,0,Sales
REQ002895,RPT0069,A014,2025-06-17,2025-06-23,Change Request,Medium,Completed,144,72,Breached,4.74,0,Risk
REQ002896,RPT0059,A004,2025-09-16,2025-09-20,Report Issue,Low,Pending,86,120,Within SLA,51.85,0,Finance
REQ002897,RPT0098,A015,2025-08-05,2025-08-07,Report Enhancement,Medium,Completed,32,72,Within SLA,0.77,0,Finance
REQ002898,RPT0085,A007,2026-04-06,2026-04-08,Access Request,Medium,In Progress,36,72,Within SLA,11.1,2,Compliance
REQ002899,RPT0052,A002,2025-10-22,2025-10-24,Report Issue,Low,Pending,46,120,Within SLA,2.71,0,Finance
REQ002900,RPT0083,A023,2025-03-26,2025-03-29,Change Request,Low,Completed,88,120,Within SLA,4.06,0,Human Resources
REQ002901,RPT0013,A010,2026-05-24,2026-05-25,Report Issue,Low,Completed,41,120,Within SLA,3.22,1,Risk
REQ002902,RPT0095,A019,2025-12-18,2025-12-18,New Report,Medium,Completed,18,72,Within SLA,2.47,0,Risk
REQ002903,RPT0095,A017,2026-01-31,2026-02-03,New Report,Low,Pending,78,120,Within SLA,2.23,0,Risk
REQ002904,RPT0076,A005,2025-12-08,2025-12-12,Change Request,Low,Completed,84,120,Within SLA,4.18,0,Risk
REQ002905,RPT0085,A024,2024-11-21,2024-11-22,Report Issue,Low,Completed,41,120,Within SLA,1.15,0,Finance
REQ002906,RPT0013,A007,2024-11-28,2024-12-02,New Report,Low,Completed,92,120,Within SLA,5.61,0,Compliance
REQ002907,RPT0028,A006,2024-11-04,2024-11-07,Report Issue,Low,Completed,72,120,Within SLA,2.48,0,Compliance
REQ002908,RPT0017,A007,2025-06-22,2025-06-25,Report Issue,Medium,Completed,67,72,Within SLA,1.51,0,Sales
REQ002909,RPT0102,A001,2025-06-06,2025-06-09,Change Request,Medium,Completed,63,72,Within SLA,2.42,0,Risk
REQ002910,RPT0094,A019,2026-04-30,2026-05-01,Data Correction,Medium,Completed,24,72,Within SLA,8.0,1,Human Resources
REQ002911,RPT0106,A008,2025-05-11,2025-05-13,Change Request,Medium,Completed,54,72,Within SLA,2.28,2,Sales
REQ002912,RPT0030,A012,2025-10-28,2025-10-29,Report Issue,Medium,Completed,35,72,Within SLA,4.27,0,Technology
REQ002913,RPT0105,A011,2026-08-20,2026-08-21,New Report,Medium,Completed,36,72,Within SLA,1.99,0,Operations
REQ002914,RPT0082,A017,2025-05-31,2025-06-01,Data Correction,Medium,Pending,22,72,Within SLA,5.64,0,Finance
REQ002915,RPT0048,A008,2026-03-30,2026-03-30,Report Enhancement,High,Completed,14,48,Within SLA,5.36,1,Compliance
REQ002916,RPT0035,A025,2024-12-11,2024-12-11,Access Request,High,In Progress,18,48,Within SLA,12.11,0,Technology
REQ002917,RPT0089,A023,2025-01-22,2025-01-23,Access Request,High,In Progress,29,48,Within SLA,2.94,1,Technology
REQ002918,RPT0032,A005,2025-12-01,2025-12-03,Change Request,High,Pending,44,48,Within SLA,5.3,0,Sales
REQ002919,RPT0039,A004,2025-09-20,2025-09-21,Change Request,High,In Progress,32,48,Within SLA,3.56,1,Human Resources
REQ002920,RPT0026,A024,2025-06-28,2025-07-03,Access Request,Low,Completed,106,120,Within SLA,8.22,0,Legal
REQ002921,RPT0065,A024,2025-09-13,2025-09-15,Change Request,Medium,Completed,54,72,Within SLA,2.01,0,Technology
REQ002922,RPT0038,A019,2024-09-21,2024-10-01,Change Request,Medium,Completed,248,72,Breached,5.59,0,Client Services
REQ002923,RPT0085,A003,2024-09-25,2024-09-27,Report Enhancement,Medium,Completed,60,72,Within SLA,2.9,0,Technology
REQ002924,RPT0115,A017,2024-09-20,2024-09-23,New Report,Medium,Completed,72,72,Within SLA,3.17,0,Compliance
REQ002925,RPT0017,A013,2024-12-05,2024-12-05,Report Issue,Medium,Completed,13,72,Within SLA,3.54,0,Finance
REQ002926,RPT0079,A014,2026-02-26,2026-03-03,Access Request,Medium,In Progress,122,72,Breached,3.96,0,Client Services
REQ002927,RPT0027,A004,2025-05-06,2025-05-07,Report Enhancement,High,Completed,16,48,Within SLA,3.06,0,Risk
REQ002928,RPT0099,A015,2026-05-07,2026-05-07,New Report,Critical,Completed,8,24,Within SLA,3.86,0,Technology
REQ002929,RPT0082,A006,2025-08-23,2025-08-24,Change Request,Medium,Completed,21,72,Within SLA,10.02,4,Technology
REQ002930,RPT0014,A015,2025-09-28,2025-09-29,Report Issue,Medium,In Progress,25,72,Within SLA,6.62,0,Risk
REQ002931,RPT0028,A013,2025-08-10,2025-08-12,Report Issue,High,Pending,45,48,Within SLA,6.1,0,Sales
REQ002932,RPT0117,A013,2024-12-14,2024-12-15,Report Enhancement,High,Completed,15,48,Within SLA,2.41,0,Sales
REQ002933,RPT0088,A018,2025-12-04,2025-12-06,Report Enhancement,Medium,Completed,40,72,Within SLA,1.78,0,Compliance
REQ002934,RPT0045,A025,2026-07-15,2026-07-17,Change Request,Medium,Completed,42,72,Within SLA,6.48,0,Finance
REQ002935,RPT0005,A025,2025-09-25,2025-09-27,New Report,Medium,In Progress,48,72,Within SLA,6.13,1,Operations
REQ002936,RPT0054,A016,2024-12-07,2024-12-09,Change Request,Low,Completed,58,120,Within SLA,9.31,2,Compliance
REQ002937,RPT0089,A009,2025-05-02,2025-05-07,Report Issue,Medium,In Progress,120,72,Breached,2.18,0,Operations
REQ002938,RPT0010,A009,2026-08-14,2026-08-17,Report Issue,Low,Completed,79,120,Within SLA,2.83,0,Legal
REQ002939,RPT0085,A022,2025-12-10,2025-12-12,New Report,Low,Completed,60,120,Within SLA,1.05,1,Operations
REQ002940,RPT0068,A018,2025-04-25,2025-04-27,New Report,Low,Completed,44,120,Within SLA,2.52,0,Technology
REQ002941,RPT0010,A020,2024-12-25,2024-12-26,Access Request,High,Completed,42,48,Within SLA,6.67,1,Finance
REQ002942,RPT0115,A024,2025-06-22,2025-06-24,Change Request,Medium,Completed,66,72,Within SLA,2.4,0,Human Resources
REQ002943,RPT0055,A002,2025-12-12,2025-12-13,Data Correction,Medium,Pending,15,72,Within SLA,5.2,0,Client Services
REQ002944,RPT0011,A011,2026-03-18,2026-03-21,Report Enhancement,Critical,Completed,80,24,Breached,2.91,0,Client Services
REQ002945,RPT0013,A019,2026-06-06,2026-06-09,New Report,High,Pending,78,48,Breached,4.17,1,Sales
REQ002946,RPT0120,A017,2025-04-10,2025-04-11,New Report,Critical,Completed,16,24,Within SLA,1.49,0,Legal
REQ002947,RPT0081,A010,2025-11-25,2025-11-26,Report Issue,Low,Completed,40,120,Within SLA,3.52,0,Human Resources
REQ002948,RPT0056,A016,2025-05-09,2025-05-09,Change Request,High,Pending,12,48,Within SLA,0.5,1,Legal
REQ002949,RPT0071,A003,2025-09-19,2025-09-20,Data Correction,Medium,Completed,39,72,Within SLA,2.91,0,Finance
REQ002950,RPT0101,A019,2026-05-26,2026-05-27,Report Issue,Medium,Completed,19,72,Within SLA,1.06,0,Sales
REQ002951,RPT0091,A008,2025-09-20,2025-09-23,Change Request,Low,Completed,68,120,Within SLA,7.72,0,Operations
REQ002952,RPT0024,A013,2025-10-08,2025-10-12,Data Correction,Low,Completed,100,120,Within SLA,5.72,3,Operations
REQ002953,RPT0097,A021,2025-09-05,2025-09-06,Access Request,Medium,Pending,33,72,Within SLA,4.6,0,Client Services
REQ002954,RPT0093,A003,2026-02-22,2026-02-23,Report Issue,Medium,Completed,20,72,Within SLA,9.63,0,Client Services
REQ002955,RPT0046,A014,2025-11-01,2025-11-02,Report Enhancement,Medium,In Progress,29,72,Within SLA,1.71,2,Technology
REQ002956,RPT0004,A012,2025-04-10,2025-04-13,Report Enhancement,Medium,Completed,72,72,Within SLA,11.28,4,Operations
REQ002957,RPT0085,A013,2025-08-24,2025-08-25,Report Enhancement,Critical,In Progress,12,24,Within SLA,6.38,0,Compliance
REQ002958,RPT0093,A003,2026-05-16,2026-05-22,Data Correction,Medium,Completed,136,72,Breached,2.81,0,Client Services
REQ002959,RPT0034,A013,2024-09-02,2024-09-05,Change Request,Medium,Completed,53,72,Within SLA,7.35,0,Finance
REQ002960,RPT0036,A004,2025-06-03,2025-06-05,Access Request,Low,Completed,61,120,Within SLA,1.53,1,Compliance
REQ002961,RPT0024,A009,2025-05-05,2025-05-06,New Report,Critical,Completed,22,24,Within SLA,1.86,0,Finance
REQ002962,RPT0082,A014,2026-01-26,2026-01-27,Report Issue,Medium,In Progress,18,72,Within SLA,2.17,0,Technology
REQ002963,RPT0069,A005,2024-11-14,2024-11-16,Report Enhancement,Medium,In Progress,63,72,Within SLA,2.29,0,Finance
REQ002964,RPT0085,A006,2025-07-10,2025-07-17,Access Request,Medium,Completed,174,72,Breached,1.58,2,Risk
REQ002965,RPT0069,A009,2025-11-17,2025-11-19,Change Request,Low,Completed,46,120,Within SLA,7.82,0,Client Services
REQ002966,RPT0039,A002,2025-04-16,2025-04-18,Data Correction,High,Completed,30,48,Within SLA,2.77,1,Finance
REQ002967,RPT0015,A008,2026-05-01,2026-05-05,Data Correction,Low,In Progress,94,120,Within SLA,4.25,1,Human Resources
REQ002968,RPT0100,A011,2026-07-20,2026-07-21,New Report,High,Pending,30,48,Within SLA,2.23,2,Compliance
REQ002969,RPT0076,A005,2026-03-07,2026-03-07,Data Correction,Critical,Pending,6,24,Within SLA,0.93,1,Finance
REQ002970,RPT0072,A002,2026-06-29,2026-07-02,Access Request,Medium,Completed,71,72,Within SLA,4.01,3,Client Services
REQ002971,RPT0039,A004,2026-02-06,2026-02-14,Report Enhancement,Low,Completed,186,120,Breached,0.87,0,Sales
REQ002972,RPT0017,A025,2025-12-22,2025-12-23,Report Issue,High,Completed,12,48,Within SLA,3.16,2,Legal
REQ002973,RPT0037,A024,2024-09-10,2024-09-12,New Report,High,Completed,38,48,Within SLA,1.27,1,Risk
REQ002974,RPT0029,A001,2025-11-27,2025-12-01,Report Enhancement,Low,Completed,89,120,Within SLA,13.34,3,Technology
REQ002975,RPT0087,A008,2025-08-24,2025-08-26,Change Request,High,Completed,43,48,Within SLA,6.28,3,Client Services
REQ002976,RPT0116,A023,2025-03-15,2025-03-18,Report Enhancement,Medium,Completed,84,72,Breached,3.58,1,Client Services
REQ002977,RPT0105,A011,2026-01-12,2026-01-13,Data Correction,High,Pending,33,48,Within SLA,8.04,0,Legal
REQ002978,RPT0099,A001,2026-04-21,2026-04-21,Data Correction,Critical,Pending,13,24,Within SLA,1.84,0,Legal
REQ002979,RPT0056,A019,2026-04-15,2026-04-16,Data Correction,Low,Pending,24,120,Within SLA,4.86,1,Finance
REQ002980,RPT0002,A013,2025-11-13,2025-11-15,Report Issue,Medium,Pending,45,72,Within SLA,3.82,0,Operations
REQ002981,RPT0035,A012,2025-11-12,2025-11-16,Report Issue,Low,Completed,82,120,Within SLA,3.99,0,Client Services
REQ002982,RPT0054,A022,2025-02-13,2025-02-17,New Report,Low,Completed,80,120,Within SLA,8.09,3,Legal
REQ002983,RPT0066,A009,2026-03-04,2026-03-05,New Report,Medium,Pending,30,72,Within SLA,5.54,1,Compliance
REQ002984,RPT0038,A009,2024-09-29,2024-09-30,Access Request,High,Completed,18,48,Within SLA,4.06,2,Sales
REQ002985,RPT0002,A018,2025-11-17,2025-11-18,Access Request,High,Completed,19,48,Within SLA,1.04,2,Sales
REQ002986,RPT0001,A025,2025-08-29,2025-08-31,Report Issue,Low,In Progress,56,120,Within SLA,1.7,0,Finance
REQ002987,RPT0112,A013,2024-12-31,2025-01-08,Data Correction,Low,In Progress,189,120,Breached,3.05,0,Operations
REQ002988,RPT0004,A013,2025-10-02,2025-10-03,Data Correction,Medium,Completed,30,72,Within SLA,3.54,1,Risk
REQ002989,RPT0008,A008,2025-12-22,2025-12-23,Access Request,Medium,Completed,22,72,Within SLA,1.51,0,Compliance
REQ002990,RPT0024,A008,2026-03-04,2026-03-05,Change Request,Medium,Completed,33,72,Within SLA,17.96,0,Operations
REQ002991,RPT0036,A001,2025-12-15,2025-12-16,Data Correction,Medium,Pending,20,72,Within SLA,9.6,0,Risk
REQ002992,RPT0057,A006,2026-04-14,2026-04-17,Report Enhancement,Medium,Completed,68,72,Within SLA,5.06,1,Operations
REQ002993,RPT0012,A014,2026-06-05,2026-06-06,Access Request,Medium,Completed,20,72,Within SLA,3.49,0,Client Services
REQ002994,RPT0023,A013,2025-06-12,2025-06-12,Report Enhancement,High,Completed,15,48,Within SLA,2.86,0,Technology
REQ002995,RPT0105,A012,2024-12-13,2024-12-14,Report Enhancement,Low,Pending,24,120,Within SLA,1.71,4,Finance
REQ002996,RPT0100,A012,2026-05-21,2026-05-23,Change Request,Low,Completed,44,120,Within SLA,3.51,0,Finance
REQ002997,RPT0031,A021,2026-01-31,2026-02-05,Change Request,Low,Completed,109,120,Within SLA,3.98,0,Compliance
REQ002998,RPT0001,A002,2025-02-25,2025-02-27,Change Request,Medium,Completed,50,72,Within SLA,1.39,1,Finance
REQ002999,RPT0044,A013,2024-09-14,2024-09-17,Change Request,High,Completed,70,48,Breached,4.2,0,Sales
REQ003000,RPT0001,A024,2025-11-08,2025-11-10,Report Issue,Medium,Completed,35,72,Within SLA,2.98,1,Client Services
REQ003001,RPT0100,A012,2026-02-16,2026-02-16,Report Enhancement,Critical,Pending,6,24,Within SLA,0.87,0,Compliance
REQ003002,RPT0118,A018,2024-11-14,2024-11-15,Change Request,High,Completed,32,48,Within SLA,1.82,0,Operations
REQ003003,RPT0002,A024,2025-01-16,2025-01-18,Data Correction,Medium,Completed,58,72,Within SLA,2.49,0,Operations
REQ003004,RPT0014,A003,2024-09-04,2024-09-05,Report Enhancement,Medium,In Progress,24,72,Within SLA,12.45,1,Client Services
REQ003005,RPT0085,A016,2025-07-29,2025-07-31,Access Request,Medium,Completed,39,72,Within SLA,4.9,0,Technology
REQ003006,RPT0083,A011,2025-04-21,2025-04-23,New Report,Low,In Progress,44,120,Within SLA,1.3,2,Client Services
REQ003007,RPT0032,A003,2025-07-12,2025-07-17,Report Enhancement,Low,In Progress,116,120,Within SLA,4.67,0,Operations
REQ003008,RPT0106,A016,2024-12-16,2024-12-19,Access Request,Medium,Completed,71,72,Within SLA,1.12,0,Technology
REQ003009,RPT0046,A019,2025-07-07,2025-07-08,Change Request,Medium,Completed,24,72,Within SLA,7.08,0,Risk
REQ003010,RPT0066,A012,2026-02-08,2026-02-10,New Report,High,Completed,48,48,Within SLA,2.39,0,Technology
REQ003011,RPT0025,A001,2025-01-26,2025-01-27,Change Request,High,Completed,26,48,Within SLA,3.11,1,Finance
REQ003012,RPT0097,A018,2025-07-05,2025-07-06,New Report,High,Completed,29,48,Within SLA,8.4,0,Risk
REQ003013,RPT0085,A021,2025-09-14,2025-09-15,Change Request,High,Completed,17,48,Within SLA,1.35,0,Legal
REQ003014,RPT0034,A004,2026-04-14,2026-04-16,Access Request,Medium,Completed,42,72,Within SLA,1.25,0,Client Services
REQ003015,RPT0113,A011,2025-12-08,2025-12-10,Report Issue,Medium,Pending,43,72,Within SLA,2.21,1,Compliance
REQ003016,RPT0050,A012,2026-08-05,2026-08-08,Report Enhancement,Low,Completed,59,120,Within SLA,6.87,0,Risk
REQ003017,RPT0029,A012,2025-08-22,2025-08-23,Report Issue,Medium,Completed,39,72,Within SLA,1.15,1,Operations
REQ003018,RPT0104,A008,2026-06-29,2026-07-01,Change Request,Medium,Cancelled,32,72,Within SLA,0.5,0,Client Services
REQ003019,RPT0053,A009,2026-06-10,2026-06-13,Data Correction,Medium,Completed,60,72,Within SLA,2.42,0,Legal
REQ003020,RPT0074,A010,2026-03-15,2026-03-16,Access Request,Medium,Completed,22,72,Within SLA,4.89,2,Human Resources
REQ003021,RPT0075,A005,2026-03-08,2026-03-10,New Report,Low,Completed,41,120,Within SLA,7.69,3,Technology
REQ003022,RPT0054,A025,2024-10-08,2024-10-19,Data Correction,Medium,Pending,264,72,Breached,2.4,0,Risk
REQ003023,RPT0041,A023,2026-02-20,2026-02-20,Access Request,High,In Progress,19,48,Within SLA,2.49,0,Finance
REQ003024,RPT0018,A003,2024-12-06,2024-12-07,Report Enhancement,Medium,In Progress,28,72,Within SLA,7.45,0,Risk
REQ003025,RPT0019,A007,2025-09-27,2025-10-02,Report Enhancement,Low,Completed,108,120,Within SLA,0.9,0,Sales
REQ003026,RPT0094,A023,2025-01-29,2025-01-31,Access Request,Medium,Cancelled,56,72,Within SLA,2.53,1,Finance
REQ003027,RPT0048,A004,2025-10-30,2025-11-01,Data Correction,High,Cancelled,44,48,Within SLA,3.79,2,Legal
REQ003028,RPT0068,A005,2025-04-30,2025-05-01,Data Correction,Medium,Completed,13,72,Within SLA,4.55,1,Operations
REQ003029,RPT0100,A008,2026-01-17,2026-01-20,Data Correction,Medium,In Progress,72,72,Within SLA,2.32,3,Compliance
REQ003030,RPT0035,A011,2025-08-27,2025-09-05,Access Request,Medium,Pending,224,72,Breached,3.4,1,Operations
REQ003031,RPT0029,A022,2025-10-03,2025-10-06,Report Issue,High,Completed,72,48,Breached,0.58,0,Risk
REQ003032,RPT0106,A005,2025-06-09,2025-06-10,Report Enhancement,Medium,Completed,16,72,Within SLA,2.09,2,Finance
REQ003033,RPT0017,A013,2025-04-21,2025-04-23,New Report,High,In Progress,41,48,Within SLA,4.56,2,Sales
REQ003034,RPT0074,A013,2025-01-02,2025-01-04,Report Enhancement,Low,Cancelled,51,120,Within SLA,1.67,0,Finance
REQ003035,RPT0095,A021,2025-08-13,2025-08-16,Report Enhancement,Low,Cancelled,93,120,Within SLA,3.46,0,Operations
REQ003036,RPT0118,A010,2026-07-30,2026-08-02,Report Issue,Low,Completed,66,120,Within SLA,4.54,0,Technology
REQ003037,RPT0092,A002,2025-10-09,2025-10-12,Report Enhancement,Low,Completed,71,120,Within SLA,2.61,0,Operations
REQ003038,RPT0048,A002,2025-05-13,2025-05-15,Change Request,Low,Completed,35,120,Within SLA,3.74,3,Finance
REQ003039,RPT0068,A023,2025-10-19,2025-10-28,New Report,Low,Completed,222,120,Breached,1.69,1,Finance
REQ003040,RPT0097,A024,2025-05-23,2025-05-24,Report Enhancement,High,Completed,41,48,Within SLA,2.87,1,Finance
REQ003041,RPT0052,A013,2026-01-27,2026-01-30,Data Correction,Medium,Completed,60,72,Within SLA,5.09,0,Legal
REQ003042,RPT0014,A009,2026-04-12,2026-04-15,Data Correction,Low,Completed,66,120,Within SLA,3.71,1,Legal
REQ003043,RPT0006,A020,2026-06-25,2026-06-28,Report Issue,Low,Completed,64,120,Within SLA,2.2,0,Finance
REQ003044,RPT0063,A015,2026-03-03,2026-03-05,New Report,High,Completed,28,48,Within SLA,3.88,0,Legal
REQ003045,RPT0085,A004,2026-01-31,2026-02-13,Data Correction,Low,Cancelled,303,120,Breached,5.48,1,Technology
REQ003046,RPT0056,A003,2026-01-02,2026-01-05,Report Enhancement,Medium,Completed,57,72,Within SLA,0.79,1,Operations
REQ003047,RPT0011,A019,2026-05-07,2026-05-09,Data Correction,Medium,Completed,63,72,Within SLA,7.47,0,Client Services
REQ003048,RPT0021,A014,2026-02-10,2026-02-12,Access Request,Medium,Completed,57,72,Within SLA,2.62,1,Operations
REQ003049,RPT0027,A012,2025-03-14,2025-03-14,Access Request,High,In Progress,9,48,Within SLA,4.47,3,Compliance
REQ003050,RPT0091,A005,2025-12-07,2025-12-09,Data Correction,Medium,Completed,49,72,Within SLA,7.68,0,Legal
REQ003051,RPT0098,A017,2025-09-01,2025-09-03,Data Correction,Low,Cancelled,55,120,Within SLA,1.27,1,Risk
REQ003052,RPT0072,A002,2025-01-17,2025-01-24,Data Correction,Low,Completed,168,120,Breached,2.02,0,Operations
REQ003053,RPT0078,A007,2025-02-28,2025-03-03,Report Issue,Medium,Pending,71,72,Within SLA,2.71,0,Finance
REQ003054,RPT0060,A006,2025-03-25,2025-03-28,Change Request,Low,In Progress,67,120,Within SLA,1.92,2,Client Services
REQ003055,RPT0082,A012,2025-10-28,2025-10-30,Access Request,Medium,Completed,53,72,Within SLA,11.18,0,Finance
REQ003056,RPT0031,A001,2025-04-09,2025-04-11,Change Request,Medium,Pending,35,72,Within SLA,1.82,0,Legal
REQ003057,RPT0061,A005,2025-02-11,2025-02-12,Access Request,High,Pending,8,48,Within SLA,2.25,1,Finance
REQ003058,RPT0062,A016,2025-04-09,2025-04-11,Report Issue,Medium,Pending,47,72,Within SLA,3.83,2,Client Services
REQ003059,RPT0041,A005,2026-04-11,2026-04-14,Access Request,High,Cancelled,60,48,Breached,1.43,0,Client Services
REQ003060,RPT0057,A003,2025-04-02,2025-04-02,Report Issue,Medium,Completed,12,72,Within SLA,2.52,0,Risk
REQ003061,RPT0063,A007,2026-02-19,2026-02-26,New Report,Low,Completed,177,120,Breached,4.15,1,Finance
REQ003062,RPT0080,A023,2025-01-29,2025-01-30,Data Correction,High,Completed,36,48,Within SLA,2.63,0,Technology
REQ003063,RPT0056,A012,2026-02-08,2026-02-13,New Report,Medium,Completed,126,72,Breached,3.11,1,Technology
REQ003064,RPT0049,A017,2026-02-19,2026-02-20,Access Request,High,Completed,10,48,Within SLA,2.29,1,Compliance
REQ003065,RPT0021,A010,2025-09-04,2025-09-05,Change Request,Medium,Completed,13,72,Within SLA,1.15,0,Risk
REQ003066,RPT0089,A006,2025-04-24,2025-04-25,Report Issue,Medium,In Progress,24,72,Within SLA,4.16,1,Risk
REQ003067,RPT0059,A001,2025-08-28,2025-08-29,New Report,Medium,In Progress,27,72,Within SLA,11.34,1,Human Resources
REQ003068,RPT0101,A021,2025-05-18,2025-05-22,Report Issue,Medium,In Progress,76,72,Breached,3.36,0,Operations
REQ003069,RPT0117,A005,2025-10-30,2025-11-01,New Report,High,Completed,42,48,Within SLA,3.89,1,Technology
REQ003070,RPT0027,A022,2026-08-16,2026-08-19,New Report,Low,Completed,75,120,Within SLA,5.39,1,Sales
REQ003071,RPT0041,A010,2026-08-16,2026-08-18,Access Request,High,Completed,43,48,Within SLA,1.37,0,Legal
REQ003072,RPT0074,A013,2026-04-30,2026-05-01,Report Enhancement,High,Completed,13,48,Within SLA,10.93,0,Client Services
REQ003073,RPT0119,A014,2026-03-04,2026-03-06,Report Enhancement,Low,Completed,55,120,Within SLA,3.83,1,Technology
REQ003074,RPT0064,A023,2025-03-21,2025-03-23,Data Correction,Medium,Completed,42,72,Within SLA,10.41,0,Risk
REQ003075,RPT0069,A011,2025-04-01,2025-04-04,Report Issue,Medium,Completed,61,72,Within SLA,1.99,0,Sales
REQ003076,RPT0006,A002,2024-11-23,2024-11-25,Report Enhancement,High,Cancelled,39,48,Within SLA,11.85,0,Risk
REQ003077,RPT0102,A001,2025-11-09,2025-11-10,New Report,Medium,In Progress,17,72,Within SLA,5.71,1,Human Resources
REQ003078,RPT0064,A004,2026-01-28,2026-01-29,New Report,Medium,Completed,33,72,Within SLA,4.89,2,Technology
REQ003079,RPT0031,A011,2025-10-16,2025-10-21,Report Issue,Low,Completed,106,120,Within SLA,3.91,0,Technology
REQ003080,RPT0008,A002,2025-06-11,2025-06-12,Report Issue,High,Completed,20,48,Within SLA,2.79,0,Finance
REQ003081,RPT0067,A004,2026-07-17,2026-07-21,Report Enhancement,Low,Pending,99,120,Within SLA,7.69,1,Finance
REQ003082,RPT0030,A011,2025-06-23,2025-06-23,Data Correction,High,Completed,10,48,Within SLA,3.66,1,Sales
REQ003083,RPT0007,A020,2026-05-18,2026-05-20,New Report,Medium,Pending,50,72,Within SLA,0.84,1,Compliance
REQ003084,RPT0032,A025,2025-05-16,2025-05-18,New Report,High,In Progress,48,48,Within SLA,1.52,0,Technology
REQ003085,RPT0018,A005,2026-04-13,2026-04-14,Access Request,Low,Pending,27,120,Within SLA,2.92,2,Technology
REQ003086,RPT0090,A009,2026-05-07,2026-05-12,Report Enhancement,Low,Pending,97,120,Within SLA,4.12,0,Client Services
REQ003087,RPT0045,A022,2024-12-12,2024-12-14,New Report,High,Pending,44,48,Within SLA,3.19,0,Legal
REQ003088,RPT0120,A007,2025-04-03,2025-04-04,Change Request,Medium,In Progress,12,72,Within SLA,7.79,0,Client Services
REQ003089,RPT0096,A010,2024-09-22,2024-09-23,Report Enhancement,Medium,Cancelled,18,72,Within SLA,0.85,4,Risk
REQ003090,RPT0004,A025,2025-04-01,2025-04-03,Report Issue,Medium,Completed,38,72,Within SLA,3.67,0,Operations
REQ003091,RPT0112,A005,2026-02-26,2026-02-27,Access Request,High,Completed,14,48,Within SLA,0.93,0,Legal
REQ003092,RPT0086,A022,2024-10-21,2024-10-22,Report Enhancement,High,Completed,23,48,Within SLA,5.65,0,Human Resources
REQ003093,RPT0023,A019,2025-05-17,2025-05-21,New Report,Low,In Progress,105,120,Within SLA,3.11,3,Risk
REQ003094,RPT0073,A023,2026-08-08,2026-08-10,Change Request,Medium,Completed,44,72,Within SLA,4.45,0,Compliance
REQ003095,RPT0024,A018,2025-07-30,2025-08-01,Access Request,Medium,Completed,37,72,Within SLA,1.81,0,Legal
REQ003096,RPT0069,A004,2026-01-12,2026-01-16,Report Enhancement,Low,Completed,98,120,Within SLA,8.13,0,Risk
REQ003097,RPT0078,A016,2025-03-08,2025-03-09,Data Correction,Medium,Completed,41,72,Within SLA,6.88,0,Technology
REQ003098,RPT0004,A011,2026-03-24,2026-03-28,Data Correction,Low,Pending,95,120,Within SLA,5.0,1,Finance
REQ003099,RPT0100,A013,2025-08-28,2025-08-31,New Report,High,Pending,78,48,Breached,3.03,0,Human Resources
REQ003100,RPT0111,A012,2025-02-03,2025-02-03,Access Request,Medium,Completed,16,72,Within SLA,4.98,0,Technology
REQ003101,RPT0040,A017,2025-01-24,2025-01-27,Data Correction,High,Completed,72,48,Breached,2.02,2,Technology
REQ003102,RPT0035,A020,2026-05-26,2026-05-30,New Report,Low,In Progress,116,120,Within SLA,6.04,0,Risk
REQ003103,RPT0007,A021,2025-10-13,2025-10-14,Report Enhancement,High,Completed,39,48,Within SLA,10.53,0,Compliance
REQ003104,RPT0020,A011,2025-03-19,2025-03-23,Report Issue,Low,Completed,98,120,Within SLA,7.02,1,Finance
REQ003105,RPT0097,A001,2026-08-15,2026-08-22,New Report,Medium,Completed,156,72,Breached,1.99,0,Technology
REQ003106,RPT0053,A020,2025-10-31,2025-11-01,Report Issue,Medium,Completed,23,72,Within SLA,4.28,2,Compliance
REQ003107,RPT0064,A021,2026-02-12,2026-02-13,New Report,Medium,Completed,22,72,Within SLA,1.34,0,Compliance
REQ003108,RPT0055,A005,2025-03-19,2025-03-20,New Report,High,Pending,19,48,Within SLA,4.96,1,Sales
REQ003109,RPT0082,A010,2024-12-05,2024-12-06,Report Issue,High,Completed,23,48,Within SLA,4.55,1,Finance
REQ003110,RPT0040,A013,2024-11-13,2024-11-14,Report Issue,High,Completed,13,48,Within SLA,0.9,1,Human Resources
REQ003111,RPT0064,A007,2025-12-12,2025-12-15,Access Request,Medium,Pending,84,72,Breached,1.47,0,Human Resources
REQ003112,RPT0036,A013,2026-03-19,2026-03-20,Report Issue,Medium,Pending,26,72,Within SLA,2.72,1,Technology
REQ003113,RPT0026,A022,2025-11-19,2025-11-20,Report Enhancement,Critical,In Progress,15,24,Within SLA,2.69,2,Sales
REQ003114,RPT0119,A012,2025-02-22,2025-02-27,Report Enhancement,Low,Completed,118,120,Within SLA,1.42,1,Legal
REQ003115,RPT0051,A010,2025-02-25,2025-02-28,Access Request,Medium,Pending,65,72,Within SLA,4.36,0,Legal
REQ003116,RPT0068,A016,2024-09-29,2024-10-03,Data Correction,Low,Completed,108,120,Within SLA,3.96,0,Finance
REQ003117,RPT0099,A020,2026-01-23,2026-01-24,Report Enhancement,High,Completed,18,48,Within SLA,2.9,1,Legal
REQ003118,RPT0056,A020,2026-07-25,2026-07-26,Change Request,Medium,Completed,31,72,Within SLA,1.96,3,Human Resources
REQ003119,RPT0008,A012,2025-10-07,2025-10-12,Report Enhancement,Low,Completed,116,120,Within SLA,6.92,0,Finance
REQ003120,RPT0007,A015,2025-02-12,2025-02-15,Report Enhancement,Low,Completed,83,120,Within SLA,10.58,2,Compliance
REQ003121,RPT0090,A015,2025-12-29,2026-01-02,Data Correction,Low,Cancelled,101,120,Within SLA,2.37,1,Client Services
REQ003122,RPT0035,A021,2025-02-17,2025-02-18,Change Request,High,Completed,17,48,Within SLA,2.16,1,Human Resources
REQ003123,RPT0054,A005,2024-09-30,2024-10-01,Report Issue,Medium,In Progress,27,72,Within SLA,4.68,0,Human Resources
REQ003124,RPT0082,A001,2024-11-06,2024-11-06,Report Enhancement,Critical,Completed,3,24,Within SLA,2.58,1,Sales
REQ003125,RPT0114,A003,2025-07-08,2025-07-15,Data Correction,Low,Completed,190,120,Breached,3.01,0,Risk
REQ003126,RPT0029,A025,2025-05-04,2025-05-06,Access Request,Medium,In Progress,55,72,Within SLA,5.57,0,Client Services
REQ003127,RPT0013,A004,2026-03-01,2026-03-04,Report Enhancement,High,In Progress,80,48,Breached,0.87,1,Risk
REQ003128,RPT0046,A006,2025-08-22,2025-08-24,Change Request,Medium,Completed,29,72,Within SLA,8.35,0,Client Services
REQ003129,RPT0086,A012,2024-11-07,2024-11-11,Data Correction,Low,Completed,110,120,Within SLA,3.49,0,Operations
REQ003130,RPT0087,A012,2026-02-01,2026-02-03,Report Issue,Low,Completed,52,120,Within SLA,2.49,1,Human Resources
REQ003131,RPT0103,A020,2026-04-11,2026-04-13,Data Correction,Medium,Completed,52,72,Within SLA,3.12,3,Operations
REQ003132,RPT0045,A012,2024-12-05,2024-12-09,Report Enhancement,Low,Completed,85,120,Within SLA,3.23,3,Human Resources
REQ003133,RPT0061,A006,2024-08-25,2024-08-26,Report Issue,Low,Completed,28,120,Within SLA,0.99,0,Legal
REQ003134,RPT0108,A005,2025-10-22,2025-10-24,New Report,Medium,Completed,40,72,Within SLA,9.45,0,Operations
REQ003135,RPT0096,A006,2026-08-12,2026-08-14,Report Issue,Medium,Completed,39,72,Within SLA,3.42,1,Technology
REQ003136,RPT0066,A021,2024-12-21,2024-12-26,Data Correction,High,Completed,105,48,Breached,4.53,0,Client Services
REQ003137,RPT0078,A014,2025-07-03,2025-07-04,Access Request,Low,Completed,31,120,Within SLA,6.46,0,Compliance
REQ003138,RPT0056,A024,2026-01-10,2026-01-12,New Report,High,Completed,47,48,Within SLA,1.62,3,Client Services
REQ003139,RPT0070,A005,2026-08-17,2026-08-18,New Report,Medium,Completed,33,72,Within SLA,4.62,2,Risk
REQ003140,RPT0023,A025,2026-07-06,2026-07-06,Report Issue,High,Completed,22,48,Within SLA,2.75,0,Compliance
REQ003141,RPT0005,A010,2026-07-04,2026-07-05,Data Correction,High,Pending,41,48,Within SLA,6.01,0,Legal
REQ003142,RPT0048,A020,2025-08-25,2025-08-26,Data Correction,High,Completed,26,48,Within SLA,0.75,0,Compliance
REQ003143,RPT0031,A004,2025-08-26,2025-08-31,Access Request,Medium,Completed,110,72,Breached,3.1,1,Compliance
REQ003144,RPT0078,A020,2026-01-08,2026-01-11,Data Correction,Low,Completed,71,120,Within SLA,2.18,0,Operations
REQ003145,RPT0025,A003,2025-01-22,2025-01-23,New Report,High,Completed,9,48,Within SLA,4.49,1,Legal
REQ003146,RPT0118,A003,2026-03-31,2026-04-03,Report Issue,Low,Completed,79,120,Within SLA,4.61,0,Finance
REQ003147,RPT0083,A004,2025-04-01,2025-04-03,Report Issue,Medium,Completed,49,72,Within SLA,2.02,0,Human Resources
REQ003148,RPT0078,A005,2025-04-27,2025-04-28,New Report,Medium,In Progress,19,72,Within SLA,2.02,3,Technology
REQ003149,RPT0108,A014,2025-03-30,2025-03-31,Data Correction,High,Pending,21,48,Within SLA,3.07,0,Risk
REQ003150,RPT0080,A005,2026-01-04,2026-01-07,Report Issue,Medium,In Progress,58,72,Within SLA,1.77,0,Risk
REQ003151,RPT0057,A007,2024-10-05,2024-10-07,New Report,Medium,Completed,48,72,Within SLA,5.99,1,Client Services
REQ003152,RPT0088,A015,2026-07-27,2026-07-27,Access Request,High,Completed,9,48,Within SLA,2.56,1,Client Services
REQ003153,RPT0094,A003,2026-04-10,2026-04-12,New Report,Medium,Completed,66,72,Within SLA,0.5,1,Human Resources
REQ003154,RPT0100,A021,2024-10-29,2024-10-31,Change Request,Low,Completed,60,120,Within SLA,2.55,0,Technology
REQ003155,RPT0028,A024,2026-01-09,2026-01-11,Report Issue,High,Completed,39,48,Within SLA,1.6,0,Sales
REQ003156,RPT0098,A013,2025-11-09,2025-11-12,Report Issue,Medium,Completed,50,72,Within SLA,1.06,0,Finance
REQ003157,RPT0027,A009,2025-02-17,2025-02-17,Change Request,Medium,Completed,12,72,Within SLA,1.4,1,Technology
REQ003158,RPT0093,A005,2025-10-10,2025-10-11,Report Issue,Medium,In Progress,31,72,Within SLA,3.58,0,Compliance
REQ003159,RPT0086,A005,2026-03-17,2026-03-18,Access Request,Medium,Completed,16,72,Within SLA,8.42,2,Client Services
REQ003160,RPT0008,A004,2026-03-05,2026-03-11,Change Request,Low,Pending,128,120,Breached,4.13,0,Legal
REQ003161,RPT0047,A008,2026-06-12,2026-06-14,Data Correction,Low,Completed,54,120,Within SLA,2.17,0,Risk
REQ003162,RPT0067,A004,2026-08-18,2026-08-19,New Report,High,In Progress,12,48,Within SLA,4.57,1,Technology
REQ003163,RPT0012,A021,2024-09-18,2024-09-20,Change Request,Medium,Completed,46,72,Within SLA,2.41,1,Client Services
REQ003164,RPT0040,A021,2026-07-31,2026-08-01,Change Request,High,Completed,37,48,Within SLA,2.04,1,Client Services
REQ003165,RPT0090,A023,2026-08-06,2026-08-07,Access Request,Medium,Completed,13,72,Within SLA,1.48,0,Operations
REQ003166,RPT0047,A001,2025-01-03,2025-01-05,New Report,Critical,Pending,32,24,Breached,0.97,0,Legal
REQ003167,RPT0015,A025,2025-07-11,2025-07-16,Report Enhancement,Medium,Completed,123,72,Breached,2.53,0,Operations
REQ003168,RPT0078,A016,2026-07-07,2026-07-08,Report Enhancement,Medium,Completed,35,72,Within SLA,3.71,0,Risk
REQ003169,RPT0064,A003,2026-06-02,2026-06-07,Report Enhancement,Medium,Completed,128,72,Breached,3.1,0,Compliance
REQ003170,RPT0065,A014,2025-01-04,2025-01-05,Access Request,Medium,In Progress,19,72,Within SLA,2.48,1,Risk
REQ003171,RPT0049,A025,2026-08-16,2026-08-21,Access Request,Low,Completed,111,120,Within SLA,1.71,1,Client Services
REQ003172,RPT0026,A018,2026-08-05,2026-08-08,Report Enhancement,Low,Completed,70,120,Within SLA,5.08,0,Legal
REQ003173,RPT0088,A021,2024-09-18,2024-09-18,Access Request,High,Pending,10,48,Within SLA,1.32,0,Sales
REQ003174,RPT0023,A016,2026-06-01,2026-06-02,Report Issue,Medium,Completed,31,72,Within SLA,5.72,2,Technology
REQ003175,RPT0013,A022,2025-06-25,2025-06-27,Change Request,High,Completed,45,48,Within SLA,1.65,0,Sales
REQ003176,RPT0077,A013,2026-04-25,2026-04-25,Change Request,Medium,Completed,23,72,Within SLA,1.96,0,Legal
REQ003177,RPT0033,A013,2025-09-09,2025-09-11,Report Issue,Medium,Pending,38,72,Within SLA,1.19,0,Human Resources
REQ003178,RPT0003,A007,2025-01-12,2025-01-14,Access Request,Medium,Completed,49,72,Within SLA,2.34,0,Technology
REQ003179,RPT0088,A020,2026-08-18,2026-08-20,Report Enhancement,Medium,Cancelled,48,72,Within SLA,6.57,0,Compliance
REQ003180,RPT0024,A024,2026-03-25,2026-03-26,Access Request,High,In Progress,13,48,Within SLA,4.76,1,Risk
REQ003181,RPT0008,A013,2026-06-29,2026-06-30,Report Issue,Critical,Completed,23,24,Within SLA,6.59,0,Human Resources
REQ003182,RPT0019,A019,2026-08-10,2026-08-19,Report Enhancement,Low,Completed,228,120,Breached,4.79,3,Operations
REQ003183,RPT0067,A007,2025-04-02,2025-04-04,New Report,Medium,Completed,44,72,Within SLA,1.53,0,Finance
REQ003184,RPT0084,A002,2026-07-02,2026-07-05,New Report,Medium,Completed,49,72,Within SLA,2.63,3,Client Services
REQ003185,RPT0084,A009,2024-09-19,2024-09-21,Data Correction,Medium,Completed,58,72,Within SLA,1.92,1,Client Services
REQ003186,RPT0018,A004,2024-08-28,2024-09-01,Data Correction,Medium,Completed,100,72,Breached,8.43,3,Client Services
REQ003187,RPT0046,A017,2025-04-09,2025-04-12,New Report,Low,Completed,76,120,Within SLA,1.44,4,Operations
REQ003188,RPT0010,A016,2025-11-05,2025-11-08,Report Enhancement,Medium,In Progress,72,72,Within SLA,6.21,0,Compliance
REQ003189,RPT0053,A007,2025-12-02,2025-12-03,Report Issue,High,Pending,28,48,Within SLA,6.2,0,Operations
REQ003190,RPT0023,A024,2024-11-12,2024-11-13,Change Request,Medium,Cancelled,35,72,Within SLA,11.95,0,Technology
REQ003191,RPT0065,A003,2026-08-12,2026-08-13,New Report,Medium,Completed,38,72,Within SLA,2.49,2,Operations
REQ003192,RPT0007,A013,2025-05-08,2025-05-10,Report Enhancement,High,Completed,45,48,Within SLA,5.47,2,Legal
REQ003193,RPT0010,A014,2025-03-30,2025-03-31,Change Request,Medium,Completed,25,72,Within SLA,16.4,0,Client Services
REQ003194,RPT0089,A007,2025-08-08,2025-08-12,Data Correction,Low,In Progress,90,120,Within SLA,2.15,2,Technology
REQ003195,RPT0035,A019,2026-01-01,2026-01-02,New Report,High,Completed,38,48,Within SLA,1.13,0,Finance
REQ003196,RPT0077,A012,2025-10-17,2025-10-17,New Report,Medium,Completed,15,72,Within SLA,0.89,1,Sales
REQ003197,RPT0106,A008,2025-10-02,2025-10-03,Data Correction,Medium,Completed,26,72,Within SLA,5.47,0,Legal
REQ003198,RPT0019,A011,2025-09-08,2025-09-13,New Report,Low,Pending,117,120,Within SLA,0.89,1,Human Resources
REQ003199,RPT0042,A018,2026-07-12,2026-07-15,New Report,Medium,Completed,65,72,Within SLA,2.56,1,Operations
REQ003200,RPT0115,A006,2026-08-20,2026-08-21,Report Issue,High,Cancelled,24,48,Within SLA,4.51,2,Operations
REQ003201,RPT0070,A013,2024-12-03,2024-12-03,Report Issue,Critical,In Progress,14,24,Within SLA,3.78,0,Compliance
REQ003202,RPT0072,A009,2026-06-13,2026-06-13,Report Enhancement,Medium,Completed,18,72,Within SLA,4.47,1,Human Resources
REQ003203,RPT0099,A016,2025-09-16,2025-09-17,Change Request,Low,Completed,30,120,Within SLA,3.88,0,Technology
REQ003204,RPT0085,A010,2025-08-19,2025-08-28,Report Enhancement,Medium,Completed,204,72,Breached,8.13,0,Human Resources
REQ003205,RPT0096,A020,2025-03-20,2025-03-22,Report Enhancement,Medium,Completed,29,72,Within SLA,1.7,0,Risk
REQ003206,RPT0119,A003,2025-01-17,2025-01-19,Report Issue,Low,Completed,48,120,Within SLA,2.07,3,Technology
REQ003207,RPT0025,A014,2026-05-11,2026-05-12,Access Request,Medium,Completed,25,72,Within SLA,1.93,1,Client Services
REQ003208,RPT0002,A023,2024-11-16,2024-11-18,New Report,Medium,Completed,42,72,Within SLA,5.94,1,Risk
REQ003209,RPT0013,A023,2025-05-04,2025-05-06,Data Correction,Low,Completed,45,120,Within SLA,6.24,3,Legal
REQ003210,RPT0094,A008,2024-12-25,2024-12-28,Report Issue,Low,Pending,76,120,Within SLA,4.55,0,Technology
REQ003211,RPT0040,A010,2026-03-11,2026-03-14,Data Correction,Medium,Completed,69,72,Within SLA,7.6,1,Sales
REQ003212,RPT0086,A001,2025-08-12,2025-08-15,Change Request,Medium,Cancelled,67,72,Within SLA,1.46,0,Risk
REQ003213,RPT0040,A015,2026-01-06,2026-01-09,Report Issue,Medium,Pending,60,72,Within SLA,10.67,1,Technology
REQ003214,RPT0085,A003,2025-03-08,2025-03-09,Data Correction,High,Pending,15,48,Within SLA,9.64,0,Human Resources
REQ003215,RPT0045,A007,2026-03-02,2026-03-02,Access Request,Critical,Completed,20,24,Within SLA,5.56,0,Legal
REQ003216,RPT0018,A010,2025-01-12,2025-01-17,Report Enhancement,High,Pending,111,48,Breached,11.56,2,Human Resources
REQ003217,RPT0111,A003,2024-08-31,2024-09-02,New Report,Medium,Completed,44,72,Within SLA,1.04,0,Operations
REQ003218,RPT0074,A019,2026-03-16,2026-03-17,New Report,Medium,Completed,32,72,Within SLA,2.3,0,Risk
REQ003219,RPT0075,A022,2025-05-09,2025-05-11,New Report,Medium,Completed,42,72,Within SLA,1.98,0,Technology
REQ003220,RPT0012,A019,2026-04-27,2026-04-30,Report Enhancement,Low,Completed,68,120,Within SLA,5.5,0,Sales
REQ003221,RPT0087,A001,2025-04-07,2025-04-08,New Report,High,Completed,42,48,Within SLA,1.59,0,Compliance
REQ003222,RPT0087,A006,2025-11-05,2025-11-06,Data Correction,Low,In Progress,43,120,Within SLA,5.64,0,Legal
REQ003223,RPT0069,A020,2026-01-26,2026-01-28,Report Issue,Low,Completed,49,120,Within SLA,8.67,1,Compliance
REQ003224,RPT0049,A014,2026-04-01,2026-04-01,Change Request,Medium,Completed,18,72,Within SLA,5.4,1,Sales
REQ003225,RPT0032,A024,2025-01-18,2025-01-20,Report Issue,Low,Completed,70,120,Within SLA,4.05,0,Legal
REQ003226,RPT0058,A009,2025-01-04,2025-01-05,Change Request,Medium,Completed,20,72,Within SLA,1.66,0,Compliance
REQ003227,RPT0072,A021,2025-12-08,2025-12-09,Data Correction,High,Completed,30,48,Within SLA,1.84,1,Legal
REQ003228,RPT0032,A019,2026-06-16,2026-06-17,Report Enhancement,Critical,Completed,17,24,Within SLA,7.96,2,Technology
REQ003229,RPT0108,A016,2025-12-30,2025-12-31,Report Enhancement,High,Completed,28,48,Within SLA,5.73,1,Technology
REQ003230,RPT0098,A019,2026-07-18,2026-07-22,Data Correction,Low,Completed,94,120,Within SLA,3.23,0,Human Resources
REQ003231,RPT0037,A024,2025-07-01,2025-07-05,Data Correction,Low,Completed,82,120,Within SLA,2.48,0,Technology
REQ003232,RPT0075,A009,2026-05-25,2026-05-26,Report Issue,Medium,Cancelled,39,72,Within SLA,0.8,0,Client Services
REQ003233,RPT0112,A014,2025-07-19,2025-07-21,New Report,Medium,Completed,56,72,Within SLA,1.57,1,Finance
REQ003234,RPT0034,A023,2025-09-25,2025-09-26,New Report,High,Completed,26,48,Within SLA,12.65,1,Client Services
REQ003235,RPT0001,A021,2025-05-02,2025-05-04,New Report,Medium,Completed,34,72,Within SLA,1.35,1,Human Resources
REQ003236,RPT0085,A010,2024-10-27,2024-11-02,New Report,Medium,Completed,144,72,Breached,3.79,0,Sales
REQ003237,RPT0048,A020,2025-06-28,2025-06-29,Report Enhancement,High,In Progress,21,48,Within SLA,6.72,0,Technology
REQ003238,RPT0003,A021,2026-01-22,2026-01-25,Report Enhancement,Medium,Completed,71,72,Within SLA,1.38,1,Human Resources
REQ003239,RPT0040,A002,2024-11-03,2024-11-05,Access Request,Medium,In Progress,62,72,Within SLA,3.78,0,Risk
REQ003240,RPT0061,A023,2025-01-11,2025-01-12,Report Issue,High,Completed,19,48,Within SLA,6.4,0,Legal
REQ003241,RPT0043,A002,2024-12-08,2024-12-14,Report Enhancement,Low,Completed,162,120,Breached,3.35,2,Compliance
REQ003242,RPT0049,A010,2025-08-26,2025-08-28,Report Enhancement,Medium,In Progress,43,72,Within SLA,24.73,0,Legal
REQ003243,RPT0032,A025,2025-04-29,2025-04-30,New Report,Medium,In Progress,27,72,Within SLA,1.03,0,Technology
REQ003244,RPT0003,A024,2026-08-17,2026-08-18,Report Enhancement,High,In Progress,20,48,Within SLA,6.97,0,Operations
REQ003245,RPT0077,A011,2025-03-01,2025-03-02,New Report,High,Pending,17,48,Within SLA,2.94,1,Operations
REQ003246,RPT0048,A005,2024-08-26,2024-08-27,Report Enhancement,Medium,Completed,30,72,Within SLA,5.7,0,Client Services
REQ003247,RPT0054,A005,2025-03-11,2025-03-15,Access Request,Medium,Completed,84,72,Breached,4.52,0,Finance
REQ003248,RPT0077,A009,2025-06-14,2025-06-16,Change Request,High,Completed,27,48,Within SLA,1.99,0,Technology
REQ003249,RPT0087,A005,2025-02-19,2025-02-20,Report Enhancement,High,Completed,23,48,Within SLA,3.9,0,Compliance
REQ003250,RPT0116,A002,2025-08-02,2025-08-03,Change Request,Medium,In Progress,17,72,Within SLA,0.9,2,Client Services
REQ003251,RPT0060,A014,2026-03-29,2026-03-30,Change Request,High,Pending,27,48,Within SLA,5.06,0,Risk
REQ003252,RPT0041,A023,2025-03-16,2025-03-17,Report Issue,Medium,Completed,27,72,Within SLA,4.09,0,Finance
REQ003253,RPT0064,A009,2025-05-04,2025-05-06,Report Enhancement,Medium,Pending,70,72,Within SLA,5.19,0,Client Services
REQ003254,RPT0065,A023,2025-04-12,2025-04-14,Data Correction,Medium,In Progress,53,72,Within SLA,6.96,0,Human Resources
REQ003255,RPT0113,A001,2025-11-16,2025-11-18,Change Request,Medium,Pending,40,72,Within SLA,4.29,1,Compliance
REQ003256,RPT0020,A001,2026-03-05,2026-03-07,Access Request,Medium,Completed,42,72,Within SLA,3.68,0,Client Services
REQ003257,RPT0012,A003,2025-11-08,2025-11-11,Access Request,Medium,Completed,50,72,Within SLA,1.79,0,Human Resources
REQ003258,RPT0005,A021,2024-08-29,2024-09-02,Access Request,High,In Progress,84,48,Breached,2.02,0,Finance
REQ003259,RPT0065,A005,2025-03-12,2025-03-13,Report Enhancement,High,In Progress,34,48,Within SLA,7.62,0,Compliance
REQ003260,RPT0043,A021,2026-01-10,2026-01-11,Report Issue,Medium,Completed,27,72,Within SLA,9.07,3,Technology
REQ003261,RPT0053,A014,2025-05-27,2025-05-29,Data Correction,Low,Cancelled,49,120,Within SLA,2.81,0,Finance
REQ003262,RPT0004,A019,2026-02-10,2026-02-15,Report Issue,Medium,Pending,120,72,Breached,3.43,0,Operations
REQ003263,RPT0047,A014,2025-02-20,2025-02-23,New Report,Low,Completed,63,120,Within SLA,1.76,1,Operations
REQ003264,RPT0107,A011,2024-10-08,2024-10-10,New Report,Medium,In Progress,44,72,Within SLA,7.55,1,Operations
REQ003265,RPT0058,A009,2026-01-21,2026-01-23,New Report,Medium,In Progress,32,72,Within SLA,5.29,1,Technology
REQ003266,RPT0066,A021,2024-11-20,2024-11-24,Access Request,Low,In Progress,84,120,Within SLA,12.92,3,Technology
REQ003267,RPT0052,A022,2025-08-17,2025-08-19,Report Enhancement,Medium,Completed,58,72,Within SLA,1.8,1,Technology
REQ003268,RPT0048,A013,2025-04-16,2025-04-16,Report Enhancement,High,In Progress,9,48,Within SLA,2.55,1,Human Resources
REQ003269,RPT0022,A023,2024-12-23,2024-12-25,Report Enhancement,Medium,Completed,53,72,Within SLA,3.9,0,Compliance
REQ003270,RPT0117,A010,2025-07-01,2025-07-05,Report Issue,Low,In Progress,97,120,Within SLA,5.22,0,Finance
REQ003271,RPT0118,A005,2026-02-04,2026-02-06,Data Correction,Medium,Completed,27,72,Within SLA,2.85,0,Operations
REQ003272,RPT0040,A016,2025-09-15,2025-09-16,Data Correction,Low,Completed,35,120,Within SLA,1.8,0,Sales
REQ003273,RPT0094,A024,2026-08-08,2026-08-09,Access Request,High,Completed,45,48,Within SLA,6.15,0,Legal
REQ003274,RPT0042,A020,2026-07-17,2026-07-19,Data Correction,Low,Completed,62,120,Within SLA,5.5,0,Sales
REQ003275,RPT0093,A008,2026-07-11,2026-07-16,Data Correction,Low,Pending,119,120,Within SLA,1.75,0,Legal
REQ003276,RPT0090,A025,2026-02-18,2026-02-19,Access Request,Medium,Pending,17,72,Within SLA,8.57,1,Technology
REQ003277,RPT0012,A007,2026-04-10,2026-04-12,Access Request,Medium,Pending,43,72,Within SLA,7.53,0,Human Resources
REQ003278,RPT0035,A014,2025-04-19,2025-04-20,New Report,Medium,Completed,21,72,Within SLA,3.65,0,Human Resources
REQ003279,RPT0047,A021,2026-02-08,2026-02-10,Report Enhancement,High,Completed,47,48,Within SLA,3.51,1,Risk
REQ003280,RPT0080,A002,2024-11-20,2024-11-22,Report Issue,Low,Completed,65,120,Within SLA,4.89,1,Legal
REQ003281,RPT0071,A013,2025-12-30,2025-12-30,Data Correction,High,In Progress,12,48,Within SLA,1.82,3,Human Resources
REQ003282,RPT0080,A006,2026-08-02,2026-08-03,Data Correction,High,Pending,15,48,Within SLA,3.39,0,Compliance
REQ003283,RPT0074,A003,2025-04-07,2025-04-11,Report Enhancement,Low,Pending,99,120,Within SLA,0.74,0,Legal
REQ003284,RPT0034,A013,2025-06-02,2025-06-03,Report Issue,High,In Progress,20,48,Within SLA,6.13,0,Compliance
REQ003285,RPT0089,A020,2025-12-11,2025-12-13,Data Correction,Low,Completed,46,120,Within SLA,1.11,0,Human Resources
REQ003286,RPT0095,A004,2025-02-08,2025-02-11,Report Enhancement,Medium,Pending,60,72,Within SLA,9.51,2,Risk
REQ003287,RPT0012,A010,2025-02-07,2025-02-10,New Report,Medium,Completed,69,72,Within SLA,2.64,0,Technology
REQ003288,RPT0007,A003,2024-12-02,2024-12-07,New Report,Low,Completed,106,120,Within SLA,2.86,0,Human Resources
REQ003289,RPT0069,A003,2025-08-27,2025-08-30,Change Request,Low,Completed,63,120,Within SLA,2.14,0,Operations
REQ003290,RPT0085,A025,2024-12-17,2024-12-19,New Report,Medium,Pending,38,72,Within SLA,2.71,0,Human Resources
REQ003291,RPT0040,A011,2025-08-09,2025-08-11,Data Correction,Medium,In Progress,57,72,Within SLA,8.96,1,Sales
REQ003292,RPT0053,A020,2026-03-24,2026-03-25,New Report,High,In Progress,19,48,Within SLA,0.58,0,Sales
REQ003293,RPT0103,A004,2025-12-04,2025-12-22,Data Correction,Low,Completed,444,120,Breached,8.12,2,Finance
REQ003294,RPT0079,A003,2025-06-07,2025-06-07,Access Request,Critical,Pending,14,24,Within SLA,4.21,0,Finance
REQ003295,RPT0033,A005,2025-07-10,2025-07-11,New Report,High,Pending,41,48,Within SLA,1.43,0,Operations
REQ003296,RPT0011,A021,2026-02-17,2026-02-19,Access Request,Medium,Completed,44,72,Within SLA,1.56,0,Client Services
REQ003297,RPT0049,A005,2025-10-21,2025-10-22,Data Correction,High,Completed,32,48,Within SLA,10.73,1,Finance
REQ003298,RPT0096,A001,2026-07-30,2026-08-04,Report Enhancement,Low,Completed,97,120,Within SLA,1.71,1,Finance
REQ003299,RPT0082,A012,2025-08-21,2025-08-24,Data Correction,Medium,Completed,63,72,Within SLA,1.48,3,Client Services
REQ003300,RPT0004,A002,2026-04-01,2026-04-04,Change Request,High,Completed,74,48,Breached,7.36,0,Client Services
REQ003301,RPT0016,A005,2025-10-12,2025-10-17,Data Correction,Medium,Completed,118,72,Breached,4.21,1,Human Resources
REQ003302,RPT0066,A021,2026-05-05,2026-05-08,New Report,Medium,Completed,57,72,Within SLA,1.72,0,Finance
REQ003303,RPT0006,A010,2026-01-18,2026-01-20,Report Issue,High,Pending,41,48,Within SLA,3.86,2,Legal
REQ003304,RPT0046,A010,2026-05-24,2026-05-26,New Report,Low,Pending,47,120,Within SLA,1.62,0,Client Services
REQ003305,RPT0006,A023,2025-02-06,2025-02-08,Data Correction,Medium,Pending,56,72,Within SLA,7.17,3,Finance
REQ003306,RPT0089,A009,2026-04-04,2026-04-06,Data Correction,High,Completed,45,48,Within SLA,6.98,0,Compliance
REQ003307,RPT0018,A008,2025-03-01,2025-03-05,New Report,Low,Completed,104,120,Within SLA,4.82,0,Legal
REQ003308,RPT0045,A014,2026-01-31,2026-02-02,Report Enhancement,Medium,Completed,44,72,Within SLA,4.28,2,Compliance
REQ003309,RPT0119,A005,2026-03-30,2026-03-31,New Report,Low,In Progress,30,120,Within SLA,11.39,0,Finance
REQ003310,RPT0036,A016,2025-11-26,2025-11-27,New Report,Critical,In Progress,8,24,Within SLA,3.32,0,Sales
REQ003311,RPT0028,A017,2026-06-30,2026-06-30,Report Issue,High,Pending,13,48,Within SLA,1.45,1,Finance
REQ003312,RPT0076,A025,2026-04-24,2026-04-26,Change Request,Medium,In Progress,58,72,Within SLA,4.55,4,Human Resources
REQ003313,RPT0076,A023,2024-10-23,2024-10-28,Report Issue,Low,Completed,115,120,Within SLA,14.3,0,Operations
REQ003314,RPT0057,A005,2025-10-03,2025-10-03,Data Correction,Medium,Completed,15,72,Within SLA,1.63,0,Legal
REQ003315,RPT0008,A019,2025-08-03,2025-08-05,Change Request,Medium,Pending,59,72,Within SLA,2.58,0,Human Resources
REQ003316,RPT0033,A017,2025-10-05,2025-10-08,Report Issue,Low,In Progress,74,120,Within SLA,4.44,2,Legal
REQ003317,RPT0089,A022,2026-02-18,2026-02-20,Access Request,High,Completed,34,48,Within SLA,3.2,0,Risk
REQ003318,RPT0021,A017,2025-05-29,2025-05-30,Report Enhancement,High,Completed,42,48,Within SLA,1.67,2,Risk
REQ003319,RPT0048,A007,2024-10-20,2024-10-25,Report Issue,Medium,Completed,120,72,Breached,7.28,0,Finance
REQ003320,RPT0107,A014,2026-08-03,2026-08-04,Access Request,High,Completed,35,48,Within SLA,16.84,0,Client Services
REQ003321,RPT0103,A018,2025-11-02,2025-11-04,Access Request,Medium,Completed,51,72,Within SLA,3.81,0,Compliance
REQ003322,RPT0043,A005,2024-11-16,2024-11-16,Access Request,Critical,In Progress,20,24,Within SLA,1.76,1,Operations
REQ003323,RPT0088,A023,2024-10-07,2024-10-10,Change Request,Medium,Completed,72,72,Within SLA,1.12,2,Human Resources
REQ003324,RPT0091,A015,2026-05-26,2026-05-29,Report Enhancement,Medium,Pending,56,72,Within SLA,3.98,0,Sales
REQ003325,RPT0088,A006,2025-10-20,2025-10-21,New Report,Critical,Completed,22,24,Within SLA,7.19,0,Technology
REQ003326,RPT0080,A016,2026-07-23,2026-07-25,Access Request,Medium,Completed,59,72,Within SLA,4.63,1,Technology
REQ003327,RPT0099,A012,2025-09-17,2025-09-19,Data Correction,Medium,Completed,38,72,Within SLA,3.31,0,Technology
REQ003328,RPT0120,A024,2025-01-25,2025-01-26,Data Correction,High,Completed,36,48,Within SLA,2.2,0,Finance
REQ003329,RPT0107,A004,2025-11-08,2025-11-11,New Report,Medium,Completed,59,72,Within SLA,1.55,0,Technology
REQ003330,RPT0020,A006,2025-10-11,2025-10-13,Change Request,High,Completed,28,48,Within SLA,5.96,1,Sales
REQ003331,RPT0099,A022,2024-12-15,2024-12-19,Change Request,Low,Completed,93,120,Within SLA,6.29,0,Risk
REQ003332,RPT0056,A021,2024-12-26,2024-12-28,Access Request,Medium,Completed,48,72,Within SLA,1.13,1,Finance
REQ003333,RPT0026,A010,2025-05-02,2025-05-03,New Report,High,Pending,10,48,Within SLA,10.1,1,Legal
REQ003334,RPT0102,A017,2026-06-15,2026-06-17,New Report,Low,Pending,52,120,Within SLA,4.96,0,Technology
REQ003335,RPT0113,A001,2025-09-29,2025-09-29,Access Request,Critical,Completed,13,24,Within SLA,8.84,0,Human Resources
REQ003336,RPT0110,A009,2025-07-30,2025-07-30,Change Request,Medium,Pending,14,72,Within SLA,1.3,0,Technology
REQ003337,RPT0051,A023,2024-11-19,2024-11-19,Report Issue,High,Completed,11,48,Within SLA,1.28,1,Sales
REQ003338,RPT0045,A014,2026-01-31,2026-02-02,Report Enhancement,Medium,Completed,56,72,Within SLA,2.99,0,Client Services
REQ003339,RPT0022,A003,2025-01-27,2025-01-30,Report Issue,Medium,In Progress,63,72,Within SLA,4.72,1,Human Resources
REQ003340,RPT0087,A016,2026-02-28,2026-03-01,Data Correction,High,Pending,21,48,Within SLA,11.68,2,Client Services
REQ003341,RPT0054,A009,2025-11-16,2025-11-17,Data Correction,High,Completed,13,48,Within SLA,5.44,0,Compliance
REQ003342,RPT0001,A015,2025-09-04,2025-09-06,Report Enhancement,Medium,Completed,44,72,Within SLA,2.8,1,Legal
REQ003343,RPT0101,A019,2024-10-30,2024-11-01,Report Enhancement,High,Completed,38,48,Within SLA,1.62,0,Operations
REQ003344,RPT0087,A023,2026-07-20,2026-07-21,Report Enhancement,Medium,Completed,35,72,Within SLA,7.85,0,Sales
REQ003345,RPT0055,A009,2025-09-21,2025-09-23,Data Correction,Low,Completed,45,120,Within SLA,1.69,1,Legal
REQ003346,RPT0085,A019,2025-08-02,2025-08-03,Change Request,Medium,In Progress,27,72,Within SLA,10.38,1,Client Services
REQ003347,RPT0005,A016,2026-05-11,2026-05-12,Data Correction,Medium,Completed,36,72,Within SLA,2.72,1,Finance
REQ003348,RPT0082,A010,2024-10-03,2024-10-04,Data Correction,Medium,In Progress,28,72,Within SLA,10.11,1,Compliance
REQ003349,RPT0073,A006,2025-08-08,2025-08-08,Access Request,Medium,In Progress,18,72,Within SLA,5.34,0,Risk
REQ003350,RPT0052,A023,2024-12-01,2024-12-05,Report Issue,Low,Completed,102,120,Within SLA,3.02,0,Compliance
REQ003351,RPT0007,A022,2025-09-23,2025-09-24,Data Correction,High,Completed,31,48,Within SLA,2.31,0,Finance
REQ003352,RPT0099,A010,2025-07-09,2025-07-12,New Report,Low,Completed,56,120,Within SLA,2.62,2,Sales
REQ003353,RPT0018,A006,2025-08-10,2025-08-13,Change Request,Medium,Pending,54,72,Within SLA,4.48,0,Human Resources
REQ003354,RPT0035,A021,2025-11-02,2025-11-03,Data Correction,Medium,Completed,37,72,Within SLA,3.5,0,Client Services
REQ003355,RPT0086,A011,2024-10-04,2024-10-09,Data Correction,Low,Completed,107,120,Within SLA,2.19,0,Risk
REQ003356,RPT0100,A022,2025-10-29,2025-10-30,Change Request,High,Completed,31,48,Within SLA,2.96,0,Human Resources
REQ003357,RPT0084,A014,2025-08-15,2025-08-16,Access Request,High,Completed,39,48,Within SLA,3.51,0,Technology
REQ003358,RPT0082,A004,2026-01-25,2026-01-29,New Report,Low,Pending,91,120,Within SLA,0.75,0,Compliance
REQ003359,RPT0039,A015,2026-05-09,2026-05-14,Access Request,Low,Completed,118,120,Within SLA,4.58,3,Finance
REQ003360,RPT0057,A021,2025-04-17,2025-04-20,Data Correction,Low,Completed,75,120,Within SLA,1.67,4,Operations
REQ003361,RPT0106,A023,2026-03-05,2026-03-07,Data Correction,High,Completed,45,48,Within SLA,1.48,2,Compliance
REQ003362,RPT0067,A023,2024-09-06,2024-09-09,Data Correction,Low,Completed,64,120,Within SLA,1.02,4,Compliance
REQ003363,RPT0078,A013,2025-06-24,2025-06-28,Access Request,High,Completed,99,48,Breached,0.95,0,Operations
REQ003364,RPT0057,A024,2025-03-06,2025-03-15,New Report,Low,Completed,220,120,Breached,1.29,1,Finance
REQ003365,RPT0056,A023,2026-05-17,2026-05-18,Access Request,Medium,In Progress,29,72,Within SLA,2.02,0,Risk
REQ003366,RPT0096,A012,2024-08-23,2024-08-24,Report Enhancement,Medium,In Progress,37,72,Within SLA,13.03,0,Compliance
REQ003367,RPT0032,A012,2026-03-23,2026-03-25,Report Issue,Medium,In Progress,49,72,Within SLA,2.3,0,Compliance
REQ003368,RPT0068,A020,2025-02-06,2025-02-09,Access Request,Medium,Completed,68,72,Within SLA,3.76,0,Technology
REQ003369,RPT0100,A003,2025-11-13,2025-11-14,New Report,Medium,Completed,20,72,Within SLA,4.39,0,Compliance
REQ003370,RPT0025,A002,2024-10-16,2024-10-17,Change Request,High,Pending,20,48,Within SLA,3.64,0,Client Services
REQ003371,RPT0087,A008,2024-09-25,2024-09-29,Data Correction,Low,Completed,102,120,Within SLA,3.14,0,Human Resources
REQ003372,RPT0009,A023,2025-07-16,2025-07-17,Access Request,High,In Progress,34,48,Within SLA,1.44,2,Sales
REQ003373,RPT0087,A024,2025-05-15,2025-05-17,Report Enhancement,Critical,Completed,46,24,Breached,9.17,2,Compliance
REQ003374,RPT0106,A001,2026-02-16,2026-02-17,Data Correction,High,Completed,31,48,Within SLA,11.76,0,Legal
REQ003375,RPT0061,A019,2024-10-09,2024-10-10,Change Request,Critical,Completed,23,24,Within SLA,1.02,2,Sales
REQ003376,RPT0055,A019,2025-10-15,2025-10-17,Report Issue,High,Completed,40,48,Within SLA,1.62,0,Operations
REQ003377,RPT0034,A021,2024-10-06,2024-10-07,New Report,High,In Progress,20,48,Within SLA,2.73,0,Risk
REQ003378,RPT0102,A021,2026-08-16,2026-08-17,Data Correction,High,Pending,13,48,Within SLA,1.69,1,Legal
REQ003379,RPT0051,A025,2026-07-16,2026-07-17,Report Enhancement,High,Completed,29,48,Within SLA,4.73,2,Human Resources
REQ003380,RPT0028,A006,2024-10-13,2024-10-14,Access Request,Critical,Completed,10,24,Within SLA,1.99,0,Human Resources
REQ003381,RPT0089,A018,2026-08-16,2026-08-17,Report Issue,High,Completed,24,48,Within SLA,15.11,1,Human Resources
REQ003382,RPT0044,A005,2025-08-22,2025-08-24,New Report,Low,Pending,48,120,Within SLA,7.64,0,Finance
REQ003383,RPT0108,A024,2024-09-14,2024-09-22,Change Request,Medium,Completed,184,72,Breached,3.85,0,Technology
REQ003384,RPT0011,A009,2025-03-31,2025-04-03,Report Enhancement,Medium,Completed,61,72,Within SLA,6.81,2,Technology
REQ003385,RPT0026,A008,2025-07-04,2025-07-05,Report Issue,Low,Completed,33,120,Within SLA,7.2,0,Human Resources
REQ003386,RPT0027,A013,2025-01-07,2025-01-08,Data Correction,Critical,Pending,5,24,Within SLA,2.24,0,Finance
REQ003387,RPT0062,A002,2026-04-10,2026-04-13,Change Request,Low,Completed,74,120,Within SLA,1.88,0,Finance
REQ003388,RPT0060,A013,2024-12-04,2024-12-04,Access Request,Medium,Completed,18,72,Within SLA,3.51,0,Risk
REQ003389,RPT0009,A021,2026-04-07,2026-04-09,Report Issue,Medium,Completed,38,72,Within SLA,6.07,1,Technology
REQ003390,RPT0067,A013,2026-01-01,2026-01-01,Change Request,Critical,Completed,3,24,Within SLA,3.66,0,Legal
REQ003391,RPT0029,A022,2026-03-10,2026-03-11,New Report,Medium,Completed,36,72,Within SLA,1.1,0,Risk
REQ003392,RPT0039,A004,2026-01-04,2026-01-06,Access Request,High,In Progress,33,48,Within SLA,1.89,0,Operations
REQ003393,RPT0003,A013,2025-07-13,2025-07-18,Access Request,Low,In Progress,111,120,Within SLA,3.15,1,Sales
REQ003394,RPT0030,A010,2025-06-07,2025-06-12,Report Enhancement,Low,Completed,114,120,Within SLA,3.15,1,Risk
REQ003395,RPT0071,A003,2026-07-14,2026-07-16,Data Correction,High,Cancelled,46,48,Within SLA,13.21,0,Human Resources
REQ003396,RPT0002,A015,2025-06-14,2025-06-19,Report Enhancement,Medium,Completed,138,72,Breached,1.26,0,Sales
REQ003397,RPT0051,A024,2025-08-04,2025-08-08,Change Request,Low,Completed,110,120,Within SLA,4.73,1,Risk
REQ003398,RPT0095,A025,2026-06-27,2026-06-27,Data Correction,Critical,Completed,4,24,Within SLA,9.42,0,Finance
REQ003399,RPT0108,A020,2026-08-03,2026-08-04,Report Enhancement,High,Completed,25,48,Within SLA,16.28,0,Compliance
REQ003400,RPT0025,A022,2026-07-26,2026-07-27,Change Request,High,Completed,22,48,Within SLA,2.5,2,Operations
REQ003401,RPT0062,A010,2025-06-10,2025-06-13,New Report,Medium,Completed,68,72,Within SLA,4.68,2,Human Resources
REQ003402,RPT0113,A006,2025-06-08,2025-06-11,Data Correction,Medium,Completed,56,72,Within SLA,4.95,0,Operations
REQ003403,RPT0025,A003,2024-10-22,2024-10-23,Data Correction,Low,Pending,35,120,Within SLA,3.81,0,Human Resources
REQ003404,RPT0120,A008,2026-02-02,2026-02-04,Data Correction,Medium,Completed,57,72,Within SLA,3.1,1,Human Resources
REQ003405,RPT0025,A002,2026-01-17,2026-01-22,Report Enhancement,Medium,Completed,129,72,Breached,4.5,1,Human Resources
REQ003406,RPT0033,A023,2026-07-01,2026-07-04,Access Request,Medium,Pending,69,72,Within SLA,0.56,0,Technology
REQ003407,RPT0082,A021,2025-10-13,2025-10-15,New Report,Medium,Cancelled,28,72,Within SLA,5.35,0,Legal
REQ003408,RPT0072,A015,2024-12-02,2024-12-03,Report Enhancement,Medium,Completed,36,72,Within SLA,3.63,0,Technology
REQ003409,RPT0040,A011,2026-01-10,2026-01-18,Access Request,Medium,In Progress,198,72,Breached,2.84,0,Client Services
REQ003410,RPT0006,A008,2026-06-20,2026-06-28,Report Issue,Medium,Pending,195,72,Breached,13.91,1,Compliance
REQ003411,RPT0043,A025,2025-05-18,2025-05-20,Change Request,Medium,In Progress,59,72,Within SLA,2.07,1,Client Services
REQ003412,RPT0069,A002,2024-11-21,2024-11-21,Data Correction,Critical,Completed,2,24,Within SLA,2.5,0,Sales
REQ003413,RPT0045,A013,2025-01-06,2025-01-07,Report Issue,High,Completed,21,48,Within SLA,13.38,0,Finance
REQ003414,RPT0075,A012,2025-10-12,2025-10-12,Data Correction,High,Completed,11,48,Within SLA,1.85,1,Sales
REQ003415,RPT0040,A015,2025-06-22,2025-06-25,Access Request,Medium,Completed,72,72,Within SLA,2.26,0,Human Resources
REQ003416,RPT0102,A015,2025-10-05,2025-10-07,Data Correction,Medium,Completed,33,72,Within SLA,3.0,0,Risk
REQ003417,RPT0088,A001,2024-11-27,2024-11-29,Change Request,Medium,Completed,30,72,Within SLA,5.98,0,Compliance
REQ003418,RPT0095,A014,2026-03-09,2026-03-13,Report Enhancement,Low,Completed,111,120,Within SLA,3.84,2,Finance
REQ003419,RPT0084,A023,2025-02-09,2025-02-12,Access Request,Medium,Completed,50,72,Within SLA,1.34,2,Technology
REQ003420,RPT0080,A025,2026-05-31,2026-06-03,New Report,Low,Completed,76,120,Within SLA,2.29,0,Client Services
REQ003421,RPT0027,A019,2024-08-23,2024-08-24,Access Request,High,Completed,31,48,Within SLA,2.17,1,Technology
REQ003422,RPT0098,A015,2026-03-31,2026-04-02,Change Request,Medium,Completed,49,72,Within SLA,3.15,1,Operations
REQ003423,RPT0016,A005,2024-09-07,2024-09-09,Report Issue,High,Completed,36,48,Within SLA,4.47,4,Legal
REQ003424,RPT0084,A006,2025-04-09,2025-04-20,Report Enhancement,Medium,Completed,248,72,Breached,4.45,3,Sales
REQ003425,RPT0076,A008,2025-08-15,2025-08-20,Change Request,Low,Completed,108,120,Within SLA,0.96,0,Sales
REQ003426,RPT0109,A013,2026-01-26,2026-01-28,Data Correction,Medium,In Progress,64,72,Within SLA,6.99,0,Sales
REQ003427,RPT0025,A011,2026-03-02,2026-03-05,Report Issue,Low,Pending,75,120,Within SLA,3.96,1,Client Services
REQ003428,RPT0065,A011,2025-10-17,2025-10-18,Report Enhancement,High,Completed,16,48,Within SLA,8.75,0,Compliance
REQ003429,RPT0068,A018,2025-07-16,2025-07-17,Access Request,High,Completed,32,48,Within SLA,4.53,0,Human Resources
REQ003430,RPT0075,A021,2025-10-08,2025-10-09,Data Correction,Medium,In Progress,33,72,Within SLA,7.18,0,Legal
REQ003431,RPT0001,A011,2025-06-11,2025-06-12,New Report,Medium,Completed,31,72,Within SLA,4.6,0,Compliance
REQ003432,RPT0062,A018,2026-05-22,2026-05-23,Access Request,Medium,Cancelled,20,72,Within SLA,8.52,2,Technology
REQ003433,RPT0006,A008,2025-02-15,2025-02-17,Report Enhancement,Medium,Cancelled,46,72,Within SLA,4.79,1,Risk
REQ003434,RPT0092,A011,2025-03-01,2025-03-08,Change Request,Low,Pending,170,120,Breached,3.1,1,Legal
REQ003435,RPT0070,A016,2025-08-13,2025-08-14,Access Request,Critical,Pending,20,24,Within SLA,16.29,1,Legal
REQ003436,RPT0010,A009,2025-05-16,2025-05-20,Access Request,Low,Pending,87,120,Within SLA,6.19,1,Risk
REQ003437,RPT0118,A022,2024-12-19,2024-12-20,Data Correction,Medium,In Progress,23,72,Within SLA,4.96,0,Technology
REQ003438,RPT0072,A017,2025-03-23,2025-03-24,Data Correction,Medium,Completed,27,72,Within SLA,1.36,0,Finance
REQ003439,RPT0044,A022,2025-01-14,2025-02-02,Access Request,Low,Completed,452,120,Breached,1.35,0,Operations
REQ003440,RPT0001,A003,2026-08-19,2026-08-19,Change Request,High,Completed,18,48,Within SLA,4.08,1,Client Services
REQ003441,RPT0080,A005,2026-07-01,2026-07-02,Data Correction,Medium,Pending,16,72,Within SLA,3.68,0,Operations
REQ003442,RPT0095,A001,2026-03-07,2026-03-11,New Report,High,Completed,102,48,Breached,2.16,0,Operations
REQ003443,RPT0106,A002,2026-04-07,2026-04-11,Data Correction,Low,In Progress,97,120,Within SLA,3.66,0,Compliance
REQ003444,RPT0070,A007,2024-11-16,2024-11-19,Report Issue,Medium,Completed,70,72,Within SLA,10.09,0,Compliance
REQ003445,RPT0089,A018,2024-09-15,2024-09-18,New Report,Medium,Completed,72,72,Within SLA,5.4,2,Compliance
REQ003446,RPT0043,A015,2026-05-11,2026-05-14,Access Request,Medium,Completed,78,72,Breached,1.49,2,Risk
REQ003447,RPT0065,A023,2026-01-15,2026-01-18,Change Request,Low,Completed,58,120,Within SLA,3.07,0,Operations
REQ003448,RPT0064,A020,2025-07-12,2025-07-15,Report Enhancement,Medium,Completed,70,72,Within SLA,1.89,1,Client Services
REQ003449,RPT0109,A018,2025-12-11,2025-12-17,Report Issue,Low,Completed,136,120,Breached,2.53,0,Risk
REQ003450,RPT0073,A015,2026-04-08,2026-04-08,Report Enhancement,High,Completed,23,48,Within SLA,2.49,0,Finance
REQ003451,RPT0021,A019,2026-08-18,2026-08-20,Data Correction,Medium,Pending,60,72,Within SLA,2.38,0,Operations
REQ003452,RPT0016,A003,2026-07-08,2026-07-11,Data Correction,Medium,Pending,70,72,Within SLA,1.38,0,Technology
REQ003453,RPT0003,A015,2026-07-12,2026-07-13,Change Request,High,Completed,13,48,Within SLA,3.04,0,Human Resources
REQ003454,RPT0039,A018,2024-09-02,2024-09-04,Access Request,Medium,Pending,62,72,Within SLA,2.24,2,Client Services
REQ003455,RPT0119,A018,2025-02-23,2025-02-24,Change Request,Medium,Completed,20,72,Within SLA,0.5,0,Compliance
REQ003456,RPT0118,A016,2025-01-28,2025-02-01,Report Issue,Low,Completed,97,120,Within SLA,13.97,3,Client Services
REQ003457,RPT0034,A010,2024-10-12,2024-10-13,Change Request,High,Completed,37,48,Within SLA,7.11,2,Compliance
REQ003458,RPT0060,A017,2024-11-07,2024-11-08,Report Issue,Medium,Completed,33,72,Within SLA,2.55,1,Client Services
REQ003459,RPT0052,A025,2025-11-25,2025-11-26,Change Request,Medium,Pending,35,72,Within SLA,3.36,0,Sales
REQ003460,RPT0074,A002,2024-09-16,2024-09-16,Change Request,High,Pending,10,48,Within SLA,1.46,1,Compliance
REQ003461,RPT0054,A002,2025-08-02,2025-08-06,Data Correction,High,Completed,78,48,Breached,10.88,1,Finance
REQ003462,RPT0030,A016,2025-11-28,2025-12-14,Report Issue,Low,Completed,400,120,Breached,12.53,0,Technology
REQ003463,RPT0107,A005,2026-01-24,2026-01-26,Change Request,Medium,Completed,36,72,Within SLA,3.71,3,Risk
REQ003464,RPT0030,A002,2026-02-18,2026-02-18,Data Correction,Medium,Completed,14,72,Within SLA,6.8,1,Operations
REQ003465,RPT0087,A011,2026-06-29,2026-06-30,Report Issue,Critical,Pending,22,24,Within SLA,3.75,2,Risk
REQ003466,RPT0024,A013,2024-09-27,2024-09-29,Access Request,Low,Pending,38,120,Within SLA,1.3,0,Sales
REQ003467,RPT0002,A001,2025-02-27,2025-02-28,New Report,Medium,Cancelled,33,72,Within SLA,2.49,3,Operations
REQ003468,RPT0079,A017,2026-03-19,2026-03-21,Report Enhancement,Medium,Pending,63,72,Within SLA,3.64,3,Sales
REQ003469,RPT0102,A025,2024-09-24,2024-09-26,Access Request,High,Completed,44,48,Within SLA,2.42,0,Human Resources
REQ003470,RPT0120,A003,2025-06-29,2025-07-01,Report Enhancement,Medium,Completed,56,72,Within SLA,2.85,0,Human Resources
REQ003471,RPT0021,A024,2025-07-27,2025-07-28,Change Request,High,Completed,18,48,Within SLA,3.11,1,Sales
REQ003472,RPT0078,A019,2025-02-19,2025-02-23,Access Request,High,Completed,112,48,Breached,3.14,0,Finance
REQ003473,RPT0053,A003,2025-10-14,2025-10-15,Report Enhancement,Low,Cancelled,31,120,Within SLA,3.44,2,Sales
REQ003474,RPT0041,A009,2025-02-05,2025-02-08,Data Correction,Low,Completed,55,120,Within SLA,1.58,1,Finance
REQ003475,RPT0019,A024,2026-03-29,2026-04-02,Report Issue,High,Completed,92,48,Breached,2.01,0,Finance
REQ003476,RPT0029,A020,2026-06-22,2026-06-25,Report Issue,Medium,Cancelled,63,72,Within SLA,1.35,3,Compliance
REQ003477,RPT0110,A007,2026-04-15,2026-04-16,Data Correction,Critical,In Progress,14,24,Within SLA,6.58,0,Risk
REQ003478,RPT0026,A008,2024-10-03,2024-10-05,Report Issue,Medium,Completed,47,72,Within SLA,0.76,0,Legal
REQ003479,RPT0081,A022,2024-12-07,2024-12-09,New Report,High,Completed,38,48,Within SLA,7.44,0,Compliance
REQ003480,RPT0098,A016,2025-09-16,2025-09-21,New Report,Low,Completed,126,120,Breached,8.76,0,Sales
REQ003481,RPT0008,A008,2025-04-02,2025-04-03,New Report,Medium,Completed,24,72,Within SLA,2.69,0,Compliance
REQ003482,RPT0042,A004,2025-02-18,2025-02-25,Data Correction,Low,Pending,150,120,Breached,0.54,2,Finance
REQ003483,RPT0007,A019,2026-05-16,2026-05-17,Access Request,High,Completed,30,48,Within SLA,2.58,2,Sales
REQ003484,RPT0088,A022,2026-08-02,2026-08-03,Report Issue,Critical,Completed,6,24,Within SLA,3.17,1,Sales
REQ003485,RPT0048,A003,2026-03-12,2026-03-14,Data Correction,Medium,Completed,49,72,Within SLA,1.64,0,Risk
REQ003486,RPT0010,A019,2025-11-11,2025-11-12,Data Correction,Low,Pending,28,120,Within SLA,2.31,1,Operations
REQ003487,RPT0096,A008,2025-04-25,2025-04-26,Change Request,High,In Progress,30,48,Within SLA,9.69,0,Sales
REQ003488,RPT0015,A011,2025-11-12,2025-11-12,Report Enhancement,Critical,Pending,4,24,Within SLA,5.29,2,Client Services
REQ003489,RPT0030,A006,2025-11-28,2025-12-01,Data Correction,Medium,Pending,69,72,Within SLA,1.74,0,Legal
REQ003490,RPT0056,A004,2026-04-13,2026-04-14,Report Issue,Medium,Cancelled,38,72,Within SLA,1.09,2,Technology
REQ003491,RPT0092,A014,2026-01-25,2026-01-27,Change Request,High,Completed,42,48,Within SLA,2.64,2,Compliance
REQ003492,RPT0041,A002,2026-05-18,2026-05-19,Data Correction,Low,Pending,24,120,Within SLA,2.86,3,Sales
REQ003493,RPT0086,A021,2025-04-27,2025-05-01,Change Request,Low,Completed,108,120,Within SLA,4.7,2,Technology
REQ003494,RPT0055,A001,2025-02-21,2025-02-22,Report Enhancement,Medium,Pending,31,72,Within SLA,2.28,0,Legal
REQ003495,RPT0054,A024,2025-04-12,2025-04-14,New Report,High,Completed,42,48,Within SLA,4.75,1,Operations
REQ003496,RPT0072,A004,2026-07-02,2026-07-04,New Report,High,Completed,39,48,Within SLA,12.87,0,Legal
REQ003497,RPT0032,A018,2024-12-10,2024-12-13,Report Enhancement,Low,Completed,74,120,Within SLA,5.88,0,Legal
REQ003498,RPT0068,A022,2026-01-15,2026-01-18,New Report,Medium,Completed,57,72,Within SLA,3.21,0,Human Resources
REQ003499,RPT0049,A011,2025-09-29,2025-10-01,Access Request,High,Completed,30,48,Within SLA,2.92,1,Technology
REQ003500,RPT0062,A005,2025-02-08,2025-02-10,Report Enhancement,Medium,Completed,42,72,Within SLA,2.59,0,Client Services
REQ003501,RPT0038,A015,2025-07-08,2025-07-15,Change Request,High,In Progress,172,48,Breached,7.59,3,Risk
REQ003502,RPT0029,A024,2025-04-11,2025-04-14,Report Issue,Low,Completed,77,120,Within SLA,2.14,0,Finance
REQ003503,RPT0098,A020,2025-03-22,2025-03-26,Report Enhancement,Low,In Progress,101,120,Within SLA,3.43,2,Human Resources
REQ003504,RPT0060,A003,2024-10-07,2024-10-08,New Report,Medium,Completed,30,72,Within SLA,3.44,0,Sales
REQ003505,RPT0093,A014,2025-10-27,2025-10-30,Access Request,Medium,Completed,72,72,Within SLA,2.34,0,Client Services
REQ003506,RPT0039,A012,2025-11-23,2025-11-27,Data Correction,Low,Completed,86,120,Within SLA,1.27,0,Technology
REQ003507,RPT0039,A008,2026-07-05,2026-07-06,New Report,Medium,Completed,35,72,Within SLA,4.16,0,Operations
REQ003508,RPT0003,A024,2026-03-15,2026-03-18,Report Enhancement,Low,Completed,80,120,Within SLA,3.18,3,Finance
REQ003509,RPT0028,A008,2026-07-30,2026-07-31,Change Request,Medium,Pending,34,72,Within SLA,4.71,1,Client Services
REQ003510,RPT0064,A023,2025-01-04,2025-01-04,Report Issue,Medium,In Progress,13,72,Within SLA,2.29,0,Legal
REQ003511,RPT0087,A005,2025-12-20,2025-12-29,Access Request,Low,In Progress,231,120,Breached,7.8,0,Finance
REQ003512,RPT0038,A011,2026-01-30,2026-01-31,New Report,Low,In Progress,41,120,Within SLA,1.8,3,Human Resources
REQ003513,RPT0096,A024,2025-07-18,2025-07-20,New Report,Medium,Cancelled,30,72,Within SLA,11.01,0,Finance
REQ003514,RPT0052,A021,2025-10-26,2025-10-29,Report Issue,Medium,Pending,65,72,Within SLA,0.98,2,Client Services
REQ003515,RPT0002,A007,2025-09-09,2025-09-11,Change Request,Medium,Completed,31,72,Within SLA,4.5,0,Sales
REQ003516,RPT0029,A011,2024-09-26,2024-09-28,Change Request,Medium,In Progress,60,72,Within SLA,4.63,0,Risk
REQ003517,RPT0036,A004,2025-05-15,2025-05-16,Report Enhancement,Medium,Pending,13,72,Within SLA,1.9,3,Client Services
REQ003518,RPT0050,A005,2026-01-02,2026-01-04,Report Enhancement,Medium,Completed,32,72,Within SLA,4.47,0,Legal
REQ003519,RPT0021,A005,2026-01-24,2026-01-25,Report Enhancement,Medium,Completed,18,72,Within SLA,8.13,1,Human Resources
REQ003520,RPT0005,A005,2025-06-13,2025-06-16,Change Request,Medium,Completed,74,72,Breached,0.7,0,Compliance
REQ003521,RPT0014,A006,2026-04-23,2026-04-26,Data Correction,Low,Completed,83,120,Within SLA,4.72,2,Human Resources
REQ003522,RPT0067,A021,2025-10-02,2025-10-09,New Report,Medium,Completed,177,72,Breached,0.58,0,Risk
REQ003523,RPT0091,A018,2025-04-25,2025-04-26,Report Enhancement,High,Completed,12,48,Within SLA,1.69,0,Operations
REQ003524,RPT0063,A021,2026-02-12,2026-02-16,Change Request,Low,Completed,91,120,Within SLA,10.39,1,Finance
REQ003525,RPT0079,A011,2025-07-10,2025-07-13,Report Enhancement,Medium,In Progress,76,72,Breached,2.21,0,Legal
REQ003526,RPT0089,A018,2025-07-04,2025-07-04,Data Correction,Medium,Completed,21,72,Within SLA,1.46,3,Risk
REQ003527,RPT0060,A008,2024-12-14,2024-12-15,Data Correction,Medium,Pending,24,72,Within SLA,2.89,0,Client Services
REQ003528,RPT0005,A023,2025-04-10,2025-04-16,New Report,Medium,Completed,144,72,Breached,14.12,2,Risk
REQ003529,RPT0078,A025,2025-06-09,2025-06-17,Access Request,Medium,Completed,189,72,Breached,0.92,1,Compliance
REQ003530,RPT0101,A003,2025-01-10,2025-01-12,Report Issue,Medium,Completed,51,72,Within SLA,1.59,3,Legal
REQ003531,RPT0079,A005,2026-03-29,2026-03-30,Report Enhancement,High,Completed,14,48,Within SLA,9.47,2,Human Resources
REQ003532,RPT0053,A018,2025-10-12,2025-10-13,Access Request,Critical,In Progress,6,24,Within SLA,12.19,1,Legal
REQ003533,RPT0012,A007,2025-08-23,2025-08-24,Report Issue,High,Completed,10,48,Within SLA,3.09,0,Operations
REQ003534,RPT0044,A003,2025-02-24,2025-02-28,Report Enhancement,Low,Pending,95,120,Within SLA,1.39,0,Compliance
REQ003535,RPT0040,A015,2026-06-11,2026-06-14,Change Request,Medium,Completed,67,72,Within SLA,14.4,0,Finance
REQ003536,RPT0116,A013,2025-02-12,2025-02-14,Report Enhancement,Medium,Completed,59,72,Within SLA,10.14,0,Client Services
REQ003537,RPT0026,A004,2025-04-11,2025-04-13,New Report,Medium,Pending,41,72,Within SLA,5.34,0,Sales
REQ003538,RPT0020,A015,2026-06-18,2026-06-19,Data Correction,High,Completed,28,48,Within SLA,1.88,3,Human Resources
REQ003539,RPT0029,A007,2026-02-21,2026-02-21,Report Issue,Critical,Completed,3,24,Within SLA,3.21,0,Client Services
REQ003540,RPT0001,A020,2024-12-11,2024-12-13,Data Correction,Medium,Completed,51,72,Within SLA,2.97,0,Compliance
REQ003541,RPT0037,A003,2026-05-08,2026-05-10,Change Request,Medium,In Progress,37,72,Within SLA,4.19,4,Risk
REQ003542,RPT0022,A014,2025-08-15,2025-08-16,Report Issue,Medium,Completed,12,72,Within SLA,9.17,0,Client Services
REQ003543,RPT0119,A013,2026-08-01,2026-08-05,Data Correction,Low,Completed,106,120,Within SLA,6.14,0,Compliance
REQ003544,RPT0083,A011,2024-10-04,2024-10-05,New Report,Medium,Completed,13,72,Within SLA,1.56,1,Sales
REQ003545,RPT0037,A001,2025-10-31,2025-11-01,Access Request,High,Completed,22,48,Within SLA,8.7,0,Finance
REQ003546,RPT0072,A013,2025-07-07,2025-07-09,Data Correction,Medium,Cancelled,37,72,Within SLA,4.13,0,Legal
REQ003547,RPT0032,A013,2025-07-10,2025-07-11,Report Enhancement,Medium,Completed,16,72,Within SLA,5.37,2,Operations
REQ003548,RPT0010,A015,2025-10-27,2025-10-28,New Report,Critical,Pending,16,24,Within SLA,9.27,0,Client Services
REQ003549,RPT0026,A002,2025-10-06,2025-10-09,Change Request,Medium,Completed,70,72,Within SLA,1.52,0,Client Services
REQ003550,RPT0098,A014,2024-12-03,2024-12-04,Report Enhancement,Low,Pending,33,120,Within SLA,3.24,1,Finance
REQ003551,RPT0104,A012,2025-06-18,2025-06-27,New Report,Medium,Completed,213,72,Breached,2.29,0,Human Resources
REQ003552,RPT0039,A022,2025-02-25,2025-02-26,Report Enhancement,Medium,Completed,26,72,Within SLA,1.11,1,Technology
REQ003553,RPT0062,A025,2025-03-07,2025-03-07,Report Issue,High,Completed,18,48,Within SLA,4.23,4,Finance
REQ003554,RPT0040,A020,2025-01-25,2025-01-26,Change Request,High,Completed,8,48,Within SLA,19.26,1,Risk
REQ003555,RPT0095,A020,2025-05-04,2025-05-05,Access Request,Medium,Cancelled,25,72,Within SLA,0.92,1,Client Services
REQ003556,RPT0039,A025,2026-01-05,2026-01-06,Report Issue,High,Completed,37,48,Within SLA,3.25,1,Technology
REQ003557,RPT0118,A007,2024-10-21,2024-10-23,Report Issue,High,Completed,39,48,Within SLA,5.2,0,Legal
REQ003558,RPT0080,A005,2026-08-07,2026-08-08,Data Correction,High,Completed,29,48,Within SLA,3.62,0,Client Services
REQ003559,RPT0119,A008,2025-08-05,2025-08-05,Report Issue,High,Completed,13,48,Within SLA,3.07,0,Sales
REQ003560,RPT0120,A002,2026-06-09,2026-06-13,Report Enhancement,Low,Completed,85,120,Within SLA,1.34,0,Technology
REQ003561,RPT0041,A015,2025-06-05,2025-06-05,New Report,Medium,Completed,18,72,Within SLA,3.91,0,Risk
REQ003562,RPT0104,A019,2024-10-31,2024-11-01,New Report,High,Completed,16,48,Within SLA,1.95,0,Legal
REQ003563,RPT0027,A019,2025-10-11,2025-10-16,Report Enhancement,Low,Pending,120,120,Within SLA,0.72,0,Legal
REQ003564,RPT0083,A011,2026-03-06,2026-03-09,Report Issue,Medium,Completed,72,72,Within SLA,7.66,3,Human Resources
REQ003565,RPT0017,A016,2026-05-27,2026-05-31,Access Request,Low,Pending,100,120,Within SLA,6.49,0,Operations
REQ003566,RPT0042,A005,2025-01-15,2025-01-18,Report Issue,Medium,Completed,59,72,Within SLA,3.44,0,Finance
REQ003567,RPT0086,A003,2024-09-30,2024-10-03,Data Correction,Low,Pending,73,120,Within SLA,3.9,0,Operations
REQ003568,RPT0109,A019,2025-03-17,2025-03-18,Report Issue,High,Completed,28,48,Within SLA,7.04,0,Client Services
REQ003569,RPT0011,A005,2025-06-09,2025-06-12,Change Request,Medium,In Progress,61,72,Within SLA,3.88,1,Operations
REQ003570,RPT0025,A017,2026-01-26,2026-01-30,Change Request,Low,In Progress,95,120,Within SLA,6.25,1,Sales
REQ003571,RPT0114,A023,2025-12-03,2025-12-07,Report Issue,Critical,Pending,84,24,Breached,2.7,1,Legal
REQ003572,RPT0086,A009,2025-12-02,2025-12-05,Access Request,Medium,Completed,71,72,Within SLA,8.32,0,Legal
REQ003573,RPT0053,A012,2024-09-20,2024-09-22,New Report,Medium,Pending,41,72,Within SLA,4.16,0,Human Resources
REQ003574,RPT0068,A018,2026-06-30,2026-07-01,Report Issue,Medium,Completed,20,72,Within SLA,3.8,1,Risk
REQ003575,RPT0106,A010,2024-10-16,2024-10-17,Change Request,Low,Completed,34,120,Within SLA,1.36,4,Operations
REQ003576,RPT0004,A005,2025-01-14,2025-01-16,Access Request,Medium,Completed,52,72,Within SLA,4.06,0,Compliance
REQ003577,RPT0065,A007,2026-05-07,2026-05-10,Access Request,Medium,Completed,52,72,Within SLA,1.85,0,Human Resources
REQ003578,RPT0108,A008,2026-04-04,2026-04-07,Report Issue,Medium,Completed,66,72,Within SLA,2.12,0,Risk
REQ003579,RPT0044,A005,2025-11-20,2025-11-22,Change Request,High,In Progress,44,48,Within SLA,1.88,1,Legal
REQ003580,RPT0023,A013,2026-03-06,2026-03-07,Change Request,High,Completed,33,48,Within SLA,1.57,2,Compliance
REQ003581,RPT0022,A006,2026-01-24,2026-01-26,Access Request,Medium,Completed,51,72,Within SLA,14.69,2,Human Resources
REQ003582,RPT0036,A025,2025-10-29,2025-10-30,Change Request,High,Completed,24,48,Within SLA,8.43,1,Compliance
REQ003583,RPT0112,A004,2025-02-05,2025-02-07,Report Issue,Medium,In Progress,58,72,Within SLA,12.73,0,Operations
REQ003584,RPT0091,A017,2025-08-28,2025-08-28,Data Correction,High,Completed,10,48,Within SLA,1.41,0,Finance
REQ003585,RPT0077,A022,2025-01-30,2025-02-01,Data Correction,Medium,Completed,65,72,Within SLA,3.49,1,Finance
REQ003586,RPT0119,A020,2026-06-27,2026-06-28,Report Issue,High,In Progress,18,48,Within SLA,1.34,0,Finance
REQ003587,RPT0050,A008,2026-07-26,2026-07-29,Change Request,High,Completed,68,48,Breached,2.04,0,Client Services
REQ003588,RPT0003,A007,2025-05-06,2025-05-11,Change Request,Low,Completed,116,120,Within SLA,1.75,0,Risk
REQ003589,RPT0041,A012,2025-04-13,2025-04-15,Change Request,Medium,Completed,46,72,Within SLA,7.91,0,Client Services
REQ003590,RPT0063,A019,2026-07-28,2026-07-29,Access Request,High,In Progress,44,48,Within SLA,2.52,2,Human Resources
REQ003591,RPT0088,A003,2024-09-01,2024-09-03,Data Correction,Low,Cancelled,42,120,Within SLA,7.01,0,Operations
REQ003592,RPT0028,A023,2025-02-01,2025-02-03,New Report,Medium,Completed,37,72,Within SLA,5.07,0,Legal
REQ003593,RPT0014,A006,2026-08-18,2026-08-23,Access Request,Low,Completed,107,120,Within SLA,16.65,0,Human Resources
REQ003594,RPT0070,A002,2025-01-15,2025-01-16,Report Enhancement,Medium,Pending,25,72,Within SLA,1.18,1,Human Resources
REQ003595,RPT0022,A021,2026-03-19,2026-03-20,Access Request,Critical,Completed,18,24,Within SLA,8.02,1,Sales
REQ003596,RPT0022,A004,2024-11-20,2024-11-21,Report Issue,Medium,Completed,26,72,Within SLA,7.41,2,Finance
REQ003597,RPT0092,A014,2026-03-24,2026-03-28,Access Request,Medium,Completed,96,72,Breached,1.68,0,Human Resources
REQ003598,RPT0079,A015,2026-03-29,2026-03-30,Data Correction,Medium,Completed,12,72,Within SLA,6.72,0,Finance
REQ003599,RPT0088,A023,2025-08-27,2025-08-29,Report Enhancement,Medium,Completed,28,72,Within SLA,4.2,0,Risk
REQ003600,RPT0009,A006,2026-08-01,2026-08-04,Access Request,Medium,Completed,68,72,Within SLA,2.83,0,Human Resources
REQ003601,RPT0005,A017,2025-02-25,2025-02-27,Data Correction,Medium,In Progress,39,72,Within SLA,1.86,2,Operations
REQ003602,RPT0113,A006,2026-02-12,2026-02-13,Report Enhancement,Medium,Completed,28,72,Within SLA,2.01,0,Compliance
REQ003603,RPT0031,A011,2025-12-03,2025-12-04,Report Issue,Low,Completed,25,120,Within SLA,13.94,0,Finance
REQ003604,RPT0035,A022,2026-02-18,2026-02-18,Change Request,High,Completed,8,48,Within SLA,3.32,0,Risk
REQ003605,RPT0056,A025,2025-01-26,2025-01-28,Report Issue,Medium,Cancelled,33,72,Within SLA,5.74,1,Risk
REQ003606,RPT0055,A014,2025-06-25,2025-06-28,Report Enhancement,Low,Completed,77,120,Within SLA,1.91,0,Technology
REQ003607,RPT0033,A012,2026-08-01,2026-08-02,Report Enhancement,Medium,In Progress,12,72,Within SLA,1.92,2,Sales
REQ003608,RPT0060,A001,2025-02-22,2025-02-24,Data Correction,Low,Completed,36,120,Within SLA,7.08,0,Finance
REQ003609,RPT0043,A024,2025-10-23,2025-10-26,Report Issue,Medium,Completed,59,72,Within SLA,1.29,0,Operations
REQ003610,RPT0067,A001,2025-04-27,2025-04-30,Access Request,Medium,Completed,72,72,Within SLA,2.48,1,Risk
REQ003611,RPT0104,A014,2026-04-15,2026-04-18,Data Correction,Low,Completed,64,120,Within SLA,3.4,1,Technology
REQ003612,RPT0043,A012,2025-03-28,2025-03-29,New Report,High,In Progress,15,48,Within SLA,3.59,0,Risk
REQ003613,RPT0007,A011,2025-06-12,2025-06-17,Report Issue,Low,Completed,108,120,Within SLA,2.93,1,Legal
REQ003614,RPT0118,A009,2025-08-18,2025-08-21,Report Enhancement,Low,Completed,80,120,Within SLA,4.38,0,Finance
REQ003615,RPT0112,A022,2025-10-09,2025-10-10,Report Issue,High,Completed,33,48,Within SLA,5.39,0,Compliance
REQ003616,RPT0105,A011,2026-01-06,2026-01-09,Report Enhancement,Medium,In Progress,51,72,Within SLA,5.55,1,Human Resources
REQ003617,RPT0069,A006,2025-05-27,2025-05-28,Report Enhancement,Medium,Pending,41,72,Within SLA,1.67,0,Technology
REQ003618,RPT0031,A001,2025-04-17,2025-04-20,New Report,Low,Cancelled,59,120,Within SLA,2.72,0,Sales
REQ003619,RPT0108,A018,2025-03-12,2025-03-18,Data Correction,High,Completed,160,48,Breached,7.66,0,Technology
REQ003620,RPT0078,A008,2025-05-27,2025-05-28,New Report,High,Pending,27,48,Within SLA,6.21,0,Human Resources
REQ003621,RPT0113,A006,2025-09-23,2025-09-24,Report Issue,Medium,In Progress,30,72,Within SLA,1.27,0,Finance
REQ003622,RPT0077,A020,2026-07-07,2026-07-09,Data Correction,High,Completed,34,48,Within SLA,4.25,0,Operations
REQ003623,RPT0091,A010,2025-09-11,2025-09-13,New Report,Medium,In Progress,49,72,Within SLA,0.83,0,Human Resources
REQ003624,RPT0088,A004,2025-08-17,2025-08-20,Access Request,Medium,Completed,67,72,Within SLA,3.43,1,Operations
REQ003625,RPT0117,A002,2024-11-05,2024-11-08,Access Request,Low,Completed,69,120,Within SLA,12.53,1,Operations
REQ003626,RPT0091,A017,2026-05-06,2026-05-08,Data Correction,Medium,Cancelled,46,72,Within SLA,1.71,0,Technology
REQ003627,RPT0010,A005,2026-03-05,2026-03-07,New Report,Low,Completed,58,120,Within SLA,1.85,1,Legal
REQ003628,RPT0118,A016,2025-08-20,2025-08-22,Report Issue,Medium,Completed,51,72,Within SLA,5.67,0,Sales
REQ003629,RPT0097,A021,2026-04-04,2026-04-05,Access Request,High,In Progress,23,48,Within SLA,1.13,1,Client Services
REQ003630,RPT0119,A011,2026-06-04,2026-06-04,Report Enhancement,High,Pending,16,48,Within SLA,2.13,1,Technology
REQ003631,RPT0096,A018,2025-04-26,2025-04-27,New Report,High,Pending,22,48,Within SLA,5.04,1,Legal
REQ003632,RPT0072,A020,2026-08-01,2026-08-03,Report Issue,Medium,Pending,44,72,Within SLA,2.13,1,Legal
REQ003633,RPT0074,A015,2025-01-25,2025-01-28,Access Request,Medium,Completed,61,72,Within SLA,2.81,1,Technology
REQ003634,RPT0064,A019,2025-06-04,2025-06-12,Report Issue,Low,In Progress,192,120,Breached,5.59,0,Sales
REQ003635,RPT0039,A009,2025-04-21,2025-04-23,Report Enhancement,Medium,Completed,62,72,Within SLA,4.46,1,Human Resources
REQ003636,RPT0015,A002,2025-07-08,2025-07-09,Access Request,Medium,Completed,28,72,Within SLA,4.0,0,Client Services
REQ003637,RPT0099,A011,2024-09-25,2024-09-27,Access Request,Medium,Pending,59,72,Within SLA,2.62,0,Sales
REQ003638,RPT0051,A001,2025-10-31,2025-11-03,Report Issue,Low,In Progress,69,120,Within SLA,4.3,0,Sales
REQ003639,RPT0043,A021,2026-06-23,2026-06-24,Change Request,Medium,In Progress,44,72,Within SLA,3.04,1,Finance
REQ003640,RPT0110,A011,2025-02-08,2025-02-10,Access Request,High,In Progress,44,48,Within SLA,4.57,0,Client Services
REQ003641,RPT0103,A018,2026-03-19,2026-03-21,Report Enhancement,High,Pending,39,48,Within SLA,2.34,1,Operations
REQ003642,RPT0005,A016,2024-12-12,2024-12-15,Access Request,Medium,Completed,64,72,Within SLA,2.92,0,Compliance
REQ003643,RPT0060,A013,2024-09-02,2024-09-02,New Report,Critical,In Progress,5,24,Within SLA,1.66,2,Operations
REQ003644,RPT0066,A018,2025-03-11,2025-03-20,Report Issue,Medium,Completed,216,72,Breached,3.24,0,Compliance
REQ003645,RPT0037,A001,2025-10-24,2025-10-25,Access Request,Medium,Completed,24,72,Within SLA,1.88,0,Compliance
REQ003646,RPT0099,A002,2026-08-17,2026-08-22,Change Request,Medium,Completed,132,72,Breached,1.52,0,Risk
REQ003647,RPT0051,A011,2025-11-17,2025-11-19,Change Request,Low,Cancelled,41,120,Within SLA,3.98,1,Compliance
REQ003648,RPT0037,A020,2025-11-13,2025-11-16,Change Request,Medium,Completed,54,72,Within SLA,3.85,2,Client Services
REQ003649,RPT0062,A016,2026-03-03,2026-03-05,Change Request,Medium,In Progress,48,72,Within SLA,5.74,0,Operations
REQ003650,RPT0041,A012,2025-07-11,2025-07-17,Data Correction,Medium,Completed,136,72,Breached,2.46,1,Human Resources
REQ003651,RPT0053,A004,2025-04-07,2025-04-10,Report Issue,Medium,Cancelled,70,72,Within SLA,4.42,0,Client Services
REQ003652,RPT0047,A019,2024-12-17,2024-12-20,Data Correction,Low,Completed,63,120,Within SLA,4.88,3,Sales
REQ003653,RPT0085,A020,2025-01-20,2025-01-23,Access Request,High,Completed,72,48,Breached,4.53,0,Operations
REQ003654,RPT0042,A001,2025-05-04,2025-05-09,Report Issue,Low,In Progress,120,120,Within SLA,1.86,2,Client Services
REQ003655,RPT0070,A021,2025-02-15,2025-02-16,Report Issue,Medium,Pending,22,72,Within SLA,3.69,2,Compliance
REQ003656,RPT0089,A012,2025-06-12,2025-06-13,Report Issue,High,Completed,32,48,Within SLA,4.28,0,Compliance
REQ003657,RPT0075,A011,2025-11-06,2025-11-09,Report Issue,Low,Completed,71,120,Within SLA,3.34,3,Finance
REQ003658,RPT0063,A025,2026-05-30,2026-05-30,Change Request,Critical,Completed,12,24,Within SLA,0.77,0,Legal
REQ003659,RPT0053,A007,2025-02-27,2025-02-28,Report Enhancement,High,Completed,21,48,Within SLA,3.71,0,Finance
REQ003660,RPT0106,A008,2025-09-12,2025-09-13,Data Correction,Medium,Completed,13,72,Within SLA,15.62,1,Technology
REQ003661,RPT0055,A019,2025-10-22,2025-10-25,Report Enhancement,Medium,In Progress,64,72,Within SLA,2.58,3,Finance
REQ003662,RPT0044,A022,2026-01-11,2026-01-11,Change Request,High,Completed,11,48,Within SLA,1.99,0,Finance
REQ003663,RPT0060,A001,2026-02-03,2026-02-05,Access Request,Low,In Progress,28,120,Within SLA,4.31,3,Operations
REQ003664,RPT0033,A010,2025-05-10,2025-05-10,Data Correction,Medium,Completed,15,72,Within SLA,4.13,2,Finance
REQ003665,RPT0094,A003,2025-03-08,2025-03-09,Access Request,Medium,Completed,22,72,Within SLA,7.65,0,Legal
REQ003666,RPT0082,A003,2026-04-05,2026-04-10,Report Issue,Low,Completed,111,120,Within SLA,1.38,1,Risk
REQ003667,RPT0029,A001,2026-05-21,2026-05-25,Report Enhancement,High,In Progress,94,48,Breached,5.54,2,Client Services
REQ003668,RPT0017,A005,2025-09-04,2025-09-05,New Report,Low,Pending,29,120,Within SLA,5.02,2,Legal
REQ003669,RPT0041,A010,2026-03-06,2026-03-07,Change Request,Medium,Completed,29,72,Within SLA,3.01,1,Legal
REQ003670,RPT0071,A005,2026-01-01,2026-01-04,Data Correction,Medium,Completed,68,72,Within SLA,4.21,0,Finance
REQ003671,RPT0096,A001,2026-03-18,2026-03-22,Access Request,Low,Completed,108,120,Within SLA,6.83,1,Operations
REQ003672,RPT0091,A014,2025-09-06,2025-09-06,Change Request,Medium,Completed,15,72,Within SLA,6.11,0,Human Resources
REQ003673,RPT0109,A019,2025-08-13,2025-08-16,Report Enhancement,Medium,Completed,68,72,Within SLA,1.49,0,Technology
REQ003674,RPT0033,A011,2024-12-29,2024-12-30,Report Issue,High,Completed,24,48,Within SLA,5.9,1,Risk
REQ003675,RPT0071,A018,2026-03-13,2026-03-14,Data Correction,Medium,Completed,41,72,Within SLA,3.17,0,Sales
REQ003676,RPT0062,A015,2026-04-30,2026-05-02,New Report,Medium,Pending,56,72,Within SLA,3.49,0,Client Services
REQ003677,RPT0118,A005,2025-05-21,2025-05-22,New Report,Critical,Completed,21,24,Within SLA,3.49,1,Legal
REQ003678,RPT0088,A024,2024-12-30,2025-01-07,Data Correction,Low,Completed,200,120,Breached,2.99,2,Operations
REQ003679,RPT0026,A016,2024-12-07,2024-12-08,Report Issue,Medium,Completed,19,72,Within SLA,7.65,0,Operations
REQ003680,RPT0070,A017,2026-03-03,2026-03-04,Report Issue,Medium,Completed,33,72,Within SLA,3.13,1,Finance
REQ003681,RPT0061,A019,2025-10-19,2025-10-23,Change Request,Low,Pending,106,120,Within SLA,1.52,0,Human Resources
REQ003682,RPT0023,A025,2025-09-04,2025-09-08,Report Issue,Low,Completed,91,120,Within SLA,2.52,0,Sales
REQ003683,RPT0108,A013,2025-01-10,2025-01-12,Change Request,Medium,Completed,35,72,Within SLA,3.76,0,Finance
REQ003684,RPT0003,A017,2026-08-03,2026-08-05,New Report,Medium,Completed,51,72,Within SLA,7.85,0,Client Services
REQ003685,RPT0088,A013,2026-07-12,2026-07-13,New Report,High,Completed,8,48,Within SLA,5.06,1,Client Services
REQ003686,RPT0008,A016,2025-10-16,2025-10-17,New Report,Medium,Completed,41,72,Within SLA,1.83,1,Sales
REQ003687,RPT0077,A013,2026-01-01,2026-01-03,New Report,Medium,Completed,47,72,Within SLA,18.91,1,Client Services
REQ003688,RPT0009,A003,2024-10-05,2024-10-11,Report Issue,Low,Pending,152,120,Breached,4.0,0,Finance
REQ003689,RPT0095,A012,2025-10-01,2025-10-05,Report Enhancement,High,Completed,76,48,Breached,8.11,0,Finance
REQ003690,RPT0061,A006,2024-09-16,2024-09-18,Report Issue,Low,Completed,43,120,Within SLA,2.99,0,Compliance
REQ003691,RPT0116,A016,2026-06-03,2026-06-06,Report Issue,Medium,Completed,68,72,Within SLA,4.82,0,Human Resources
REQ003692,RPT0111,A011,2026-06-09,2026-06-11,Report Enhancement,High,Completed,37,48,Within SLA,5.98,1,Compliance
REQ003693,RPT0033,A025,2024-10-17,2024-10-20,Report Enhancement,Medium,Completed,59,72,Within SLA,7.79,1,Risk
REQ003694,RPT0086,A021,2026-05-18,2026-05-22,Data Correction,Low,In Progress,111,120,Within SLA,6.96,1,Risk
REQ003695,RPT0057,A010,2026-01-22,2026-01-22,New Report,Medium,Completed,19,72,Within SLA,6.11,1,Finance
REQ003696,RPT0079,A025,2024-09-27,2024-09-28,Report Issue,High,Completed,20,48,Within SLA,2.66,3,Compliance
REQ003697,RPT0088,A020,2026-04-06,2026-04-08,Access Request,High,In Progress,33,48,Within SLA,2.23,1,Client Services
REQ003698,RPT0108,A017,2024-08-25,2024-08-28,Access Request,Medium,In Progress,69,72,Within SLA,4.19,2,Human Resources
REQ003699,RPT0006,A012,2025-07-07,2025-07-09,Data Correction,Medium,Completed,62,72,Within SLA,6.38,1,Legal
REQ003700,RPT0005,A017,2024-12-05,2024-12-11,Data Correction,Medium,Completed,132,72,Breached,2.84,1,Finance
REQ003701,RPT0006,A022,2026-06-06,2026-06-07,Change Request,Critical,In Progress,18,24,Within SLA,7.0,0,Human Resources
REQ003702,RPT0027,A006,2025-12-23,2025-12-25,Access Request,Medium,Completed,48,72,Within SLA,9.18,1,Sales
REQ003703,RPT0116,A004,2025-02-16,2025-02-18,Data Correction,High,Completed,36,48,Within SLA,1.75,0,Operations
REQ003704,RPT0010,A018,2024-10-12,2024-10-13,Report Issue,Critical,Pending,18,24,Within SLA,1.85,1,Sales
REQ003705,RPT0042,A020,2026-02-21,2026-02-23,Access Request,Medium,Pending,51,72,Within SLA,3.01,4,Compliance
REQ003706,RPT0027,A002,2024-12-16,2024-12-20,Change Request,Low,Completed,97,120,Within SLA,4.12,0,Client Services
REQ003707,RPT0113,A025,2024-08-28,2024-08-30,Report Issue,Medium,In Progress,56,72,Within SLA,2.3,0,Finance
REQ003708,RPT0064,A022,2025-02-06,2025-02-09,Change Request,Low,Pending,57,120,Within SLA,8.56,1,Risk
REQ003709,RPT0067,A016,2025-09-17,2025-09-19,New Report,Medium,Completed,46,72,Within SLA,4.47,2,Legal
REQ003710,RPT0061,A022,2025-08-10,2025-08-10,New Report,High,Completed,12,48,Within SLA,3.41,2,Sales
REQ003711,RPT0075,A008,2025-06-06,2025-06-08,Report Enhancement,High,Completed,27,48,Within SLA,1.22,0,Client Services
REQ003712,RPT0113,A006,2024-10-06,2024-10-08,New Report,Medium,Completed,28,72,Within SLA,1.32,4,Operations
REQ003713,RPT0035,A012,2025-12-13,2025-12-15,Data Correction,Medium,Completed,43,72,Within SLA,4.04,0,Risk
REQ003714,RPT0080,A017,2025-12-29,2025-12-30,Report Enhancement,High,Completed,36,48,Within SLA,0.75,2,Legal
REQ003715,RPT0043,A010,2026-01-20,2026-01-22,Report Issue,Medium,Completed,46,72,Within SLA,6.75,3,Sales
REQ003716,RPT0036,A001,2026-08-16,2026-08-18,Data Correction,Medium,Pending,60,72,Within SLA,2.97,0,Operations
REQ003717,RPT0054,A001,2025-12-12,2025-12-14,Report Enhancement,High,Completed,45,48,Within SLA,32.14,4,Human Resources
REQ003718,RPT0090,A019,2026-07-30,2026-08-01,Report Enhancement,Medium,In Progress,33,72,Within SLA,16.7,0,Compliance
REQ003719,RPT0108,A017,2025-08-31,2025-09-04,Data Correction,Medium,Completed,100,72,Breached,2.92,2,Sales
REQ003720,RPT0016,A003,2026-01-15,2026-01-17,Data Correction,Medium,Completed,58,72,Within SLA,3.08,0,Human Resources
REQ003721,RPT0008,A015,2025-09-03,2025-09-08,Access Request,Medium,Completed,114,72,Breached,6.67,2,Finance
REQ003722,RPT0014,A013,2024-09-02,2024-09-07,Report Issue,Medium,Completed,135,72,Breached,10.94,3,Finance
REQ003723,RPT0108,A015,2024-08-26,2024-08-27,Change Request,High,Completed,27,48,Within SLA,1.05,0,Risk
REQ003724,RPT0021,A010,2025-10-08,2025-10-08,Report Issue,High,Pending,12,48,Within SLA,0.95,1,Sales
REQ003725,RPT0014,A005,2025-10-23,2025-10-24,Access Request,High,Completed,20,48,Within SLA,2.15,1,Operations
REQ003726,RPT0063,A018,2025-07-06,2025-07-08,Change Request,Medium,Completed,46,72,Within SLA,4.99,1,Finance
REQ003727,RPT0066,A011,2024-08-30,2024-09-02,Access Request,Medium,Completed,68,72,Within SLA,4.7,1,Legal
REQ003728,RPT0067,A001,2024-09-02,2024-09-04,Access Request,Medium,Completed,32,72,Within SLA,7.02,0,Risk
REQ003729,RPT0022,A022,2025-10-06,2025-10-07,Report Issue,High,In Progress,19,48,Within SLA,1.43,0,Legal
REQ003730,RPT0079,A009,2026-03-04,2026-03-05,Report Issue,Medium,Completed,14,72,Within SLA,0.66,0,Technology
REQ003731,RPT0021,A023,2025-03-22,2025-03-23,Report Enhancement,High,Completed,27,48,Within SLA,6.05,0,Legal
REQ003732,RPT0108,A022,2025-10-11,2025-10-12,Data Correction,Medium,Completed,42,72,Within SLA,1.86,1,Risk
REQ003733,RPT0022,A007,2025-03-31,2025-04-07,Report Enhancement,Medium,Pending,164,72,Breached,0.81,1,Risk
REQ003734,RPT0017,A015,2024-09-03,2024-09-06,New Report,Low,Completed,72,120,Within SLA,3.67,4,Client Services
REQ003735,RPT0024,A016,2025-09-15,2025-09-17,Report Enhancement,Medium,Completed,46,72,Within SLA,5.78,1,Risk
REQ003736,RPT0065,A016,2026-05-14,2026-05-15,Report Enhancement,Medium,Completed,13,72,Within SLA,3.05,0,Client Services
REQ003737,RPT0024,A022,2026-02-14,2026-02-15,Report Enhancement,Low,Completed,34,120,Within SLA,2.41,0,Legal
REQ003738,RPT0097,A021,2026-01-26,2026-01-28,Change Request,High,Completed,48,48,Within SLA,2.97,2,Human Resources
REQ003739,RPT0110,A015,2025-07-21,2025-07-23,Access Request,Low,Pending,46,120,Within SLA,2.56,1,Client Services
REQ003740,RPT0046,A023,2026-05-09,2026-05-10,Report Issue,High,Completed,24,48,Within SLA,1.29,0,Client Services
REQ003741,RPT0106,A005,2026-08-20,2026-08-24,Change Request,Low,Completed,83,120,Within SLA,2.01,1,Risk
REQ003742,RPT0091,A006,2026-07-28,2026-07-30,Report Enhancement,Medium,Pending,40,72,Within SLA,4.78,0,Sales
REQ003743,RPT0053,A017,2025-01-07,2025-01-08,New Report,High,Cancelled,29,48,Within SLA,4.16,0,Compliance
REQ003744,RPT0014,A014,2024-11-12,2024-11-13,Report Enhancement,High,Pending,37,48,Within SLA,3.73,0,Client Services
REQ003745,RPT0101,A010,2026-08-04,2026-08-05,Report Enhancement,Medium,Cancelled,35,72,Within SLA,1.65,0,Technology
REQ003746,RPT0049,A020,2024-11-03,2024-11-06,Report Issue,Medium,Completed,65,72,Within SLA,2.92,2,Finance
REQ003747,RPT0086,A014,2025-10-02,2025-10-03,Data Correction,Critical,Completed,23,24,Within SLA,0.72,0,Client Services
REQ003748,RPT0089,A006,2024-12-14,2024-12-16,Report Issue,Low,Completed,46,120,Within SLA,3.76,0,Sales
REQ003749,RPT0002,A022,2025-02-24,2025-02-25,Report Enhancement,Medium,Completed,41,72,Within SLA,9.03,0,Technology
REQ003750,RPT0108,A009,2025-01-17,2025-01-19,Change Request,Low,Completed,64,120,Within SLA,1.18,1,Risk
REQ003751,RPT0027,A002,2025-12-15,2025-12-15,Access Request,Medium,Completed,13,72,Within SLA,2.2,1,Operations
REQ003752,RPT0016,A008,2025-10-03,2025-10-04,Change Request,High,Completed,23,48,Within SLA,4.18,0,Legal
REQ003753,RPT0055,A018,2025-03-05,2025-03-06,Access Request,Low,In Progress,42,120,Within SLA,7.98,0,Finance
REQ003754,RPT0015,A012,2026-05-16,2026-05-18,Data Correction,High,Completed,48,48,Within SLA,2.43,0,Compliance
REQ003755,RPT0017,A021,2025-05-23,2025-05-24,Change Request,Medium,Pending,24,72,Within SLA,2.05,0,Client Services
REQ003756,RPT0047,A020,2025-03-16,2025-03-18,Access Request,Low,In Progress,33,120,Within SLA,0.84,3,Technology
REQ003757,RPT0046,A016,2026-04-30,2026-05-03,Report Issue,Medium,Completed,70,72,Within SLA,3.57,2,Human Resources
REQ003758,RPT0084,A008,2025-06-25,2025-06-29,Report Enhancement,Medium,Completed,105,72,Breached,13.87,0,Technology
REQ003759,RPT0114,A010,2024-10-21,2024-10-28,Change Request,Medium,Completed,160,72,Breached,4.03,0,Operations
REQ003760,RPT0110,A022,2025-06-06,2025-06-08,Report Enhancement,Low,Completed,44,120,Within SLA,3.27,0,Human Resources
REQ003761,RPT0083,A017,2025-07-02,2025-07-03,Change Request,High,Completed,37,48,Within SLA,4.16,1,Risk
REQ003762,RPT0012,A010,2025-08-12,2025-08-23,New Report,Medium,Completed,268,72,Breached,3.29,1,Human Resources
REQ003763,RPT0104,A022,2025-11-02,2025-11-04,Access Request,Medium,Completed,42,72,Within SLA,1.88,0,Risk
REQ003764,RPT0066,A024,2025-02-25,2025-02-28,Access Request,Medium,In Progress,68,72,Within SLA,5.91,0,Legal
REQ003765,RPT0031,A006,2026-02-13,2026-02-16,Change Request,Medium,Completed,64,72,Within SLA,3.89,1,Operations
REQ003766,RPT0026,A025,2025-02-12,2025-02-16,Change Request,High,Completed,104,48,Breached,3.36,0,Technology
REQ003767,RPT0103,A023,2025-04-11,2025-04-18,Change Request,Medium,Pending,186,72,Breached,1.68,0,Operations
REQ003768,RPT0075,A019,2026-02-03,2026-02-04,Report Enhancement,High,Completed,18,48,Within SLA,8.27,1,Finance
REQ003769,RPT0018,A021,2026-05-26,2026-05-29,Report Issue,Low,Pending,85,120,Within SLA,5.29,0,Compliance
REQ003770,RPT0101,A004,2026-06-10,2026-06-11,Change Request,Medium,Completed,17,72,Within SLA,2.25,1,Compliance
REQ003771,RPT0047,A016,2024-10-22,2024-10-23,Data Correction,High,In Progress,22,48,Within SLA,6.69,0,Operations
REQ003772,RPT0060,A014,2026-01-10,2026-01-15,Change Request,Low,In Progress,103,120,Within SLA,2.34,0,Legal
REQ003773,RPT0015,A005,2026-06-18,2026-06-21,Access Request,Low,Completed,61,120,Within SLA,1.92,0,Finance
REQ003774,RPT0029,A002,2026-01-07,2026-01-10,Change Request,Medium,Pending,57,72,Within SLA,1.95,0,Operations
REQ003775,RPT0078,A002,2026-04-02,2026-04-03,Data Correction,Medium,Completed,14,72,Within SLA,0.96,0,Legal
REQ003776,RPT0104,A012,2024-09-14,2024-09-16,Report Enhancement,Medium,In Progress,49,72,Within SLA,4.62,0,Risk
REQ003777,RPT0066,A005,2024-11-01,2024-11-06,Change Request,Low,Completed,110,120,Within SLA,0.92,1,Operations
REQ003778,RPT0013,A015,2025-07-01,2025-07-05,Report Issue,Low,Completed,95,120,Within SLA,1.41,1,Risk
REQ003779,RPT0039,A023,2025-06-11,2025-06-13,Change Request,High,Pending,48,48,Within SLA,0.78,0,Operations
REQ003780,RPT0012,A020,2025-06-09,2025-06-12,Access Request,Low,Pending,51,120,Within SLA,3.13,2,Operations
REQ003781,RPT0015,A008,2025-10-24,2025-10-24,Report Enhancement,High,Completed,10,48,Within SLA,2.99,2,Compliance
REQ003782,RPT0076,A012,2025-08-25,2025-08-28,Change Request,Low,Pending,55,120,Within SLA,2.64,1,Technology
REQ003783,RPT0008,A023,2024-10-03,2024-10-04,New Report,Critical,Completed,18,24,Within SLA,1.6,0,Client Services
REQ003784,RPT0020,A008,2025-12-28,2025-12-30,Access Request,Medium,In Progress,34,72,Within SLA,1.46,1,Operations
REQ003785,RPT0083,A017,2024-08-28,2024-08-31,Access Request,High,Completed,66,48,Breached,4.6,1,Operations
REQ003786,RPT0099,A023,2026-02-17,2026-02-20,New Report,Medium,Pending,59,72,Within SLA,2.26,0,Client Services
REQ003787,RPT0027,A002,2025-01-01,2025-01-01,New Report,Critical,In Progress,20,24,Within SLA,4.14,2,Technology
REQ003788,RPT0117,A020,2024-10-24,2024-10-25,Access Request,High,Completed,30,48,Within SLA,1.79,0,Technology
REQ003789,RPT0060,A002,2025-09-13,2025-09-18,Access Request,Medium,Completed,114,72,Breached,3.77,0,Finance
REQ003790,RPT0075,A016,2026-06-08,2026-06-12,Access Request,Low,In Progress,90,120,Within SLA,8.27,1,Operations
REQ003791,RPT0028,A001,2025-07-24,2025-07-25,Data Correction,Medium,Completed,24,72,Within SLA,5.0,0,Technology
REQ003792,RPT0089,A017,2026-01-03,2026-01-05,Data Correction,High,In Progress,26,48,Within SLA,2.49,1,Legal
REQ003793,RPT0001,A019,2026-04-22,2026-04-23,Change Request,Medium,In Progress,27,72,Within SLA,3.98,1,Client Services
REQ003794,RPT0019,A022,2025-05-05,2025-05-08,Change Request,Low,Pending,65,120,Within SLA,2.81,2,Human Resources
REQ003795,RPT0028,A020,2025-11-03,2025-11-04,Report Enhancement,High,In Progress,30,48,Within SLA,3.34,2,Operations
REQ003796,RPT0022,A025,2026-06-18,2026-06-18,Report Enhancement,Critical,In Progress,8,24,Within SLA,2.64,0,Compliance
REQ003797,RPT0051,A019,2024-11-03,2024-11-04,Access Request,Medium,Completed,25,72,Within SLA,2.96,0,Compliance
REQ003798,RPT0033,A015,2026-07-17,2026-07-17,Change Request,Critical,Completed,3,24,Within SLA,3.85,0,Human Resources
REQ003799,RPT0062,A023,2025-10-05,2025-10-07,Report Enhancement,Medium,Completed,63,72,Within SLA,1.66,0,Sales
REQ003800,RPT0059,A011,2026-08-04,2026-08-07,New Report,Medium,Completed,51,72,Within SLA,1.63,0,Human Resources
REQ003801,RPT0001,A017,2024-09-23,2024-09-24,Change Request,Medium,Completed,42,72,Within SLA,1.26,0,Operations
REQ003802,RPT0015,A023,2025-02-15,2025-02-16,New Report,High,Completed,13,48,Within SLA,1.08,0,Sales
REQ003803,RPT0014,A010,2025-02-01,2025-02-06,Report Issue,Low,Completed,128,120,Breached,1.42,0,Technology
REQ003804,RPT0096,A024,2026-07-22,2026-07-24,New Report,High,Pending,48,48,Within SLA,3.71,0,Finance
REQ003805,RPT0034,A006,2026-06-26,2026-06-27,Data Correction,Medium,In Progress,29,72,Within SLA,1.78,0,Technology
REQ003806,RPT0109,A008,2026-02-09,2026-02-10,Report Enhancement,Critical,Completed,10,24,Within SLA,4.76,3,Client Services
REQ003807,RPT0087,A009,2026-07-11,2026-07-12,Access Request,Low,Completed,27,120,Within SLA,3.4,2,Human Resources
REQ003808,RPT0004,A001,2025-11-04,2025-11-04,Data Correction,Critical,Pending,13,24,Within SLA,0.84,1,Compliance
REQ003809,RPT0064,A025,2025-08-25,2025-08-26,New Report,High,Completed,34,48,Within SLA,5.25,0,Risk
REQ003810,RPT0017,A023,2025-03-19,2025-03-20,Change Request,Critical,Completed,20,24,Within SLA,5.86,0,Operations
REQ003811,RPT0050,A017,2024-09-26,2024-09-27,Report Issue,High,Cancelled,36,48,Within SLA,1.66,2,Compliance
REQ003812,RPT0087,A021,2026-08-08,2026-08-09,Report Enhancement,Medium,In Progress,15,72,Within SLA,4.46,0,Client Services
REQ003813,RPT0011,A014,2024-10-17,2024-10-19,New Report,Critical,Completed,40,24,Breached,1.82,1,Human Resources
REQ003814,RPT0110,A025,2026-02-03,2026-02-05,New Report,Medium,Completed,38,72,Within SLA,3.56,1,Finance
REQ003815,RPT0096,A016,2026-08-09,2026-08-11,Change Request,Medium,Completed,28,72,Within SLA,1.37,0,Client Services
REQ003816,RPT0085,A019,2025-03-26,2025-03-30,New Report,Low,Completed,86,120,Within SLA,0.95,0,Human Resources
REQ003817,RPT0079,A024,2026-07-20,2026-07-24,Report Issue,Low,Pending,100,120,Within SLA,2.54,0,Technology
REQ003818,RPT0061,A023,2025-10-16,2025-10-27,Access Request,Medium,Completed,260,72,Breached,3.04,1,Human Resources
REQ003819,RPT0120,A024,2025-11-01,2025-11-09,Access Request,Low,Completed,176,120,Breached,2.51,0,Operations
REQ003820,RPT0037,A023,2026-01-14,2026-01-14,Report Issue,Critical,Completed,11,24,Within SLA,1.45,1,Human Resources
REQ003821,RPT0071,A008,2024-09-15,2024-09-17,Report Enhancement,Low,Completed,39,120,Within SLA,2.51,1,Risk
REQ003822,RPT0088,A002,2025-01-07,2025-01-09,Access Request,Medium,In Progress,50,72,Within SLA,4.01,0,Finance
REQ003823,RPT0037,A021,2026-08-12,2026-08-24,New Report,Medium,Completed,288,72,Breached,3.22,1,Human Resources
REQ003824,RPT0112,A025,2026-06-12,2026-06-15,Access Request,Medium,Completed,59,72,Within SLA,3.77,2,Sales
REQ003825,RPT0115,A021,2025-04-22,2025-04-25,Report Enhancement,Medium,In Progress,66,72,Within SLA,2.08,1,Compliance
REQ003826,RPT0022,A022,2024-09-02,2024-09-03,Data Correction,High,In Progress,42,48,Within SLA,7.54,0,Legal
REQ003827,RPT0085,A007,2025-01-28,2025-01-30,Access Request,High,Pending,39,48,Within SLA,1.46,1,Finance
REQ003828,RPT0061,A004,2025-11-19,2025-11-21,Change Request,Medium,Completed,29,72,Within SLA,4.67,3,Operations
REQ003829,RPT0068,A015,2024-12-11,2024-12-13,Data Correction,Medium,Completed,58,72,Within SLA,7.59,0,Finance
REQ003830,RPT0063,A024,2026-03-28,2026-04-01,Report Issue,High,In Progress,100,48,Breached,4.65,3,Operations
REQ003831,RPT0049,A023,2026-05-20,2026-05-20,New Report,Critical,Completed,11,24,Within SLA,2.88,0,Operations
REQ003832,RPT0103,A010,2026-02-25,2026-02-27,New Report,Critical,Pending,36,24,Breached,2.29,0,Risk
REQ003833,RPT0099,A022,2026-05-20,2026-05-22,Report Issue,High,Pending,39,48,Within SLA,6.86,1,Legal
REQ003834,RPT0086,A016,2025-06-26,2025-06-27,Report Enhancement,High,In Progress,19,48,Within SLA,1.23,4,Sales
REQ003835,RPT0072,A018,2026-08-12,2026-08-14,Report Enhancement,Medium,Cancelled,43,72,Within SLA,1.68,0,Operations
REQ003836,RPT0097,A021,2024-10-19,2024-10-22,Report Issue,Low,Completed,66,120,Within SLA,2.51,0,Legal
REQ003837,RPT0075,A002,2025-04-10,2025-04-11,New Report,Medium,Completed,22,72,Within SLA,7.9,1,Technology
REQ003838,RPT0093,A007,2024-12-25,2024-12-26,Report Issue,Medium,In Progress,21,72,Within SLA,4.33,0,Legal
REQ003839,RPT0052,A025,2025-11-02,2025-11-03,Change Request,High,Completed,31,48,Within SLA,1.69,0,Legal
REQ003840,RPT0096,A016,2025-02-23,2025-02-23,Change Request,Critical,In Progress,2,24,Within SLA,2.67,0,Finance
REQ003841,RPT0100,A002,2025-11-04,2025-11-07,Report Issue,Medium,Cancelled,80,72,Breached,2.16,0,Legal
REQ003842,RPT0097,A019,2026-05-31,2026-06-03,Report Issue,Medium,In Progress,70,72,Within SLA,2.02,1,Compliance
REQ003843,RPT0114,A017,2026-06-11,2026-06-16,Change Request,Low,Pending,120,120,Within SLA,6.59,1,Compliance
REQ003844,RPT0093,A010,2025-06-19,2025-06-21,Data Correction,Medium,Completed,55,72,Within SLA,1.27,0,Legal
REQ003845,RPT0110,A016,2026-01-28,2026-01-29,Access Request,High,Pending,19,48,Within SLA,10.24,0,Sales
REQ003846,RPT0061,A013,2026-07-18,2026-07-19,Report Issue,High,Pending,33,48,Within SLA,5.93,0,Human Resources
REQ003847,RPT0076,A009,2025-10-14,2025-10-16,Report Issue,Medium,In Progress,44,72,Within SLA,7.12,0,Client Services
REQ003848,RPT0043,A025,2025-05-05,2025-05-08,Access Request,Medium,Completed,70,72,Within SLA,2.4,0,Risk
REQ003849,RPT0029,A002,2025-06-15,2025-06-17,Change Request,Low,Completed,46,120,Within SLA,2.99,4,Compliance
REQ003850,RPT0048,A015,2026-03-30,2026-03-31,Change Request,High,Completed,24,48,Within SLA,1.22,3,Compliance
REQ003851,RPT0100,A009,2026-03-18,2026-03-19,Change Request,Low,Pending,28,120,Within SLA,2.3,0,Finance
REQ003852,RPT0020,A009,2024-12-07,2024-12-09,Report Issue,Medium,Completed,39,72,Within SLA,4.69,0,Client Services
REQ003853,RPT0062,A025,2026-04-27,2026-04-27,Access Request,High,Completed,16,48,Within SLA,8.23,1,Finance
REQ003854,RPT0053,A020,2026-02-07,2026-02-08,New Report,High,Completed,21,48,Within SLA,1.53,3,Compliance
REQ003855,RPT0069,A012,2026-03-06,2026-03-08,Change Request,Low,Completed,51,120,Within SLA,2.57,0,Technology
REQ003856,RPT0107,A008,2024-10-20,2024-10-21,Change Request,High,In Progress,22,48,Within SLA,2.99,2,Client Services
REQ003857,RPT0104,A008,2025-09-13,2025-09-18,Report Issue,Low,Completed,98,120,Within SLA,1.25,0,Client Services
REQ003858,RPT0019,A021,2026-03-23,2026-03-23,Report Issue,Medium,Pending,12,72,Within SLA,5.02,1,Compliance
REQ003859,RPT0114,A025,2025-05-16,2025-05-19,Data Correction,High,Completed,72,48,Breached,2.0,0,Compliance
REQ003860,RPT0052,A021,2024-10-01,2024-10-05,Report Issue,Low,Completed,89,120,Within SLA,2.9,0,Operations
REQ003861,RPT0060,A008,2024-11-04,2024-11-06,Change Request,Medium,Completed,47,72,Within SLA,2.42,0,Client Services
REQ003862,RPT0088,A022,2025-07-26,2025-07-28,New Report,Medium,Pending,53,72,Within SLA,1.91,1,Operations
REQ003863,RPT0084,A021,2025-02-17,2025-02-18,Access Request,High,Completed,32,48,Within SLA,3.3,2,Technology
REQ003864,RPT0019,A004,2026-06-03,2026-06-04,Data Correction,Medium,In Progress,31,72,Within SLA,2.86,2,Human Resources
REQ003865,RPT0056,A010,2024-10-19,2024-10-20,Access Request,Medium,Completed,26,72,Within SLA,2.56,1,Finance
REQ003866,RPT0078,A014,2025-05-12,2025-05-15,Data Correction,Low,Completed,81,120,Within SLA,1.99,3,Legal
REQ003867,RPT0072,A007,2025-12-04,2025-12-06,Report Enhancement,Medium,Completed,58,72,Within SLA,4.15,0,Finance
REQ003868,RPT0087,A017,2026-04-10,2026-04-12,Change Request,Medium,Completed,50,72,Within SLA,10.56,2,Compliance
REQ003869,RPT0066,A012,2025-12-10,2025-12-11,Report Issue,Low,In Progress,26,120,Within SLA,3.66,0,Technology
REQ003870,RPT0056,A024,2025-11-26,2025-11-27,Data Correction,High,In Progress,18,48,Within SLA,6.67,0,Legal
REQ003871,RPT0039,A016,2025-06-25,2025-06-26,Access Request,Medium,In Progress,37,72,Within SLA,1.25,0,Technology
REQ003872,RPT0032,A005,2026-04-13,2026-04-17,Access Request,Low,Completed,96,120,Within SLA,3.71,0,Legal
REQ003873,RPT0043,A006,2025-05-01,2025-05-04,Report Enhancement,Medium,Completed,68,72,Within SLA,1.54,0,Sales
REQ003874,RPT0052,A008,2024-09-13,2024-09-15,Change Request,High,Completed,51,48,Breached,1.18,1,Client Services
REQ003875,RPT0079,A011,2025-12-26,2025-12-29,Data Correction,Low,In Progress,77,120,Within SLA,1.98,1,Sales
REQ003876,RPT0047,A014,2025-03-21,2025-03-24,New Report,Low,Completed,65,120,Within SLA,7.65,0,Human Resources
REQ003877,RPT0095,A003,2026-04-21,2026-04-25,Change Request,Low,Completed,86,120,Within SLA,6.46,0,Finance
REQ003878,RPT0049,A008,2025-08-05,2025-08-09,Report Issue,Low,Pending,83,120,Within SLA,3.94,0,Risk
REQ003879,RPT0024,A006,2025-09-06,2025-09-07,Data Correction,High,In Progress,37,48,Within SLA,1.14,1,Compliance
REQ003880,RPT0055,A022,2025-02-14,2025-02-16,Data Correction,High,Completed,44,48,Within SLA,2.89,3,Technology
REQ003881,RPT0067,A014,2025-05-24,2025-05-24,New Report,High,Completed,10,48,Within SLA,4.1,0,Technology
REQ003882,RPT0020,A014,2025-10-24,2025-10-25,Report Issue,Critical,Completed,16,24,Within SLA,3.75,2,Sales
REQ003883,RPT0026,A022,2025-06-08,2025-06-10,Data Correction,High,Completed,43,48,Within SLA,0.91,1,Client Services
REQ003884,RPT0056,A002,2025-07-22,2025-07-25,Report Enhancement,Medium,Completed,72,72,Within SLA,1.78,0,Finance
REQ003885,RPT0091,A022,2025-01-12,2025-01-15,Report Enhancement,Low,Completed,77,120,Within SLA,3.17,3,Human Resources
REQ003886,RPT0032,A023,2026-01-30,2026-02-01,Report Issue,High,Completed,26,48,Within SLA,4.83,0,Sales
REQ003887,RPT0028,A023,2025-11-19,2025-11-20,Access Request,Medium,Completed,31,72,Within SLA,0.71,0,Compliance
REQ003888,RPT0092,A011,2026-01-16,2026-01-16,Report Enhancement,Medium,Completed,15,72,Within SLA,2.96,1,Risk
REQ003889,RPT0012,A018,2025-06-12,2025-06-13,Report Enhancement,High,Completed,29,48,Within SLA,3.67,0,Compliance
REQ003890,RPT0068,A025,2024-10-26,2024-10-29,Access Request,Medium,Pending,59,72,Within SLA,6.02,0,Legal
REQ003891,RPT0078,A013,2026-04-12,2026-04-15,Report Enhancement,Low,Completed,55,120,Within SLA,5.39,0,Legal
REQ003892,RPT0020,A008,2025-12-14,2025-12-16,Data Correction,Medium,Completed,37,72,Within SLA,4.99,0,Finance
REQ003893,RPT0082,A006,2025-04-07,2025-04-08,Report Enhancement,High,Completed,32,48,Within SLA,1.9,2,Sales
REQ003894,RPT0043,A006,2026-05-02,2026-05-04,Change Request,Medium,Pending,34,72,Within SLA,0.87,0,Operations
REQ003895,RPT0009,A001,2025-02-28,2025-03-03,Change Request,High,In Progress,64,48,Breached,2.52,0,Legal
REQ003896,RPT0055,A001,2026-02-25,2026-02-28,Report Enhancement,Low,Completed,63,120,Within SLA,6.69,0,Sales
REQ003897,RPT0056,A024,2024-10-17,2024-10-18,Report Enhancement,High,Completed,33,48,Within SLA,8.81,0,Operations
REQ003898,RPT0044,A002,2024-10-23,2024-10-24,Report Issue,High,Completed,13,48,Within SLA,5.46,0,Compliance
REQ003899,RPT0101,A014,2025-03-17,2025-03-19,Report Issue,Medium,In Progress,56,72,Within SLA,4.48,0,Legal
REQ003900,RPT0101,A010,2024-12-18,2024-12-20,Report Issue,High,Completed,44,48,Within SLA,4.33,0,Operations
REQ003901,RPT0054,A023,2025-06-12,2025-06-13,Data Correction,Medium,Completed,25,72,Within SLA,2.25,2,Technology
REQ003902,RPT0111,A001,2026-02-24,2026-02-27,New Report,Low,Completed,64,120,Within SLA,3.03,0,Risk
REQ003903,RPT0113,A001,2026-04-21,2026-04-22,Report Enhancement,Medium,Pending,24,72,Within SLA,10.68,0,Operations
REQ003904,RPT0048,A018,2025-12-26,2026-01-01,Change Request,High,Pending,148,48,Breached,1.72,0,Finance
REQ003905,RPT0099,A019,2024-12-18,2024-12-19,Access Request,High,In Progress,13,48,Within SLA,10.28,1,Operations
REQ003906,RPT0074,A004,2026-03-18,2026-03-22,Change Request,High,Completed,93,48,Breached,2.65,0,Compliance
REQ003907,RPT0010,A016,2025-06-19,2025-06-21,Report Enhancement,Medium,Completed,44,72,Within SLA,8.4,1,Finance
REQ003908,RPT0021,A025,2025-04-23,2025-04-25,Report Enhancement,Low,Completed,42,120,Within SLA,1.24,0,Legal
REQ003909,RPT0055,A003,2025-05-28,2025-05-30,Report Issue,Critical,Pending,52,24,Breached,5.0,0,Risk
REQ003910,RPT0046,A006,2024-11-11,2024-11-13,Report Enhancement,Low,Pending,33,120,Within SLA,1.98,0,Risk
REQ003911,RPT0007,A007,2024-10-31,2024-11-02,New Report,Medium,Pending,61,72,Within SLA,1.23,0,Client Services
REQ003912,RPT0050,A005,2024-08-25,2024-08-28,Report Issue,Low,Pending,87,120,Within SLA,3.87,1,Client Services
REQ003913,RPT0101,A024,2025-04-17,2025-04-18,Data Correction,Medium,Completed,36,72,Within SLA,6.73,2,Risk
REQ003914,RPT0107,A012,2025-08-01,2025-08-02,Report Issue,Low,Completed,31,120,Within SLA,1.84,1,Operations
REQ003915,RPT0107,A021,2025-05-27,2025-05-31,Access Request,Medium,In Progress,88,72,Breached,1.16,0,Operations
REQ003916,RPT0100,A008,2026-04-04,2026-04-23,Report Enhancement,Low,Completed,468,120,Breached,3.11,1,Compliance
REQ003917,RPT0064,A019,2025-03-18,2025-03-22,Change Request,Low,Completed,98,120,Within SLA,3.12,0,Risk
REQ003918,RPT0044,A020,2024-11-08,2024-11-09,New Report,Medium,Completed,19,72,Within SLA,4.87,2,Technology
REQ003919,RPT0109,A001,2024-12-01,2024-12-04,Report Enhancement,Medium,Completed,50,72,Within SLA,6.45,2,Technology
REQ003920,RPT0045,A006,2024-10-27,2024-11-08,Report Issue,Low,In Progress,282,120,Breached,3.18,0,Operations
REQ003921,RPT0016,A013,2025-01-13,2025-01-15,New Report,Low,Completed,51,120,Within SLA,12.17,0,Sales
REQ003922,RPT0104,A014,2025-07-21,2025-07-22,New Report,High,Pending,8,48,Within SLA,3.88,1,Finance
REQ003923,RPT0103,A025,2025-08-04,2025-08-06,Report Enhancement,High,In Progress,39,48,Within SLA,2.61,0,Legal
REQ003924,RPT0004,A013,2025-10-27,2025-10-28,Change Request,Medium,Completed,28,72,Within SLA,1.07,2,Finance
REQ003925,RPT0005,A014,2025-10-25,2025-10-27,Report Enhancement,Medium,Pending,33,72,Within SLA,2.76,2,Risk
REQ003926,RPT0088,A020,2025-09-23,2025-09-24,Report Issue,High,Completed,33,48,Within SLA,2.62,1,Legal
REQ003927,RPT0019,A022,2025-07-03,2025-07-07,Data Correction,Medium,Completed,84,72,Breached,6.5,0,Finance
REQ003928,RPT0056,A006,2024-11-09,2024-11-12,Data Correction,Medium,Completed,67,72,Within SLA,4.59,0,Human Resources
REQ003929,RPT0078,A003,2024-09-10,2024-09-11,Change Request,Medium,Completed,30,72,Within SLA,1.45,1,Human Resources
REQ003930,RPT0081,A013,2024-10-29,2024-11-01,Change Request,Low,Completed,60,120,Within SLA,3.75,0,Operations
REQ003931,RPT0117,A001,2025-05-22,2025-05-23,Access Request,Critical,In Progress,14,24,Within SLA,5.31,0,Risk
REQ003932,RPT0098,A013,2025-10-25,2025-10-27,Report Issue,Medium,Completed,40,72,Within SLA,9.68,0,Technology
REQ003933,RPT0067,A005,2024-11-01,2024-11-04,Change Request,High,Completed,70,48,Breached,6.18,0,Sales
REQ003934,RPT0062,A021,2025-11-27,2025-11-29,Access Request,High,Completed,48,48,Within SLA,5.66,1,Finance
REQ003935,RPT0088,A010,2025-11-28,2025-12-01,New Report,Medium,Completed,65,72,Within SLA,3.46,0,Finance
REQ003936,RPT0092,A005,2026-04-22,2026-04-25,Change Request,Low,Completed,87,120,Within SLA,4.36,0,Human Resources
REQ003937,RPT0050,A002,2025-04-30,2025-05-01,Change Request,Medium,Cancelled,33,72,Within SLA,7.96,2,Finance
REQ003938,RPT0113,A003,2026-06-22,2026-06-25,Report Enhancement,Medium,Pending,65,72,Within SLA,1.31,1,Client Services
REQ003939,RPT0081,A012,2025-06-16,2025-06-17,Change Request,Low,Cancelled,31,120,Within SLA,2.6,0,Compliance
REQ003940,RPT0053,A001,2024-08-30,2024-09-14,Data Correction,Low,Completed,348,120,Breached,1.93,0,Human Resources
REQ003941,RPT0017,A024,2025-04-04,2025-04-05,Report Enhancement,Critical,Completed,11,24,Within SLA,4.33,0,Operations
REQ003942,RPT0034,A024,2025-07-08,2025-07-11,New Report,Medium,Pending,70,72,Within SLA,7.86,0,Compliance
REQ003943,RPT0111,A001,2025-06-18,2025-06-22,Report Issue,Low,Pending,113,120,Within SLA,2.19,0,Legal
REQ003944,RPT0108,A021,2026-04-18,2026-04-21,Access Request,Medium,Completed,70,72,Within SLA,0.62,0,Client Services
REQ003945,RPT0020,A004,2024-10-25,2024-10-28,Access Request,Medium,Completed,56,72,Within SLA,2.49,0,Operations
REQ003946,RPT0073,A022,2026-03-07,2026-03-07,Access Request,High,Completed,13,48,Within SLA,6.29,1,Legal
REQ003947,RPT0020,A010,2026-07-21,2026-07-22,New Report,Medium,In Progress,14,72,Within SLA,4.84,1,Risk
REQ003948,RPT0104,A007,2025-10-29,2025-11-01,Access Request,Medium,Completed,61,72,Within SLA,4.48,2,Human Resources
REQ003949,RPT0111,A005,2026-07-25,2026-07-26,Data Correction,Medium,Completed,30,72,Within SLA,2.73,2,Technology
REQ003950,RPT0096,A025,2025-02-25,2025-02-27,Change Request,High,Completed,41,48,Within SLA,1.36,0,Client Services
REQ003951,RPT0026,A011,2025-11-08,2025-11-13,Report Issue,Low,Completed,119,120,Within SLA,4.76,1,Operations
REQ003952,RPT0043,A002,2025-09-29,2025-10-01,New Report,High,Cancelled,43,48,Within SLA,1.85,1,Compliance
REQ003953,RPT0061,A006,2024-12-30,2025-01-02,Data Correction,Medium,Completed,59,72,Within SLA,15.32,0,Finance
REQ003954,RPT0069,A005,2026-02-04,2026-02-05,Data Correction,Medium,Completed,36,72,Within SLA,4.95,1,Legal
REQ003955,RPT0011,A024,2025-06-12,2025-06-13,Report Enhancement,Critical,Completed,24,24,Within SLA,2.21,0,Risk
REQ003956,RPT0092,A013,2024-12-30,2024-12-31,New Report,Medium,Completed,16,72,Within SLA,2.16,2,Legal
REQ003957,RPT0017,A004,2024-12-06,2024-12-09,Data Correction,Medium,Completed,61,72,Within SLA,3.11,0,Finance
REQ003958,RPT0029,A001,2025-03-17,2025-03-18,Access Request,High,In Progress,13,48,Within SLA,2.81,3,Operations
REQ003959,RPT0112,A020,2025-04-11,2025-04-12,New Report,High,Completed,26,48,Within SLA,7.26,1,Technology
REQ003960,RPT0077,A020,2025-03-17,2025-03-18,Data Correction,Medium,Completed,29,72,Within SLA,3.78,0,Client Services
REQ003961,RPT0114,A009,2025-09-08,2025-09-09,New Report,High,In Progress,31,48,Within SLA,1.99,2,Client Services
REQ003962,RPT0096,A007,2024-12-12,2024-12-15,Change Request,Medium,Pending,82,72,Breached,12.47,1,Sales
REQ003963,RPT0090,A012,2024-10-09,2024-10-10,Change Request,Medium,Completed,43,72,Within SLA,3.44,1,Legal
REQ003964,RPT0120,A016,2024-12-28,2024-12-30,Report Issue,Medium,Completed,45,72,Within SLA,5.69,0,Legal
REQ003965,RPT0064,A020,2025-07-24,2025-07-31,Access Request,Low,In Progress,160,120,Breached,2.17,1,Sales
REQ003966,RPT0037,A019,2025-03-23,2025-03-24,Change Request,Medium,Cancelled,26,72,Within SLA,4.28,0,Finance
REQ003967,RPT0034,A018,2025-07-14,2025-07-16,Change Request,Low,Completed,47,120,Within SLA,4.13,1,Finance
REQ003968,RPT0113,A024,2025-04-10,2025-04-24,Access Request,Low,Completed,333,120,Breached,0.88,1,Legal
REQ003969,RPT0064,A009,2025-09-01,2025-09-02,Change Request,High,Completed,27,48,Within SLA,13.61,1,Finance
REQ003970,RPT0046,A013,2026-04-20,2026-04-24,Access Request,Low,Completed,76,120,Within SLA,8.19,4,Finance
REQ003971,RPT0016,A006,2024-10-19,2024-10-29,New Report,Medium,Completed,228,72,Breached,2.51,2,Legal
REQ003972,RPT0111,A018,2025-05-28,2025-05-30,Change Request,Low,Pending,51,120,Within SLA,1.53,0,Risk
REQ003973,RPT0028,A020,2025-03-04,2025-03-09,Access Request,Medium,Completed,120,72,Breached,4.23,1,Compliance
REQ003974,RPT0056,A019,2025-02-28,2025-03-01,Change Request,High,Pending,31,48,Within SLA,3.53,4,Risk
REQ003975,RPT0114,A009,2026-03-03,2026-03-05,Report Issue,High,Pending,33,48,Within SLA,4.26,0,Legal
REQ003976,RPT0027,A011,2025-12-19,2025-12-19,Data Correction,Critical,Completed,8,24,Within SLA,3.8,2,Legal
REQ003977,RPT0111,A014,2025-09-10,2025-09-17,Report Issue,Medium,Pending,188,72,Breached,4.73,1,Human Resources
REQ003978,RPT0060,A018,2025-11-25,2025-11-30,New Report,Low,Completed,117,120,Within SLA,9.14,1,Operations
REQ003979,RPT0102,A013,2025-12-12,2025-12-14,Access Request,High,Completed,43,48,Within SLA,4.94,3,Sales
REQ003980,RPT0119,A012,2025-01-19,2025-01-21,Report Issue,High,Completed,34,48,Within SLA,1.59,1,Legal
REQ003981,RPT0064,A019,2025-08-11,2025-08-12,Report Issue,High,Completed,24,48,Within SLA,8.62,1,Compliance
REQ003982,RPT0074,A016,2024-11-12,2024-11-14,New Report,Low,Pending,48,120,Within SLA,10.47,0,Risk
REQ003983,RPT0027,A012,2024-12-04,2024-12-06,Access Request,Medium,Completed,43,72,Within SLA,30.16,0,Legal
REQ003984,RPT0010,A019,2025-04-14,2025-04-22,Access Request,Low,Pending,189,120,Breached,1.51,4,Human Resources
REQ003985,RPT0103,A010,2024-08-26,2024-08-26,Change Request,High,Cancelled,9,48,Within SLA,3.94,1,Risk
REQ003986,RPT0087,A016,2025-06-24,2025-06-25,Access Request,High,Pending,20,48,Within SLA,0.77,1,Technology
REQ003987,RPT0043,A010,2025-05-06,2025-05-07,New Report,Medium,Completed,36,72,Within SLA,4.89,1,Legal
REQ003988,RPT0080,A006,2026-06-05,2026-06-06,New Report,Medium,Completed,24,72,Within SLA,2.26,0,Operations
REQ003989,RPT0051,A004,2025-12-15,2025-12-16,Data Correction,Critical,Completed,16,24,Within SLA,12.76,0,Technology
REQ003990,RPT0103,A022,2025-06-12,2025-06-12,Data Correction,High,In Progress,9,48,Within SLA,1.93,1,Operations
REQ003991,RPT0059,A020,2026-05-07,2026-05-08,Data Correction,Critical,Completed,18,24,Within SLA,1.02,0,Technology
REQ003992,RPT0051,A004,2026-06-21,2026-06-22,Access Request,Medium,Completed,23,72,Within SLA,2.39,1,Finance
REQ003993,RPT0008,A012,2025-05-03,2025-05-05,Change Request,High,Completed,35,48,Within SLA,0.83,1,Legal
REQ003994,RPT0080,A016,2025-07-28,2025-07-29,Access Request,Medium,Completed,22,72,Within SLA,5.62,2,Operations
REQ003995,RPT0026,A006,2025-05-08,2025-05-09,Report Issue,High,Completed,31,48,Within SLA,0.78,0,Client Services
REQ003996,RPT0107,A015,2025-07-21,2025-07-24,Access Request,Low,Completed,66,120,Within SLA,3.39,1,Client Services
REQ003997,RPT0076,A014,2026-05-16,2026-05-19,Change Request,Medium,Completed,65,72,Within SLA,0.78,0,Legal
REQ003998,RPT0054,A025,2026-05-22,2026-05-24,Data Correction,Medium,Completed,46,72,Within SLA,2.65,1,Operations
REQ003999,RPT0065,A013,2026-06-19,2026-06-21,New Report,High,Completed,46,48,Within SLA,10.49,3,Client Services
REQ004000,RPT0053,A009,2026-01-08,2026-01-11,Report Enhancement,Medium,Completed,56,72,Within SLA,4.27,4,Sales
REQ004001,RPT0085,A014,2025-11-25,2025-11-27,Access Request,Low,Completed,43,120,Within SLA,1.81,2,Human Resources
REQ004002,RPT0084,A024,2024-12-04,2024-12-05,Report Enhancement,Medium,Pending,28,72,Within SLA,3.25,0,Technology
REQ004003,RPT0011,A012,2025-04-11,2025-04-13,Access Request,Medium,Pending,52,72,Within SLA,3.36,0,Human Resources
REQ004004,RPT0083,A002,2025-04-27,2025-04-28,Report Issue,High,Completed,36,48,Within SLA,4.62,2,Risk
REQ004005,RPT0001,A018,2025-12-02,2025-12-05,Data Correction,Low,Completed,80,120,Within SLA,1.28,1,Sales
REQ004006,RPT0080,A009,2026-02-12,2026-02-13,Report Issue,High,Completed,33,48,Within SLA,5.03,0,Human Resources
REQ004007,RPT0005,A025,2025-01-24,2025-01-26,New Report,Low,Pending,68,120,Within SLA,0.5,2,Client Services
REQ004008,RPT0119,A013,2025-08-28,2025-08-30,Report Enhancement,Low,Completed,51,120,Within SLA,2.14,0,Compliance
REQ004009,RPT0095,A017,2025-04-22,2025-04-23,Change Request,High,Completed,34,48,Within SLA,2.36,0,Finance
REQ004010,RPT0008,A009,2025-01-05,2025-01-06,Report Issue,High,Pending,9,48,Within SLA,5.17,0,Operations
REQ004011,RPT0033,A001,2025-06-26,2025-06-28,Data Correction,Low,Pending,51,120,Within SLA,3.37,4,Human Resources
REQ004012,RPT0112,A018,2025-04-25,2025-04-27,New Report,Low,In Progress,42,120,Within SLA,1.24,0,Client Services
REQ004013,RPT0036,A021,2025-04-04,2025-04-07,Report Issue,Medium,Completed,69,72,Within SLA,1.67,0,Technology
REQ004014,RPT0005,A008,2026-03-14,2026-03-17,Data Correction,Medium,Cancelled,69,72,Within SLA,3.82,0,Compliance
REQ004015,RPT0043,A020,2026-02-11,2026-02-13,Change Request,High,Completed,44,48,Within SLA,3.14,0,Risk
REQ004016,RPT0113,A003,2025-12-25,2025-12-26,New Report,High,In Progress,26,48,Within SLA,2.21,0,Finance
REQ004017,RPT0112,A020,2025-09-06,2025-09-08,Change Request,Medium,Completed,42,72,Within SLA,2.37,0,Human Resources
REQ004018,RPT0073,A021,2025-11-11,2025-11-12,New Report,Medium,Cancelled,28,72,Within SLA,5.4,0,Client Services
REQ004019,RPT0034,A009,2026-04-20,2026-04-23,Change Request,Medium,Cancelled,67,72,Within SLA,2.31,0,Compliance
REQ004020,RPT0076,A007,2025-02-25,2025-02-26,Data Correction,Medium,In Progress,29,72,Within SLA,3.12,0,Human Resources
REQ004021,RPT0060,A001,2025-05-01,2025-05-01,New Report,High,Pending,19,48,Within SLA,15.16,0,Technology
REQ004022,RPT0118,A023,2025-06-09,2025-06-12,Report Enhancement,Medium,Completed,84,72,Breached,1.23,1,Legal
REQ004023,RPT0052,A004,2025-03-26,2025-03-28,Report Issue,High,Pending,46,48,Within SLA,0.91,2,Compliance
REQ004024,RPT0076,A017,2026-05-17,2026-05-20,Report Enhancement,Low,Completed,83,120,Within SLA,5.75,1,Sales
REQ004025,RPT0053,A017,2026-04-23,2026-04-25,Report Issue,Low,In Progress,50,120,Within SLA,2.06,0,Client Services
REQ004026,RPT0009,A025,2025-06-22,2025-06-24,New Report,Medium,In Progress,61,72,Within SLA,2.66,0,Finance
REQ004027,RPT0035,A002,2025-05-31,2025-06-03,Report Issue,High,Completed,62,48,Breached,1.92,2,Client Services
REQ004028,RPT0068,A024,2024-11-17,2024-11-18,New Report,Critical,Completed,19,24,Within SLA,2.77,0,Sales
REQ004029,RPT0045,A015,2026-08-14,2026-08-15,Report Enhancement,Critical,Pending,9,24,Within SLA,10.17,2,Compliance
REQ004030,RPT0038,A009,2025-11-01,2025-11-03,Access Request,High,Completed,26,48,Within SLA,5.82,0,Risk
REQ004031,RPT0071,A017,2025-01-23,2025-01-24,Access Request,Low,Completed,25,120,Within SLA,6.07,2,Compliance
REQ004032,RPT0055,A016,2025-11-24,2025-11-25,Report Issue,High,Pending,24,48,Within SLA,1.23,3,Legal
REQ004033,RPT0114,A002,2025-10-18,2025-10-19,Data Correction,High,Completed,25,48,Within SLA,1.48,4,Legal
REQ004034,RPT0024,A021,2025-01-07,2025-01-10,Report Enhancement,Medium,Pending,59,72,Within SLA,0.5,0,Finance
REQ004035,RPT0020,A014,2026-02-01,2026-02-02,Access Request,Medium,Completed,12,72,Within SLA,1.88,2,Finance
REQ004036,RPT0077,A022,2026-04-09,2026-04-09,New Report,High,Completed,10,48,Within SLA,6.49,1,Technology
REQ004037,RPT0032,A012,2025-10-22,2025-10-26,Access Request,Low,Completed,100,120,Within SLA,4.77,0,Technology
REQ004038,RPT0016,A012,2024-09-10,2024-09-15,Data Correction,Medium,Completed,108,72,Breached,2.84,1,Sales
REQ004039,RPT0019,A021,2026-03-08,2026-03-09,New Report,High,In Progress,21,48,Within SLA,3.27,0,Human Resources
REQ004040,RPT0011,A022,2025-08-14,2025-08-22,Change Request,Low,Cancelled,195,120,Breached,2.05,0,Legal
REQ004041,RPT0017,A002,2026-02-22,2026-02-24,Change Request,Medium,In Progress,56,72,Within SLA,3.83,3,Sales
REQ004042,RPT0008,A012,2025-01-30,2025-01-31,Report Enhancement,High,In Progress,10,48,Within SLA,5.68,2,Sales
REQ004043,RPT0106,A016,2025-07-27,2025-07-30,Report Enhancement,Medium,Completed,70,72,Within SLA,1.07,0,Client Services
REQ004044,RPT0043,A021,2026-05-02,2026-05-05,Change Request,Medium,Completed,59,72,Within SLA,4.09,2,Human Resources
REQ004045,RPT0111,A022,2025-04-04,2025-04-09,Change Request,Medium,Completed,132,72,Breached,6.38,0,Compliance
REQ004046,RPT0112,A004,2026-05-28,2026-05-29,Report Enhancement,High,Completed,25,48,Within SLA,2.48,1,Legal
REQ004047,RPT0068,A017,2026-02-10,2026-02-14,Data Correction,Low,Completed,106,120,Within SLA,5.42,0,Operations
REQ004048,RPT0055,A024,2024-10-13,2024-10-17,Data Correction,High,Completed,92,48,Breached,23.81,0,Human Resources
REQ004049,RPT0091,A025,2026-05-19,2026-05-23,Data Correction,Medium,Completed,108,72,Breached,3.09,0,Sales
REQ004050,RPT0095,A001,2026-06-10,2026-06-11,Report Enhancement,Medium,Completed,19,72,Within SLA,4.37,2,Legal
REQ004051,RPT0118,A011,2026-05-01,2026-05-04,Report Enhancement,Low,Completed,76,120,Within SLA,1.98,0,Finance
REQ004052,RPT0090,A025,2026-04-30,2026-05-01,Access Request,High,Completed,31,48,Within SLA,3.77,0,Compliance
REQ004053,RPT0092,A005,2025-07-04,2025-07-05,Data Correction,High,Completed,12,48,Within SLA,4.58,0,Risk
REQ004054,RPT0064,A016,2026-01-25,2026-01-27,Access Request,Medium,Completed,40,72,Within SLA,3.81,0,Sales
REQ004055,RPT0028,A017,2025-09-12,2025-09-14,Data Correction,Medium,Completed,30,72,Within SLA,1.63,0,Client Services
REQ004056,RPT0005,A001,2024-12-07,2024-12-08,Change Request,High,In Progress,23,48,Within SLA,3.84,0,Client Services
REQ004057,RPT0107,A010,2025-12-25,2025-12-27,New Report,High,Pending,31,48,Within SLA,9.24,0,Technology
REQ004058,RPT0087,A019,2025-04-13,2025-04-13,Access Request,High,Pending,14,48,Within SLA,4.55,0,Human Resources
REQ004059,RPT0044,A001,2025-02-24,2025-02-25,Access Request,Medium,Completed,21,72,Within SLA,6.51,1,Risk
REQ004060,RPT0016,A005,2025-03-05,2025-03-07,Access Request,Medium,Completed,58,72,Within SLA,2.81,0,Risk
REQ004061,RPT0037,A012,2026-01-14,2026-01-17,Access Request,Low,Completed,70,120,Within SLA,5.61,0,Operations
REQ004062,RPT0007,A002,2024-12-18,2024-12-20,Report Issue,Medium,Completed,43,72,Within SLA,4.04,1,Human Resources
REQ004063,RPT0080,A011,2026-02-27,2026-02-27,Data Correction,Critical,Completed,9,24,Within SLA,1.71,0,Human Resources
REQ004064,RPT0085,A007,2025-07-15,2025-07-17,Access Request,High,Cancelled,35,48,Within SLA,4.15,3,Compliance
REQ004065,RPT0054,A014,2026-04-25,2026-04-27,Data Correction,High,Pending,38,48,Within SLA,1.66,2,Legal
REQ004066,RPT0103,A024,2025-06-09,2025-06-11,New Report,Medium,In Progress,34,72,Within SLA,2.13,0,Operations
REQ004067,RPT0012,A012,2024-10-17,2024-10-18,New Report,Medium,In Progress,15,72,Within SLA,3.79,0,Human Resources
REQ004068,RPT0075,A008,2025-08-04,2025-08-08,Report Issue,Medium,Completed,88,72,Breached,4.09,1,Compliance
REQ004069,RPT0032,A003,2025-11-28,2025-11-30,Access Request,Medium,Pending,61,72,Within SLA,1.44,1,Technology
REQ004070,RPT0045,A021,2025-08-28,2025-08-31,New Report,Medium,Cancelled,68,72,Within SLA,6.94,0,Finance
REQ004071,RPT0014,A012,2025-11-16,2025-11-20,New Report,Low,Completed,94,120,Within SLA,4.96,0,Compliance
REQ004072,RPT0087,A024,2025-06-28,2025-07-03,Change Request,Low,Completed,120,120,Within SLA,2.03,0,Compliance
REQ004073,RPT0117,A001,2025-10-10,2025-10-12,Report Issue,Low,Completed,55,120,Within SLA,1.13,0,Compliance
REQ004074,RPT0009,A018,2025-09-18,2025-09-19,Report Enhancement,Medium,Completed,22,72,Within SLA,3.0,4,Legal
REQ004075,RPT0053,A025,2026-08-08,2026-08-11,Report Enhancement,Low,Completed,81,120,Within SLA,2.43,1,Client Services
REQ004076,RPT0095,A001,2026-08-05,2026-08-07,Access Request,Medium,In Progress,29,72,Within SLA,3.59,2,Legal
REQ004077,RPT0052,A014,2026-06-27,2026-06-28,Change Request,Medium,In Progress,23,72,Within SLA,2.57,1,Sales
REQ004078,RPT0033,A015,2026-02-09,2026-02-10,Access Request,Medium,In Progress,38,72,Within SLA,0.81,2,Legal
REQ004079,RPT0031,A015,2025-07-11,2025-07-13,Change Request,High,In Progress,39,48,Within SLA,2.53,0,Human Resources
REQ004080,RPT0035,A020,2025-10-17,2025-10-20,Report Enhancement,Low,In Progress,84,120,Within SLA,2.68,2,Risk
REQ004081,RPT0050,A020,2024-09-18,2024-09-19,Data Correction,Medium,Completed,17,72,Within SLA,5.17,3,Compliance
REQ004082,RPT0056,A013,2026-04-27,2026-04-27,Report Enhancement,Medium,Completed,17,72,Within SLA,2.04,0,Sales
REQ004083,RPT0102,A019,2025-05-27,2025-05-28,Report Issue,Low,Completed,25,120,Within SLA,10.75,1,Finance
REQ004084,RPT0050,A014,2026-02-16,2026-02-18,Report Enhancement,High,Pending,25,48,Within SLA,0.87,1,Legal
REQ004085,RPT0101,A005,2026-07-17,2026-07-18,New Report,Critical,Completed,19,24,Within SLA,8.31,0,Compliance
REQ004086,RPT0018,A006,2026-05-13,2026-05-14,Report Issue,High,Completed,16,48,Within SLA,2.84,1,Finance
REQ004087,RPT0050,A022,2025-10-12,2025-10-14,Change Request,Medium,Completed,57,72,Within SLA,6.06,0,Operations
REQ004088,RPT0042,A016,2025-11-25,2025-11-26,Change Request,Medium,Completed,31,72,Within SLA,3.51,4,Legal
REQ004089,RPT0103,A011,2025-12-29,2026-01-01,Change Request,Low,Completed,66,120,Within SLA,7.37,0,Client Services
REQ004090,RPT0103,A015,2026-08-01,2026-08-04,Report Issue,Medium,Pending,70,72,Within SLA,2.53,0,Legal
REQ004091,RPT0095,A005,2024-10-26,2024-10-28,Access Request,Medium,Completed,68,72,Within SLA,1.54,0,Technology
REQ004092,RPT0034,A007,2024-11-13,2024-11-14,Report Issue,High,In Progress,24,48,Within SLA,8.97,3,Technology
REQ004093,RPT0113,A009,2026-04-10,2026-04-19,Change Request,Low,Completed,228,120,Breached,3.07,0,Sales
REQ004094,RPT0057,A009,2025-03-01,2025-03-03,Change Request,Low,Completed,35,120,Within SLA,3.88,0,Client Services
REQ004095,RPT0074,A003,2026-01-13,2026-01-15,Report Issue,Low,Completed,30,120,Within SLA,7.88,0,Legal
REQ004096,RPT0013,A008,2026-01-19,2026-01-21,Data Correction,Medium,In Progress,63,72,Within SLA,1.61,0,Compliance
REQ004097,RPT0025,A006,2025-05-23,2025-05-24,Data Correction,High,Completed,11,48,Within SLA,5.04,1,Risk
REQ004098,RPT0027,A006,2024-12-28,2024-12-29,Report Issue,Medium,Pending,42,72,Within SLA,2.2,0,Client Services
REQ004099,RPT0071,A004,2026-01-05,2026-01-08,Report Issue,Medium,In Progress,61,72,Within SLA,3.03,0,Finance
REQ004100,RPT0106,A016,2025-12-09,2025-12-13,Access Request,Low,Cancelled,88,120,Within SLA,3.49,0,Finance
REQ004101,RPT0116,A021,2024-09-24,2024-09-25,New Report,Medium,Completed,17,72,Within SLA,1.16,0,Sales
REQ004102,RPT0017,A016,2025-11-01,2025-11-03,Report Enhancement,High,Completed,47,48,Within SLA,1.92,0,Finance
REQ004103,RPT0028,A011,2026-01-04,2026-01-10,Report Issue,Low,Completed,156,120,Breached,8.55,2,Legal
REQ004104,RPT0115,A024,2026-01-29,2026-01-30,Change Request,Low,Pending,24,120,Within SLA,6.17,0,Human Resources
REQ004105,RPT0114,A005,2026-01-05,2026-01-06,New Report,Low,Completed,25,120,Within SLA,3.18,0,Operations
REQ004106,RPT0059,A004,2025-06-27,2025-06-28,Access Request,Medium,Completed,33,72,Within SLA,3.94,0,Sales
REQ004107,RPT0017,A015,2026-03-28,2026-03-29,Access Request,Low,Pending,29,120,Within SLA,2.7,0,Sales
REQ004108,RPT0006,A006,2025-05-05,2025-05-07,Change Request,High,Completed,35,48,Within SLA,8.58,0,Compliance
REQ004109,RPT0098,A005,2026-05-01,2026-05-02,Change Request,Medium,Pending,34,72,Within SLA,2.89,0,Sales
REQ004110,RPT0007,A022,2025-07-21,2025-07-22,Access Request,Medium,Completed,38,72,Within SLA,3.91,0,Compliance
REQ004111,RPT0001,A001,2024-11-11,2024-11-13,Access Request,Medium,Completed,60,72,Within SLA,7.41,0,Human Resources
REQ004112,RPT0075,A001,2024-08-29,2024-08-30,Report Issue,High,Pending,35,48,Within SLA,1.93,0,Human Resources
REQ004113,RPT0050,A015,2024-11-05,2024-11-06,Access Request,Critical,In Progress,28,24,Breached,9.89,0,Compliance
REQ004114,RPT0090,A008,2025-03-09,2025-03-10,Change Request,Critical,Completed,8,24,Within SLA,1.14,0,Finance
REQ004115,RPT0011,A014,2025-02-09,2025-02-10,Report Issue,High,Completed,26,48,Within SLA,10.39,1,Human Resources
REQ004116,RPT0014,A023,2025-09-21,2025-09-23,Access Request,High,Pending,45,48,Within SLA,2.56,0,Legal
REQ004117,RPT0068,A011,2026-03-24,2026-03-27,Change Request,Low,Completed,74,120,Within SLA,2.8,0,Human Resources
REQ004118,RPT0084,A003,2025-09-27,2025-10-07,Report Issue,Low,Completed,232,120,Breached,0.88,2,Human Resources
REQ004119,RPT0029,A007,2025-10-28,2025-10-30,Report Issue,Medium,Completed,61,72,Within SLA,2.41,0,Sales
REQ004120,RPT0031,A001,2025-11-14,2025-11-15,Access Request,High,In Progress,22,48,Within SLA,1.6,0,Human Resources
REQ004121,RPT0007,A001,2026-02-06,2026-02-07,Access Request,High,Completed,27,48,Within SLA,2.17,1,Legal
REQ004122,RPT0005,A021,2025-11-10,2025-11-13,Data Correction,Low,In Progress,57,120,Within SLA,3.02,3,Risk
REQ004123,RPT0024,A011,2025-02-08,2025-02-09,New Report,High,Completed,25,48,Within SLA,6.49,0,Risk
REQ004124,RPT0081,A019,2025-08-02,2025-08-03,Report Enhancement,High,Pending,22,48,Within SLA,3.84,3,Client Services
REQ004125,RPT0059,A013,2025-06-07,2025-06-09,New Report,Medium,Pending,46,72,Within SLA,4.12,0,Client Services
REQ004126,RPT0089,A025,2025-06-20,2025-06-24,Data Correction,Low,Completed,87,120,Within SLA,1.54,0,Compliance
REQ004127,RPT0115,A019,2025-08-15,2025-08-16,New Report,High,Completed,11,48,Within SLA,1.79,1,Operations
REQ004128,RPT0076,A007,2026-04-12,2026-04-14,Access Request,Medium,Completed,27,72,Within SLA,11.69,0,Technology
REQ004129,RPT0039,A002,2026-01-30,2026-02-01,Data Correction,Medium,Completed,50,72,Within SLA,1.98,0,Technology
REQ004130,RPT0106,A005,2025-11-21,2025-11-22,Data Correction,High,Pending,26,48,Within SLA,10.58,2,Human Resources
REQ004131,RPT0049,A012,2026-02-08,2026-02-18,Report Enhancement,Low,Pending,249,120,Breached,2.8,2,Finance
REQ004132,RPT0042,A014,2025-09-13,2025-09-14,Report Enhancement,Medium,Completed,12,72,Within SLA,3.33,2,Risk
REQ004133,RPT0053,A001,2024-12-16,2024-12-16,Report Issue,High,Completed,15,48,Within SLA,7.02,2,Risk
REQ004134,RPT0056,A017,2025-05-15,2025-05-18,Report Issue,Medium,In Progress,64,72,Within SLA,8.09,0,Finance
REQ004135,RPT0084,A003,2024-09-09,2024-09-11,Report Issue,Low,Cancelled,52,120,Within SLA,3.07,0,Sales
REQ004136,RPT0026,A005,2025-08-30,2025-09-04,Report Enhancement,Low,Completed,107,120,Within SLA,2.53,0,Client Services
REQ004137,RPT0086,A022,2024-11-10,2024-11-10,Report Issue,Medium,Completed,13,72,Within SLA,3.19,2,Legal
REQ004138,RPT0086,A019,2025-04-07,2025-04-09,Access Request,Medium,Completed,43,72,Within SLA,4.21,0,Client Services
REQ004139,RPT0043,A014,2025-07-10,2025-07-12,Change Request,Medium,Completed,68,72,Within SLA,6.2,0,Technology
REQ004140,RPT0077,A012,2026-08-06,2026-08-07,Data Correction,Medium,Cancelled,40,72,Within SLA,3.33,0,Technology
REQ004141,RPT0046,A004,2024-10-26,2024-10-28,Report Issue,High,In Progress,45,48,Within SLA,5.12,0,Compliance
REQ004142,RPT0085,A015,2024-11-19,2024-11-21,Data Correction,Medium,Pending,58,72,Within SLA,10.45,3,Sales
REQ004143,RPT0046,A004,2026-05-28,2026-05-29,Report Issue,Medium,In Progress,23,72,Within SLA,4.34,0,Technology
REQ004144,RPT0047,A018,2026-03-11,2026-03-12,Access Request,High,Pending,41,48,Within SLA,4.13,0,Operations
REQ004145,RPT0037,A016,2024-12-09,2024-12-13,Report Enhancement,Low,Completed,117,120,Within SLA,1.15,0,Client Services
REQ004146,RPT0043,A021,2025-05-18,2025-05-22,Report Enhancement,Low,Pending,102,120,Within SLA,0.53,1,Legal
REQ004147,RPT0097,A004,2025-04-20,2025-04-23,Data Correction,Low,Completed,73,120,Within SLA,4.36,1,Risk
REQ004148,RPT0049,A009,2025-05-14,2025-05-15,Data Correction,Low,Completed,34,120,Within SLA,3.11,0,Technology
REQ004149,RPT0073,A014,2025-08-09,2025-08-12,Report Issue,Medium,Completed,63,72,Within SLA,2.32,1,Compliance
REQ004150,RPT0072,A016,2026-04-22,2026-04-23,Change Request,Medium,In Progress,25,72,Within SLA,3.94,0,Legal
REQ004151,RPT0062,A012,2025-01-28,2025-02-12,Change Request,Low,Completed,364,120,Breached,3.18,1,Compliance
REQ004152,RPT0077,A022,2025-09-29,2025-10-01,Change Request,Medium,Completed,39,72,Within SLA,7.31,0,Sales
REQ004153,RPT0052,A019,2025-08-31,2025-09-01,Report Enhancement,Critical,Completed,36,24,Breached,3.53,1,Compliance
REQ004154,RPT0017,A005,2025-05-18,2025-05-19,Data Correction,High,Completed,22,48,Within SLA,1.97,0,Compliance
REQ004155,RPT0102,A008,2025-08-25,2025-08-27,New Report,Medium,Completed,39,72,Within SLA,6.64,3,Sales
REQ004156,RPT0008,A011,2024-11-04,2024-11-06,Report Issue,High,Pending,31,48,Within SLA,2.85,1,Human Resources
REQ004157,RPT0059,A010,2025-07-27,2025-07-29,Access Request,Medium,Completed,42,72,Within SLA,4.8,1,Compliance
REQ004158,RPT0045,A008,2026-03-04,2026-03-05,New Report,High,In Progress,21,48,Within SLA,2.38,0,Legal
REQ004159,RPT0019,A015,2026-02-13,2026-02-16,Report Issue,Low,In Progress,87,120,Within SLA,2.11,2,Risk
REQ004160,RPT0090,A012,2025-08-07,2025-08-09,New Report,Medium,Completed,58,72,Within SLA,3.52,0,Client Services
REQ004161,RPT0074,A004,2025-04-25,2025-04-28,Report Issue,Medium,Completed,68,72,Within SLA,3.35,0,Technology
REQ004162,RPT0069,A011,2024-10-12,2024-10-13,Report Enhancement,Medium,Pending,41,72,Within SLA,4.65,2,Human Resources
REQ004163,RPT0118,A009,2025-04-11,2025-04-12,New Report,Medium,In Progress,26,72,Within SLA,2.75,1,Sales
REQ004164,RPT0100,A024,2024-09-24,2024-09-25,New Report,Low,In Progress,26,120,Within SLA,0.92,2,Client Services
REQ004165,RPT0001,A004,2026-05-12,2026-05-15,Data Correction,Medium,Completed,65,72,Within SLA,2.45,0,Legal
REQ004166,RPT0080,A021,2026-02-24,2026-02-26,New Report,Medium,Pending,51,72,Within SLA,5.79,2,Operations
REQ004167,RPT0042,A007,2024-11-18,2024-11-19,Change Request,Critical,In Progress,22,24,Within SLA,2.7,0,Legal
REQ004168,RPT0005,A007,2024-09-07,2024-09-09,Data Correction,High,Pending,36,48,Within SLA,2.79,1,Sales
REQ004169,RPT0037,A022,2026-06-11,2026-06-12,Access Request,Medium,Completed,17,72,Within SLA,6.62,2,Risk
REQ004170,RPT0021,A001,2025-05-14,2025-05-17,Access Request,Low,Pending,66,120,Within SLA,2.02,0,Risk
REQ004171,RPT0090,A006,2026-01-06,2026-01-07,New Report,High,Completed,24,48,Within SLA,1.13,1,Risk
REQ004172,RPT0057,A008,2024-11-13,2024-11-17,Report Issue,Low,Completed,86,120,Within SLA,2.97,0,Sales
REQ004173,RPT0119,A011,2026-01-28,2026-01-29,Change Request,Medium,Completed,15,72,Within SLA,2.37,2,Sales
REQ004174,RPT0032,A019,2026-05-04,2026-05-05,Access Request,Medium,In Progress,15,72,Within SLA,1.69,1,Legal
REQ004175,RPT0010,A009,2024-12-26,2025-01-01,New Report,Low,Completed,138,120,Breached,2.94,0,Operations
REQ004176,RPT0044,A013,2026-08-13,2026-08-15,Report Issue,Low,Pending,45,120,Within SLA,4.68,0,Operations
REQ004177,RPT0011,A017,2026-03-19,2026-03-20,Access Request,Medium,Pending,33,72,Within SLA,3.3,1,Human Resources
REQ004178,RPT0103,A001,2025-02-26,2025-02-28,Data Correction,Low,Completed,49,120,Within SLA,4.12,0,Risk
REQ004179,RPT0056,A023,2025-09-25,2025-09-28,Report Enhancement,Medium,Pending,63,72,Within SLA,11.82,0,Human Resources
REQ004180,RPT0071,A006,2025-01-03,2025-01-05,Report Enhancement,Low,Completed,36,120,Within SLA,2.61,1,Finance
REQ004181,RPT0105,A019,2025-10-23,2025-10-24,Report Issue,Medium,In Progress,31,72,Within SLA,4.03,0,Operations
REQ004182,RPT0035,A017,2024-12-23,2024-12-24,Report Issue,Medium,In Progress,22,72,Within SLA,2.32,2,Operations
REQ004183,RPT0047,A023,2025-05-05,2025-05-06,Data Correction,Low,Completed,34,120,Within SLA,1.84,0,Technology
REQ004184,RPT0020,A001,2025-10-29,2025-10-31,Report Enhancement,Medium,Completed,30,72,Within SLA,2.2,0,Operations
REQ004185,RPT0007,A020,2025-07-18,2025-07-19,Change Request,High,Completed,36,48,Within SLA,2.37,0,Legal
REQ004186,RPT0067,A013,2025-08-14,2025-08-17,Report Issue,Medium,Completed,51,72,Within SLA,4.27,0,Technology
REQ004187,RPT0103,A020,2025-02-17,2025-02-19,Data Correction,Medium,Completed,56,72,Within SLA,17.19,0,Operations
REQ004188,RPT0014,A014,2026-05-02,2026-05-04,Change Request,Medium,Completed,54,72,Within SLA,2.01,1,Sales
REQ004189,RPT0020,A024,2025-07-01,2025-07-04,Data Correction,Medium,Completed,70,72,Within SLA,2.48,0,Operations
REQ004190,RPT0113,A005,2025-12-23,2025-12-23,Report Enhancement,Medium,Pending,18,72,Within SLA,3.18,0,Compliance
REQ004191,RPT0031,A010,2025-01-11,2025-01-13,New Report,Medium,Pending,46,72,Within SLA,4.38,2,Risk
REQ004192,RPT0093,A024,2025-01-12,2025-01-13,Report Enhancement,Medium,In Progress,12,72,Within SLA,3.99,0,Sales
REQ004193,RPT0021,A001,2025-12-31,2026-01-01,Access Request,Low,Completed,34,120,Within SLA,8.16,4,Risk
REQ004194,RPT0069,A014,2026-01-13,2026-01-18,Data Correction,Low,Pending,120,120,Within SLA,0.61,0,Client Services
REQ004195,RPT0118,A024,2025-07-22,2025-07-23,New Report,High,Completed,9,48,Within SLA,0.62,0,Compliance
REQ004196,RPT0082,A023,2025-06-24,2025-06-25,Report Issue,Critical,Pending,23,24,Within SLA,2.35,0,Technology
REQ004197,RPT0115,A016,2024-09-12,2024-09-13,Report Issue,Medium,Completed,15,72,Within SLA,7.16,1,Client Services
REQ004198,RPT0089,A002,2026-03-16,2026-03-19,Change Request,Low,Completed,67,120,Within SLA,1.11,0,Finance
REQ004199,RPT0087,A025,2025-12-10,2025-12-12,Change Request,High,In Progress,31,48,Within SLA,0.5,0,Client Services
REQ004200,RPT0045,A010,2026-07-07,2026-07-08,Change Request,Medium,Completed,20,72,Within SLA,4.95,0,Operations
REQ004201,RPT0023,A016,2025-01-21,2025-01-23,Access Request,High,In Progress,42,48,Within SLA,3.94,0,Technology
REQ004202,RPT0024,A008,2025-08-05,2025-08-05,Report Issue,Critical,In Progress,9,24,Within SLA,1.55,0,Legal
REQ004203,RPT0083,A007,2025-11-23,2025-11-27,Report Issue,Low,Completed,89,120,Within SLA,1.67,2,Risk
REQ004204,RPT0118,A002,2025-07-20,2025-07-21,Access Request,Medium,Completed,13,72,Within SLA,1.68,4,Sales
REQ004205,RPT0030,A003,2025-06-19,2025-06-21,Change Request,Medium,Completed,69,72,Within SLA,3.59,1,Legal
REQ004206,RPT0088,A019,2024-08-24,2024-08-25,Report Enhancement,Medium,Completed,16,72,Within SLA,2.14,1,Risk
REQ004207,RPT0008,A012,2026-02-19,2026-02-21,Report Issue,Low,Completed,55,120,Within SLA,4.69,0,Finance
REQ004208,RPT0093,A018,2025-02-03,2025-02-03,Access Request,Critical,Cancelled,2,24,Within SLA,0.5,0,Legal
REQ004209,RPT0026,A012,2025-01-27,2025-01-29,Data Correction,Medium,In Progress,51,72,Within SLA,1.82,2,Client Services
REQ004210,RPT0120,A001,2025-03-25,2025-03-28,Access Request,Medium,In Progress,76,72,Breached,1.51,0,Human Resources
REQ004211,RPT0046,A009,2026-03-28,2026-03-31,Report Enhancement,Medium,Completed,64,72,Within SLA,2.77,0,Risk
REQ004212,RPT0096,A011,2026-02-18,2026-02-21,Change Request,High,Completed,58,48,Breached,2.28,1,Operations
REQ004213,RPT0118,A024,2026-05-11,2026-05-12,Data Correction,Medium,Completed,25,72,Within SLA,5.8,0,Operations
REQ004214,RPT0104,A014,2026-05-01,2026-05-04,New Report,Medium,Completed,66,72,Within SLA,0.9,3,Compliance
REQ004215,RPT0004,A009,2024-10-08,2024-10-08,Access Request,High,In Progress,8,48,Within SLA,3.43,0,Operations
REQ004216,RPT0111,A023,2025-11-12,2025-11-17,Access Request,Low,Pending,126,120,Breached,4.91,0,Client Services
REQ004217,RPT0106,A022,2024-11-08,2024-11-08,Report Enhancement,High,Completed,10,48,Within SLA,12.18,0,Risk
REQ004218,RPT0114,A017,2026-05-04,2026-05-04,Change Request,Medium,Completed,20,72,Within SLA,2.37,0,Compliance
REQ004219,RPT0041,A005,2026-06-29,2026-06-30,Data Correction,High,Completed,36,48,Within SLA,4.17,2,Operations
REQ004220,RPT0097,A016,2025-10-12,2025-10-13,New Report,High,Completed,28,48,Within SLA,0.94,0,Compliance
REQ004221,RPT0115,A001,2025-01-13,2025-01-15,New Report,Low,Completed,50,120,Within SLA,0.62,4,Legal
REQ004222,RPT0043,A019,2025-06-01,2025-06-01,Report Enhancement,Medium,Cancelled,15,72,Within SLA,6.0,1,Sales
REQ004223,RPT0054,A010,2025-05-01,2025-05-04,Report Issue,High,Completed,84,48,Breached,3.31,0,Legal
REQ004224,RPT0010,A023,2025-01-21,2025-01-22,Data Correction,High,In Progress,40,48,Within SLA,7.58,0,Sales
REQ004225,RPT0009,A014,2025-08-11,2025-08-12,New Report,Medium,Completed,20,72,Within SLA,1.27,3,Legal
REQ004226,RPT0037,A019,2024-11-17,2024-11-19,Access Request,Medium,Completed,52,72,Within SLA,4.78,1,Client Services
REQ004227,RPT0086,A016,2025-03-12,2025-03-13,New Report,Low,Completed,26,120,Within SLA,12.28,1,Sales
REQ004228,RPT0112,A002,2026-01-23,2026-01-25,Change Request,High,Completed,48,48,Within SLA,4.45,0,Finance
REQ004229,RPT0016,A008,2026-06-22,2026-06-22,Data Correction,High,Completed,8,48,Within SLA,4.03,0,Human Resources
REQ004230,RPT0061,A025,2025-09-05,2025-09-07,Data Correction,Medium,In Progress,48,72,Within SLA,3.34,0,Risk
REQ004231,RPT0111,A023,2025-10-04,2025-10-06,Report Issue,Medium,In Progress,50,72,Within SLA,1.11,0,Client Services
REQ004232,RPT0103,A025,2025-12-30,2026-01-02,Change Request,Medium,Completed,62,72,Within SLA,8.58,1,Legal
REQ004233,RPT0055,A016,2025-04-21,2025-04-24,Report Enhancement,Medium,In Progress,69,72,Within SLA,2.16,0,Client Services
REQ004234,RPT0102,A007,2025-11-27,2025-11-29,Data Correction,High,Completed,38,48,Within SLA,4.73,0,Legal
REQ004235,RPT0021,A002,2025-06-18,2025-06-20,New Report,Medium,Completed,51,72,Within SLA,1.11,1,Sales
REQ004236,RPT0095,A017,2025-12-08,2025-12-13,Report Enhancement,Medium,Completed,105,72,Breached,1.45,0,Technology
REQ004237,RPT0015,A018,2025-06-21,2025-06-23,Report Enhancement,High,Completed,37,48,Within SLA,9.07,0,Legal
REQ004238,RPT0094,A022,2025-11-19,2025-11-24,Report Issue,Low,Cancelled,98,120,Within SLA,2.6,1,Finance
REQ004239,RPT0066,A011,2024-11-17,2024-11-19,Change Request,Medium,In Progress,34,72,Within SLA,9.18,2,Compliance
REQ004240,RPT0093,A005,2025-05-18,2025-05-22,Report Enhancement,Low,Cancelled,105,120,Within SLA,3.14,1,Finance
REQ004241,RPT0024,A015,2025-05-21,2025-05-23,Data Correction,High,Pending,46,48,Within SLA,0.91,0,Operations
REQ004242,RPT0109,A014,2026-06-08,2026-06-11,Report Issue,Medium,Completed,72,72,Within SLA,6.2,0,Client Services
REQ004243,RPT0046,A007,2025-08-11,2025-08-15,New Report,Low,Completed,83,120,Within SLA,2.2,0,Client Services
REQ004244,RPT0084,A012,2025-12-13,2025-12-15,Report Enhancement,Medium,Completed,55,72,Within SLA,5.41,0,Human Resources
REQ004245,RPT0098,A017,2025-01-02,2025-01-04,Change Request,Medium,Completed,71,72,Within SLA,3.38,0,Technology
REQ004246,RPT0076,A006,2026-05-15,2026-05-17,Access Request,Medium,Cancelled,67,72,Within SLA,1.13,3,Risk
REQ004247,RPT0086,A001,2026-01-26,2026-01-26,New Report,High,Completed,10,48,Within SLA,3.72,0,Sales
REQ004248,RPT0016,A006,2026-02-20,2026-02-21,New Report,High,Completed,39,48,Within SLA,15.45,0,Sales
REQ004249,RPT0115,A009,2026-05-04,2026-05-09,Access Request,Low,Completed,109,120,Within SLA,4.69,1,Operations
REQ004250,RPT0067,A014,2025-04-09,2025-04-09,New Report,Critical,Cancelled,19,24,Within SLA,3.19,0,Sales
REQ004251,RPT0064,A002,2026-08-04,2026-08-07,Data Correction,Low,Completed,61,120,Within SLA,7.05,3,Sales
REQ004252,RPT0065,A015,2025-12-11,2025-12-12,Report Enhancement,Medium,Completed,19,72,Within SLA,3.85,3,Client Services
REQ004253,RPT0085,A010,2025-11-22,2025-11-25,New Report,Low,Completed,83,120,Within SLA,3.84,1,Compliance
REQ004254,RPT0068,A019,2024-10-25,2024-10-28,New Report,Medium,Completed,65,72,Within SLA,1.55,0,Client Services
REQ004255,RPT0008,A009,2026-01-25,2026-01-25,Report Issue,High,Completed,11,48,Within SLA,3.91,1,Compliance
REQ004256,RPT0065,A019,2024-12-03,2024-12-03,Report Enhancement,Critical,Pending,16,24,Within SLA,6.85,2,Risk
REQ004257,RPT0068,A004,2025-04-21,2025-04-22,Data Correction,Medium,Completed,30,72,Within SLA,1.85,0,Operations
REQ004258,RPT0018,A008,2024-11-20,2024-11-23,Report Issue,Low,Completed,78,120,Within SLA,9.0,0,Operations
REQ004259,RPT0048,A020,2025-02-22,2025-02-24,Data Correction,High,In Progress,62,48,Breached,3.11,0,Operations
REQ004260,RPT0026,A024,2025-04-15,2025-04-17,Access Request,Low,Completed,54,120,Within SLA,1.78,0,Risk
REQ004261,RPT0102,A023,2024-11-19,2024-11-21,Data Correction,High,Pending,38,48,Within SLA,6.67,3,Human Resources
REQ004262,RPT0016,A003,2025-01-10,2025-01-13,Change Request,Medium,Completed,68,72,Within SLA,2.72,0,Human Resources
REQ004263,RPT0082,A005,2025-06-06,2025-06-11,Data Correction,Low,Completed,99,120,Within SLA,5.65,2,Finance
REQ004264,RPT0007,A002,2026-02-10,2026-02-15,Access Request,Low,Completed,118,120,Within SLA,2.71,1,Human Resources
REQ004265,RPT0055,A015,2024-12-08,2024-12-11,Change Request,Low,Cancelled,63,120,Within SLA,3.18,1,Compliance
REQ004266,RPT0100,A014,2025-09-21,2025-09-23,Report Issue,High,Pending,43,48,Within SLA,4.69,0,Operations
REQ004267,RPT0092,A020,2025-06-18,2025-06-19,New Report,High,Completed,28,48,Within SLA,4.07,1,Sales
REQ004268,RPT0043,A011,2025-07-11,2025-07-12,Data Correction,High,Completed,13,48,Within SLA,0.82,2,Compliance
REQ004269,RPT0068,A005,2025-11-27,2025-11-28,Access Request,High,Cancelled,28,48,Within SLA,1.51,0,Human Resources
REQ004270,RPT0040,A002,2024-12-06,2024-12-08,New Report,Medium,Completed,51,72,Within SLA,6.36,2,Risk
REQ004271,RPT0066,A002,2025-11-10,2025-11-13,Change Request,Low,Completed,71,120,Within SLA,3.03,2,Compliance
REQ004272,RPT0004,A016,2025-06-15,2025-06-15,Report Issue,High,Completed,18,48,Within SLA,2.3,0,Human Resources
REQ004273,RPT0081,A015,2025-07-15,2025-07-22,New Report,High,In Progress,160,48,Breached,1.28,2,Compliance
REQ004274,RPT0036,A023,2025-01-12,2025-01-13,Data Correction,Medium,In Progress,30,72,Within SLA,1.56,0,Client Services
REQ004275,RPT0034,A019,2025-09-03,2025-09-05,Access Request,Medium,Completed,61,72,Within SLA,0.81,1,Compliance
REQ004276,RPT0069,A017,2025-12-27,2025-12-28,New Report,Medium,Completed,30,72,Within SLA,3.09,0,Risk
REQ004277,RPT0047,A007,2025-10-12,2025-10-14,Access Request,Medium,Completed,59,72,Within SLA,2.18,0,Client Services
REQ004278,RPT0084,A010,2026-02-10,2026-02-13,Access Request,Medium,In Progress,64,72,Within SLA,1.69,0,Technology
REQ004279,RPT0060,A006,2026-08-04,2026-08-05,New Report,Medium,Completed,13,72,Within SLA,3.17,0,Human Resources
REQ004280,RPT0097,A014,2026-01-04,2026-01-05,Data Correction,High,Completed,20,48,Within SLA,4.28,0,Finance
REQ004281,RPT0060,A001,2026-08-13,2026-08-17,Report Enhancement,High,Completed,88,48,Breached,14.37,1,Client Services
REQ004282,RPT0014,A023,2025-01-02,2025-01-05,Report Enhancement,Low,Cancelled,70,120,Within SLA,1.15,2,Client Services
REQ004283,RPT0084,A008,2025-10-26,2025-10-27,Data Correction,Low,In Progress,31,120,Within SLA,7.48,0,Sales
REQ004284,RPT0020,A015,2024-12-28,2024-12-31,Change Request,Medium,Completed,71,72,Within SLA,6.56,3,Legal
REQ004285,RPT0064,A019,2025-09-05,2025-09-06,Report Enhancement,Medium,In Progress,27,72,Within SLA,1.92,1,Sales
REQ004286,RPT0096,A012,2025-04-02,2025-04-05,Report Enhancement,Medium,Completed,71,72,Within SLA,3.83,1,Human Resources
REQ004287,RPT0014,A016,2024-12-07,2024-12-08,Access Request,High,Pending,19,48,Within SLA,2.41,0,Sales
REQ004288,RPT0030,A005,2025-01-13,2025-01-14,Report Issue,High,In Progress,17,48,Within SLA,3.78,0,Risk
REQ004289,RPT0111,A022,2025-04-22,2025-04-23,Report Issue,Medium,Completed,25,72,Within SLA,9.55,0,Risk
REQ004290,RPT0099,A022,2026-06-05,2026-06-08,Access Request,Medium,Completed,70,72,Within SLA,5.07,1,Sales
REQ004291,RPT0021,A018,2025-08-06,2025-08-07,New Report,Medium,Pending,33,72,Within SLA,4.74,0,Technology
REQ004292,RPT0091,A005,2025-12-15,2025-12-15,Change Request,Medium,Cancelled,13,72,Within SLA,2.46,3,Legal
REQ004293,RPT0044,A019,2024-10-01,2024-10-04,Report Issue,Medium,Completed,61,72,Within SLA,1.17,1,Human Resources
REQ004294,RPT0054,A016,2026-06-24,2026-06-24,Change Request,High,Pending,16,48,Within SLA,2.87,3,Client Services
REQ004295,RPT0097,A008,2025-05-26,2025-05-29,Data Correction,Low,Completed,64,120,Within SLA,7.73,0,Client Services
REQ004296,RPT0054,A025,2024-08-28,2024-08-29,Change Request,High,Completed,36,48,Within SLA,1.14,0,Risk
REQ004297,RPT0057,A025,2025-09-01,2025-09-02,New Report,High,Completed,30,48,Within SLA,1.59,0,Risk
REQ004298,RPT0067,A013,2024-12-05,2024-12-07,New Report,Medium,Pending,52,72,Within SLA,3.63,4,Technology
REQ004299,RPT0015,A001,2025-01-19,2025-01-22,Data Correction,Low,Completed,70,120,Within SLA,1.67,0,Human Resources
REQ004300,RPT0086,A019,2026-05-16,2026-05-22,Change Request,Low,Completed,144,120,Breached,1.91,0,Human Resources
REQ004301,RPT0116,A008,2025-06-15,2025-06-16,New Report,Medium,Completed,26,72,Within SLA,2.47,2,Operations
REQ004302,RPT0095,A010,2025-10-31,2025-11-03,Change Request,Medium,Cancelled,68,72,Within SLA,1.28,3,Legal
REQ004303,RPT0117,A012,2025-09-17,2025-09-19,Data Correction,Low,Cancelled,44,120,Within SLA,1.68,0,Finance
REQ004304,RPT0023,A001,2026-01-10,2026-01-12,Report Enhancement,Low,Completed,52,120,Within SLA,5.43,0,Legal
REQ004305,RPT0075,A025,2025-09-09,2025-09-10,Report Issue,Medium,Completed,22,72,Within SLA,1.33,0,Sales
REQ004306,RPT0099,A002,2025-07-04,2025-07-09,Data Correction,Low,Completed,106,120,Within SLA,1.08,1,Risk
REQ004307,RPT0067,A024,2026-02-03,2026-02-08,Change Request,Low,Pending,103,120,Within SLA,2.14,2,Client Services
REQ004308,RPT0105,A018,2025-09-06,2025-09-15,Data Correction,Low,Completed,206,120,Breached,5.54,0,Legal
REQ004309,RPT0009,A015,2025-07-09,2025-07-10,Report Enhancement,Low,Completed,24,120,Within SLA,2.89,0,Human Resources
REQ004310,RPT0007,A015,2026-02-23,2026-02-28,New Report,Low,In Progress,118,120,Within SLA,2.4,3,Legal
REQ004311,RPT0042,A011,2026-06-04,2026-06-05,Report Issue,Medium,Completed,34,72,Within SLA,3.42,1,Legal
REQ004312,RPT0043,A002,2025-07-31,2025-08-01,Data Correction,High,Completed,29,48,Within SLA,0.98,0,Sales
REQ004313,RPT0087,A013,2025-09-04,2025-09-05,Report Enhancement,High,Completed,23,48,Within SLA,4.69,1,Risk
REQ004314,RPT0089,A005,2024-12-28,2025-01-03,Access Request,Low,Completed,134,120,Breached,4.34,0,Finance
REQ004315,RPT0117,A002,2024-10-24,2024-10-26,Data Correction,High,Pending,43,48,Within SLA,2.49,1,Sales
REQ004316,RPT0038,A020,2025-11-03,2025-11-06,Access Request,Low,Completed,73,120,Within SLA,6.71,0,Compliance
REQ004317,RPT0057,A018,2024-09-13,2024-09-15,Report Enhancement,High,Completed,32,48,Within SLA,1.51,3,Legal
REQ004318,RPT0090,A012,2026-05-01,2026-05-02,Report Issue,High,Completed,40,48,Within SLA,7.31,2,Legal
REQ004319,RPT0120,A014,2026-04-04,2026-04-11,Data Correction,Medium,Completed,180,72,Breached,3.7,1,Client Services
REQ004320,RPT0084,A019,2025-02-08,2025-02-09,Report Issue,Low,Completed,35,120,Within SLA,2.62,1,Client Services
REQ004321,RPT0021,A009,2025-04-04,2025-04-06,Report Enhancement,Medium,Completed,41,72,Within SLA,3.27,0,Compliance
REQ004322,RPT0019,A009,2024-09-15,2024-09-17,New Report,Medium,Completed,55,72,Within SLA,3.08,0,Compliance
REQ004323,RPT0076,A007,2025-03-22,2025-03-22,Access Request,Medium,Completed,12,72,Within SLA,7.8,0,Technology
REQ004324,RPT0023,A014,2025-02-11,2025-02-15,Data Correction,Low,Completed,81,120,Within SLA,1.56,1,Risk
REQ004325,RPT0021,A016,2025-10-12,2025-10-13,New Report,High,In Progress,22,48,Within SLA,1.95,3,Compliance
REQ004326,RPT0024,A003,2025-04-02,2025-04-03,Data Correction,High,Completed,31,48,Within SLA,6.86,0,Risk
REQ004327,RPT0074,A012,2024-12-29,2025-01-01,Change Request,Low,Completed,67,120,Within SLA,2.19,0,Operations
REQ004328,RPT0003,A001,2026-04-19,2026-04-21,Data Correction,Low,In Progress,47,120,Within SLA,6.24,0,Legal
REQ004329,RPT0028,A014,2025-08-11,2025-08-12,Report Issue,High,Pending,29,48,Within SLA,10.91,2,Finance
REQ004330,RPT0052,A011,2025-11-03,2025-11-04,Report Issue,Critical,Completed,20,24,Within SLA,2.51,2,Compliance
REQ004331,RPT0114,A022,2026-03-20,2026-03-23,Change Request,Medium,Completed,58,72,Within SLA,5.35,0,Client Services
REQ004332,RPT0055,A002,2026-04-13,2026-04-13,Report Issue,High,Pending,9,48,Within SLA,1.48,2,Finance
REQ004333,RPT0112,A015,2026-04-07,2026-04-10,Access Request,Medium,Completed,65,72,Within SLA,5.63,0,Finance
REQ004334,RPT0040,A010,2025-09-09,2025-09-10,New Report,High,In Progress,13,48,Within SLA,3.82,1,Compliance
REQ004335,RPT0049,A008,2025-10-21,2025-10-24,Access Request,Medium,Completed,58,72,Within SLA,4.62,2,Legal
REQ004336,RPT0091,A016,2025-09-21,2025-09-22,Report Issue,Medium,Completed,17,72,Within SLA,2.11,2,Sales
REQ004337,RPT0016,A017,2024-11-16,2024-11-18,New Report,High,Completed,31,48,Within SLA,1.04,0,Risk
REQ004338,RPT0047,A008,2025-11-08,2025-11-11,Data Correction,High,In Progress,54,48,Breached,4.72,0,Operations
REQ004339,RPT0027,A023,2024-11-17,2024-11-21,Data Correction,Low,In Progress,88,120,Within SLA,0.78,0,Sales
REQ004340,RPT0112,A019,2025-03-17,2025-03-20,Report Issue,Medium,Completed,88,72,Breached,2.66,0,Legal
REQ004341,RPT0028,A005,2026-04-15,2026-04-19,Change Request,Low,Completed,108,120,Within SLA,6.42,2,Finance
REQ004342,RPT0059,A016,2025-10-16,2025-10-17,Data Correction,High,Pending,24,48,Within SLA,3.8,0,Operations
REQ004343,RPT0090,A013,2026-05-22,2026-05-23,Data Correction,High,In Progress,15,48,Within SLA,12.99,0,Technology
REQ004344,RPT0115,A004,2025-06-01,2025-06-04,New Report,Medium,Completed,49,72,Within SLA,6.8,1,Technology
REQ004345,RPT0101,A022,2025-10-16,2025-10-17,Report Issue,High,Completed,36,48,Within SLA,2.1,0,Client Services
REQ004346,RPT0062,A013,2026-05-21,2026-05-23,Access Request,High,Pending,35,48,Within SLA,3.38,2,Finance
REQ004347,RPT0083,A005,2026-03-31,2026-04-03,Report Enhancement,Medium,Completed,54,72,Within SLA,3.21,0,Technology
REQ004348,RPT0074,A020,2024-09-22,2024-09-25,Data Correction,Medium,Completed,69,72,Within SLA,1.1,0,Legal
REQ004349,RPT0060,A012,2026-04-03,2026-04-05,Report Enhancement,Medium,Completed,47,72,Within SLA,1.72,4,Sales
REQ004350,RPT0089,A002,2026-03-02,2026-03-08,Report Issue,Medium,Completed,156,72,Breached,2.24,1,Technology
REQ004351,RPT0068,A014,2025-07-29,2025-08-02,Report Enhancement,Low,Pending,83,120,Within SLA,0.8,0,Sales
REQ004352,RPT0056,A007,2025-10-19,2025-10-21,New Report,Low,Pending,41,120,Within SLA,3.43,2,Finance
REQ004353,RPT0070,A023,2025-02-06,2025-02-09,Change Request,Low,Pending,56,120,Within SLA,2.79,0,Compliance
REQ004354,RPT0015,A017,2025-07-17,2025-07-17,Report Enhancement,High,Completed,9,48,Within SLA,1.03,0,Sales
REQ004355,RPT0064,A011,2024-11-08,2024-11-12,Report Issue,Low,Completed,88,120,Within SLA,4.41,0,Human Resources
REQ004356,RPT0036,A007,2026-03-15,2026-03-17,Change Request,Medium,Completed,48,72,Within SLA,5.48,0,Technology
REQ004357,RPT0041,A003,2026-05-27,2026-05-29,Report Enhancement,Medium,Completed,41,72,Within SLA,3.89,0,Client Services
REQ004358,RPT0085,A008,2026-01-10,2026-01-12,Report Enhancement,High,Completed,40,48,Within SLA,2.65,3,Human Resources
REQ004359,RPT0085,A007,2026-03-27,2026-03-28,Data Correction,Critical,Cancelled,21,24,Within SLA,5.02,2,Legal
REQ004360,RPT0060,A021,2025-03-01,2025-03-03,Report Issue,High,Completed,42,48,Within SLA,5.34,0,Legal
REQ004361,RPT0096,A019,2025-04-09,2025-04-14,Change Request,Medium,In Progress,138,72,Breached,4.12,1,Operations
REQ004362,RPT0061,A014,2026-07-01,2026-07-03,Report Issue,Medium,Completed,39,72,Within SLA,1.86,0,Risk
REQ004363,RPT0056,A017,2024-09-15,2024-09-19,Report Enhancement,Low,Pending,111,120,Within SLA,4.03,0,Human Resources
REQ004364,RPT0108,A020,2025-08-05,2025-08-06,New Report,Medium,Completed,24,72,Within SLA,7.67,1,Finance
REQ004365,RPT0008,A022,2025-03-13,2025-03-14,New Report,High,Completed,39,48,Within SLA,2.19,1,Human Resources
REQ004366,RPT0059,A006,2025-05-18,2025-05-19,Report Issue,High,Pending,8,48,Within SLA,14.42,3,Operations
REQ004367,RPT0082,A009,2026-06-21,2026-06-24,Change Request,Low,Pending,70,120,Within SLA,2.3,1,Human Resources
REQ004368,RPT0054,A023,2026-05-17,2026-05-18,Report Issue,High,Completed,27,48,Within SLA,3.4,1,Risk
REQ004369,RPT0031,A020,2024-10-27,2024-10-30,Change Request,Low,Completed,78,120,Within SLA,2.07,1,Compliance
REQ004370,RPT0017,A011,2025-07-28,2025-07-29,Report Issue,Medium,Completed,30,72,Within SLA,3.88,0,Compliance
REQ004371,RPT0041,A011,2026-06-24,2026-06-24,Report Issue,Medium,Cancelled,12,72,Within SLA,0.98,1,Legal
REQ004372,RPT0025,A025,2024-11-20,2024-11-25,Data Correction,Low,Completed,132,120,Breached,2.27,0,Human Resources
REQ004373,RPT0095,A008,2026-04-15,2026-04-17,New Report,Medium,Completed,60,72,Within SLA,1.55,1,Risk
REQ004374,RPT0018,A009,2026-05-13,2026-05-17,Report Enhancement,Low,Completed,96,120,Within SLA,3.65,0,Sales
REQ004375,RPT0062,A004,2025-02-21,2025-02-23,New Report,Medium,In Progress,68,72,Within SLA,6.66,0,Legal
REQ004376,RPT0097,A016,2025-01-31,2025-02-04,Change Request,Low,Completed,112,120,Within SLA,5.22,3,Client Services
REQ004377,RPT0009,A015,2026-05-12,2026-05-14,Report Issue,Medium,Completed,34,72,Within SLA,0.63,0,Risk
REQ004378,RPT0014,A010,2026-03-16,2026-03-18,Access Request,Medium,Pending,33,72,Within SLA,13.87,1,Client Services
REQ004379,RPT0028,A025,2025-11-20,2025-12-03,New Report,Low,Completed,312,120,Breached,4.08,0,Risk
REQ004380,RPT0045,A002,2026-02-07,2026-02-07,Report Enhancement,Medium,Completed,15,72,Within SLA,1.93,3,Operations
REQ004381,RPT0056,A006,2025-05-20,2025-05-21,Change Request,High,Pending,22,48,Within SLA,3.71,1,Client Services
REQ004382,RPT0024,A010,2026-06-20,2026-06-22,Report Enhancement,High,Completed,47,48,Within SLA,3.76,0,Client Services
REQ004383,RPT0078,A002,2026-02-24,2026-03-04,Access Request,Low,In Progress,192,120,Breached,2.08,1,Compliance
REQ004384,RPT0032,A019,2025-12-08,2025-12-09,Access Request,High,In Progress,45,48,Within SLA,3.81,0,Human Resources
REQ004385,RPT0102,A024,2025-12-25,2025-12-28,Data Correction,Medium,Pending,72,72,Within SLA,2.17,0,Operations
REQ004386,RPT0084,A024,2025-07-19,2025-07-22,Access Request,High,Completed,76,48,Breached,2.5,0,Human Resources
REQ004387,RPT0033,A007,2024-12-27,2024-12-30,Report Enhancement,Low,Completed,59,120,Within SLA,2.05,0,Technology
REQ004388,RPT0102,A014,2025-12-12,2025-12-13,Data Correction,Medium,Completed,22,72,Within SLA,1.22,1,Operations
REQ004389,RPT0020,A006,2024-12-07,2024-12-16,Data Correction,Low,In Progress,228,120,Breached,3.68,0,Client Services
REQ004390,RPT0081,A017,2026-04-22,2026-04-23,Access Request,High,Completed,18,48,Within SLA,5.0,0,Client Services
REQ004391,RPT0070,A025,2025-01-28,2025-01-29,Report Enhancement,Medium,Completed,15,72,Within SLA,4.76,0,Human Resources
REQ004392,RPT0028,A021,2026-05-14,2026-05-16,Change Request,Low,Completed,29,120,Within SLA,5.89,1,Risk
REQ004393,RPT0114,A011,2025-01-28,2025-01-30,Data Correction,Medium,Pending,53,72,Within SLA,4.17,3,Sales
REQ004394,RPT0060,A021,2026-05-08,2026-05-10,Access Request,Medium,Completed,42,72,Within SLA,2.29,1,Finance
REQ004395,RPT0037,A013,2024-10-06,2024-10-08,Change Request,Medium,Pending,52,72,Within SLA,5.98,0,Human Resources
REQ004396,RPT0106,A025,2025-11-06,2025-11-08,Report Issue,High,In Progress,34,48,Within SLA,1.28,0,Operations
REQ004397,RPT0064,A007,2025-05-20,2025-05-21,Data Correction,Medium,Completed,24,72,Within SLA,1.77,0,Human Resources
REQ004398,RPT0064,A013,2025-10-08,2025-10-09,New Report,High,Completed,14,48,Within SLA,1.69,2,Technology
REQ004399,RPT0002,A002,2025-03-27,2025-03-29,Data Correction,High,Completed,45,48,Within SLA,7.07,1,Compliance
REQ004400,RPT0095,A009,2025-11-27,2025-11-29,Report Issue,Low,In Progress,43,120,Within SLA,6.42,2,Legal
REQ004401,RPT0017,A011,2025-10-13,2025-10-15,Data Correction,Medium,Completed,48,72,Within SLA,4.67,3,Operations
REQ004402,RPT0093,A007,2024-12-29,2025-01-01,Report Issue,Medium,Completed,70,72,Within SLA,7.03,0,Client Services
REQ004403,RPT0120,A014,2025-04-29,2025-05-05,Report Issue,Low,Completed,152,120,Breached,1.79,0,Sales
REQ004404,RPT0063,A005,2026-02-18,2026-02-25,Change Request,Low,Completed,168,120,Breached,4.24,0,Risk
REQ004405,RPT0097,A005,2025-04-05,2025-04-07,Report Enhancement,Medium,Completed,51,72,Within SLA,3.04,0,Sales
REQ004406,RPT0092,A022,2025-04-02,2025-04-06,Report Issue,Low,Completed,101,120,Within SLA,6.01,0,Sales
REQ004407,RPT0086,A019,2025-11-08,2025-11-12,Report Enhancement,Medium,Completed,84,72,Breached,3.06,1,Human Resources
REQ004408,RPT0085,A010,2025-03-16,2025-03-18,Change Request,Medium,Pending,41,72,Within SLA,2.54,0,Client Services
REQ004409,RPT0020,A010,2026-06-18,2026-06-19,Access Request,Medium,Completed,15,72,Within SLA,4.85,0,Sales
REQ004410,RPT0056,A022,2025-09-24,2025-09-26,Access Request,Medium,Completed,50,72,Within SLA,6.13,1,Finance
REQ004411,RPT0113,A022,2026-07-21,2026-07-21,Report Issue,Critical,Completed,8,24,Within SLA,2.08,0,Human Resources
REQ004412,RPT0055,A006,2026-01-30,2026-02-03,Report Issue,Low,Completed,98,120,Within SLA,3.18,1,Client Services
REQ004413,RPT0095,A006,2026-05-16,2026-05-21,Change Request,Medium,Completed,132,72,Breached,1.58,0,Client Services
REQ004414,RPT0105,A023,2024-11-02,2024-11-05,Change Request,Medium,Completed,64,72,Within SLA,0.58,3,Risk
REQ004415,RPT0087,A022,2024-12-04,2024-12-04,Access Request,Critical,In Progress,10,24,Within SLA,3.82,0,Compliance
REQ004416,RPT0046,A004,2026-03-26,2026-03-28,Data Correction,Medium,Pending,39,72,Within SLA,5.08,0,Sales
REQ004417,RPT0051,A006,2026-04-23,2026-04-28,Report Enhancement,High,Completed,126,48,Breached,3.99,2,Legal
REQ004418,RPT0079,A006,2025-07-06,2025-07-08,Report Enhancement,Medium,In Progress,45,72,Within SLA,0.85,3,Sales
REQ004419,RPT0102,A025,2026-08-04,2026-08-10,Data Correction,Medium,Cancelled,136,72,Breached,2.6,1,Human Resources
REQ004420,RPT0030,A022,2024-10-06,2024-10-08,New Report,Medium,Completed,57,72,Within SLA,0.7,2,Sales
REQ004421,RPT0112,A004,2025-03-24,2025-03-28,Data Correction,Low,Completed,93,120,Within SLA,8.66,1,Legal
REQ004422,RPT0054,A019,2026-06-25,2026-06-27,Change Request,Medium,Completed,49,72,Within SLA,1.55,0,Operations
REQ004423,RPT0101,A008,2026-01-12,2026-01-13,Change Request,Medium,In Progress,25,72,Within SLA,7.99,0,Legal
REQ004424,RPT0010,A013,2024-11-27,2024-11-29,New Report,Low,In Progress,44,120,Within SLA,6.44,1,Compliance
REQ004425,RPT0013,A012,2026-02-16,2026-02-17,New Report,Medium,Completed,26,72,Within SLA,1.77,0,Risk
REQ004426,RPT0087,A003,2026-06-24,2026-06-27,Change Request,Low,Completed,74,120,Within SLA,1.5,1,Sales
REQ004427,RPT0016,A018,2024-12-02,2024-12-02,New Report,Medium,Completed,22,72,Within SLA,4.24,0,Technology
REQ004428,RPT0115,A008,2025-03-02,2025-03-04,Access Request,Low,Pending,47,120,Within SLA,1.84,1,Operations
REQ004429,RPT0089,A001,2024-12-12,2024-12-13,Report Issue,High,Completed,28,48,Within SLA,3.57,1,Finance
REQ004430,RPT0011,A015,2026-02-24,2026-02-28,Report Issue,Low,Completed,98,120,Within SLA,2.37,1,Technology
REQ004431,RPT0068,A008,2025-04-28,2025-04-28,Data Correction,High,Pending,19,48,Within SLA,0.95,2,Sales
REQ004432,RPT0093,A016,2026-05-26,2026-05-29,Change Request,High,Completed,76,48,Breached,0.7,0,Sales
REQ004433,RPT0058,A001,2025-03-01,2025-03-09,Access Request,Medium,Completed,208,72,Breached,3.89,1,Risk
REQ004434,RPT0080,A008,2026-04-04,2026-04-05,Access Request,Low,Cancelled,28,120,Within SLA,2.24,0,Legal
REQ004435,RPT0083,A004,2026-06-07,2026-06-08,New Report,High,Completed,20,48,Within SLA,2.25,1,Risk
REQ004436,RPT0112,A023,2026-01-28,2026-02-11,Change Request,Low,Completed,333,120,Breached,5.4,2,Compliance
REQ004437,RPT0024,A023,2025-06-22,2025-06-26,Change Request,Medium,Completed,104,72,Breached,7.55,1,Client Services
REQ004438,RPT0015,A004,2025-09-05,2025-09-06,Access Request,Low,Completed,29,120,Within SLA,2.74,0,Technology
REQ004439,RPT0028,A006,2024-12-09,2024-12-10,Access Request,Medium,In Progress,22,72,Within SLA,2.62,2,Technology
REQ004440,RPT0015,A014,2025-11-12,2025-11-20,Access Request,Medium,Completed,180,72,Breached,4.71,0,Client Services
REQ004441,RPT0013,A011,2025-12-25,2025-12-28,Report Issue,Medium,In Progress,72,72,Within SLA,1.28,0,Compliance
REQ004442,RPT0003,A006,2025-03-17,2025-03-18,Report Enhancement,Medium,Completed,22,72,Within SLA,3.88,0,Risk
REQ004443,RPT0044,A007,2025-12-21,2025-12-23,New Report,Medium,Completed,42,72,Within SLA,4.89,3,Finance
REQ004444,RPT0010,A002,2025-07-08,2025-07-12,Data Correction,High,Completed,80,48,Breached,5.34,0,Human Resources
REQ004445,RPT0021,A018,2025-06-08,2025-06-08,New Report,Medium,In Progress,12,72,Within SLA,0.86,0,Sales
REQ004446,RPT0056,A015,2025-08-07,2025-08-07,Access Request,High,Completed,22,48,Within SLA,1.95,0,Client Services
REQ004447,RPT0051,A009,2024-10-18,2024-10-19,New Report,High,Completed,22,48,Within SLA,1.8,1,Sales
REQ004448,RPT0011,A016,2025-12-26,2025-12-27,New Report,Medium,Completed,32,72,Within SLA,3.56,2,Risk
REQ004449,RPT0071,A006,2026-04-30,2026-05-03,Access Request,Low,Completed,80,120,Within SLA,4.65,1,Finance
REQ004450,RPT0097,A006,2026-07-05,2026-07-08,New Report,High,Completed,69,48,Breached,9.47,0,Operations
REQ004451,RPT0010,A020,2026-04-10,2026-04-11,Change Request,Medium,Completed,24,72,Within SLA,2.35,0,Finance
REQ004452,RPT0061,A021,2024-11-01,2024-11-04,Data Correction,Low,Completed,75,120,Within SLA,2.34,0,Sales
REQ004453,RPT0046,A015,2025-06-29,2025-07-04,Access Request,High,In Progress,111,48,Breached,7.42,0,Technology
REQ004454,RPT0101,A009,2025-09-25,2025-09-27,Report Enhancement,Medium,Cancelled,52,72,Within SLA,4.09,0,Finance
REQ004455,RPT0011,A008,2026-03-26,2026-03-27,Access Request,High,Completed,27,48,Within SLA,8.06,0,Legal
REQ004456,RPT0043,A023,2025-03-25,2025-04-02,Report Issue,Medium,Completed,210,72,Breached,4.06,2,Technology
REQ004457,RPT0111,A011,2026-02-11,2026-02-13,Access Request,High,Completed,36,48,Within SLA,1.48,0,Risk
REQ004458,RPT0102,A004,2026-08-18,2026-08-19,Data Correction,Medium,In Progress,18,72,Within SLA,1.31,1,Client Services
REQ004459,RPT0098,A002,2026-07-03,2026-07-06,Access Request,Medium,Completed,69,72,Within SLA,1.12,3,Risk
REQ004460,RPT0030,A010,2025-06-03,2025-06-04,Change Request,Medium,Completed,28,72,Within SLA,5.28,0,Client Services
REQ004461,RPT0020,A002,2025-08-09,2025-08-09,Report Enhancement,High,Completed,16,48,Within SLA,7.63,0,Human Resources
REQ004462,RPT0061,A008,2025-09-04,2025-09-06,Report Issue,Medium,In Progress,46,72,Within SLA,12.12,1,Human Resources
REQ004463,RPT0113,A007,2025-05-02,2025-05-03,Report Issue,Medium,Completed,41,72,Within SLA,5.99,1,Compliance
REQ004464,RPT0004,A020,2025-11-16,2025-11-24,Report Issue,High,In Progress,192,48,Breached,7.49,2,Compliance
REQ004465,RPT0040,A025,2024-08-22,2024-08-23,Report Enhancement,Medium,In Progress,24,72,Within SLA,2.21,1,Technology
REQ004466,RPT0030,A011,2026-06-26,2026-06-29,Data Correction,Medium,Completed,55,72,Within SLA,1.48,1,Technology
REQ004467,RPT0085,A015,2026-04-14,2026-04-22,Report Issue,Medium,In Progress,200,72,Breached,6.02,1,Technology
REQ004468,RPT0029,A008,2026-06-10,2026-06-10,Change Request,High,Completed,23,48,Within SLA,4.45,4,Sales
REQ004469,RPT0025,A008,2026-03-13,2026-03-13,New Report,High,Completed,11,48,Within SLA,3.58,0,Sales
REQ004470,RPT0033,A023,2024-11-01,2024-11-06,New Report,Low,In Progress,123,120,Breached,4.35,1,Human Resources
REQ004471,RPT0072,A014,2026-03-11,2026-03-12,Change Request,Critical,Completed,14,24,Within SLA,4.16,2,Risk
REQ004472,RPT0103,A023,2025-08-12,2025-08-14,Change Request,Low,Completed,60,120,Within SLA,8.16,0,Operations
REQ004473,RPT0120,A005,2025-12-27,2025-12-28,Report Issue,High,In Progress,27,48,Within SLA,8.22,2,Operations
REQ004474,RPT0043,A016,2026-01-18,2026-01-22,New Report,Low,Completed,97,120,Within SLA,4.86,4,Sales
REQ004475,RPT0110,A021,2026-02-13,2026-02-15,Change Request,High,Completed,43,48,Within SLA,6.0,0,Sales
REQ004476,RPT0117,A014,2025-05-26,2025-06-06,Access Request,Low,Completed,280,120,Breached,4.76,0,Sales
REQ004477,RPT0076,A020,2026-06-12,2026-06-13,Access Request,Medium,Completed,28,72,Within SLA,2.4,0,Legal
REQ004478,RPT0080,A020,2024-10-09,2024-10-11,Access Request,Low,Completed,50,120,Within SLA,5.64,1,Legal
REQ004479,RPT0008,A015,2026-05-01,2026-05-06,Access Request,Medium,Completed,126,72,Breached,1.25,2,Human Resources
REQ004480,RPT0036,A016,2025-10-10,2025-10-18,New Report,Medium,Cancelled,212,72,Breached,6.94,0,Risk
REQ004481,RPT0034,A011,2025-06-25,2025-06-27,Report Issue,High,Completed,37,48,Within SLA,1.44,1,Compliance
REQ004482,RPT0116,A008,2025-02-06,2025-02-07,New Report,Low,Completed,41,120,Within SLA,4.06,3,Client Services
REQ004483,RPT0096,A002,2025-07-20,2025-07-22,Report Enhancement,Medium,Pending,36,72,Within SLA,1.84,0,Operations
REQ004484,RPT0015,A024,2026-05-23,2026-05-25,Data Correction,Medium,Completed,38,72,Within SLA,4.89,1,Finance
REQ004485,RPT0040,A020,2025-02-01,2025-02-02,Access Request,High,Completed,34,48,Within SLA,3.24,0,Operations
REQ004486,RPT0090,A021,2025-09-09,2025-09-10,Change Request,High,In Progress,41,48,Within SLA,1.09,1,Finance
REQ004487,RPT0045,A019,2025-03-17,2025-03-20,Access Request,Medium,Completed,66,72,Within SLA,4.46,0,Finance
REQ004488,RPT0006,A001,2025-04-28,2025-04-30,New Report,Low,Completed,48,120,Within SLA,2.22,0,Sales
REQ004489,RPT0070,A014,2026-05-26,2026-05-28,New Report,Low,Cancelled,45,120,Within SLA,6.15,2,Legal
REQ004490,RPT0034,A024,2025-03-29,2025-04-01,Change Request,Medium,Completed,69,72,Within SLA,3.32,2,Legal
REQ004491,RPT0080,A020,2025-05-10,2025-05-13,Data Correction,Low,Completed,83,120,Within SLA,4.38,1,Client Services
REQ004492,RPT0036,A009,2025-10-20,2025-10-20,Report Enhancement,High,Completed,11,48,Within SLA,1.7,0,Risk
REQ004493,RPT0091,A018,2025-11-12,2025-11-13,Data Correction,Medium,Completed,26,72,Within SLA,2.2,0,Technology
REQ004494,RPT0108,A011,2024-11-30,2024-12-01,New Report,High,Completed,31,48,Within SLA,2.41,1,Sales
REQ004495,RPT0115,A016,2025-11-03,2025-11-04,Access Request,Critical,In Progress,24,24,Within SLA,6.05,2,Legal
REQ004496,RPT0085,A020,2026-06-14,2026-06-15,Change Request,Medium,Completed,32,72,Within SLA,10.74,1,Legal
REQ004497,RPT0006,A012,2025-09-01,2025-09-03,Change Request,Medium,Completed,42,72,Within SLA,1.89,1,Compliance
REQ004498,RPT0105,A008,2026-04-25,2026-04-26,Report Enhancement,Medium,In Progress,18,72,Within SLA,7.06,1,Finance
REQ004499,RPT0099,A018,2025-05-14,2025-05-19,Change Request,Medium,Pending,118,72,Breached,0.73,0,Technology
REQ004500,RPT0046,A010,2026-07-16,2026-07-26,Report Enhancement,Medium,Completed,228,72,Breached,1.44,0,Client Services
REQ004501,RPT0012,A017,2026-02-02,2026-02-03,Access Request,Low,Completed,34,120,Within SLA,1.7,0,Sales
REQ004502,RPT0118,A004,2026-04-05,2026-04-06,Change Request,Medium,In Progress,36,72,Within SLA,1.29,1,Legal
REQ004503,RPT0065,A012,2024-09-27,2024-09-28,New Report,High,Completed,25,48,Within SLA,1.1,0,Compliance
REQ004504,RPT0061,A025,2024-09-25,2024-09-26,Data Correction,Medium,Completed,22,72,Within SLA,4.43,1,Client Services
REQ004505,RPT0088,A012,2024-11-06,2024-11-07,Report Issue,High,Completed,36,48,Within SLA,2.86,0,Human Resources
REQ004506,RPT0094,A012,2025-12-20,2025-12-21,Access Request,High,Completed,24,48,Within SLA,4.33,1,Risk
REQ004507,RPT0107,A010,2026-04-21,2026-04-24,Data Correction,Low,Completed,66,120,Within SLA,5.38,1,Technology
REQ004508,RPT0099,A006,2026-06-01,2026-06-03,Access Request,High,Pending,33,48,Within SLA,4.0,2,Risk
REQ004509,RPT0098,A014,2025-08-12,2025-08-13,Access Request,Medium,Completed,23,72,Within SLA,5.26,1,Human Resources
REQ004510,RPT0120,A019,2024-09-02,2024-09-06,Change Request,Low,Completed,87,120,Within SLA,3.16,2,Finance
REQ004511,RPT0001,A002,2024-11-25,2024-11-29,Change Request,Low,Completed,90,120,Within SLA,1.45,0,Legal
REQ004512,RPT0054,A019,2026-08-12,2026-08-13,Data Correction,High,Completed,13,48,Within SLA,6.96,0,Human Resources
REQ004513,RPT0026,A022,2026-06-18,2026-06-19,Access Request,High,Completed,42,48,Within SLA,2.2,1,Client Services
REQ004514,RPT0017,A024,2024-12-21,2024-12-23,Access Request,High,Completed,47,48,Within SLA,1.72,0,Technology
REQ004515,RPT0102,A008,2025-07-29,2025-08-02,Report Issue,Low,Completed,89,120,Within SLA,2.93,0,Compliance
REQ004516,RPT0025,A015,2025-08-10,2025-08-12,Data Correction,High,Completed,41,48,Within SLA,1.75,0,Risk
REQ004517,RPT0025,A022,2024-08-21,2024-08-24,Report Enhancement,Low,Completed,68,120,Within SLA,2.48,2,Compliance
REQ004518,RPT0011,A013,2025-07-19,2025-07-21,Report Issue,Medium,Completed,57,72,Within SLA,4.22,0,Finance
REQ004519,RPT0048,A010,2025-01-25,2025-01-29,Change Request,Low,Pending,110,120,Within SLA,4.24,0,Sales
REQ004520,RPT0007,A022,2026-02-06,2026-02-08,New Report,Medium,Completed,38,72,Within SLA,1.77,2,Risk
REQ004521,RPT0070,A002,2026-07-28,2026-08-03,Report Issue,Low,Completed,147,120,Breached,2.36,2,Risk
REQ004522,RPT0093,A014,2024-12-01,2024-12-02,Report Issue,High,Completed,23,48,Within SLA,7.04,0,Client Services
REQ004523,RPT0049,A010,2026-07-07,2026-07-08,Access Request,High,Completed,34,48,Within SLA,4.7,3,Human Resources
REQ004524,RPT0065,A004,2026-01-07,2026-01-08,Data Correction,Medium,Completed,15,72,Within SLA,14.19,2,Human Resources
REQ004525,RPT0007,A005,2025-04-12,2025-04-14,Report Issue,Medium,Completed,59,72,Within SLA,7.58,0,Technology
REQ004526,RPT0080,A024,2024-12-22,2024-12-24,Report Enhancement,Low,Completed,50,120,Within SLA,7.4,0,Risk
REQ004527,RPT0087,A024,2026-07-01,2026-07-04,Change Request,Medium,Completed,72,72,Within SLA,1.26,0,Operations
REQ004528,RPT0003,A005,2026-08-15,2026-08-15,Data Correction,Critical,Completed,12,24,Within SLA,5.67,0,Technology
REQ004529,RPT0014,A011,2026-07-02,2026-07-12,Data Correction,Low,Completed,234,120,Breached,3.2,0,Operations
REQ004530,RPT0120,A014,2025-03-21,2025-03-23,Report Issue,High,Completed,40,48,Within SLA,2.26,0,Sales
REQ004531,RPT0113,A019,2024-11-01,2024-11-01,Report Enhancement,Critical,In Progress,10,24,Within SLA,3.73,0,Client Services
REQ004532,RPT0062,A006,2026-01-11,2026-01-12,Change Request,Low,Completed,30,120,Within SLA,6.43,0,Human Resources
REQ004533,RPT0065,A020,2025-05-27,2025-05-30,Change Request,Medium,Completed,59,72,Within SLA,4.71,3,Compliance
REQ004534,RPT0068,A025,2025-03-03,2025-03-04,Access Request,Medium,Completed,35,72,Within SLA,1.8,0,Legal
REQ004535,RPT0078,A012,2024-10-24,2024-10-25,Report Enhancement,High,Completed,45,48,Within SLA,5.58,0,Operations
REQ004536,RPT0036,A011,2025-06-05,2025-06-13,Access Request,Medium,Completed,196,72,Breached,2.12,1,Technology
REQ004537,RPT0031,A019,2026-01-19,2026-01-19,Report Issue,Critical,Cancelled,15,24,Within SLA,3.86,0,Finance
REQ004538,RPT0113,A024,2026-07-24,2026-07-24,New Report,Medium,Cancelled,22,72,Within SLA,2.68,0,Legal
REQ004539,RPT0009,A017,2026-01-07,2026-01-08,Access Request,Medium,Completed,28,72,Within SLA,2.85,0,Client Services
REQ004540,RPT0058,A002,2024-12-27,2024-12-29,Access Request,Medium,Completed,56,72,Within SLA,5.68,0,Compliance
REQ004541,RPT0017,A017,2024-09-30,2024-10-03,Access Request,Medium,In Progress,72,72,Within SLA,1.6,0,Finance
REQ004542,RPT0005,A021,2025-06-24,2025-06-25,New Report,High,Completed,12,48,Within SLA,12.96,2,Client Services
REQ004543,RPT0013,A008,2025-12-19,2025-12-20,Change Request,Medium,Pending,14,72,Within SLA,0.93,0,Sales
REQ004544,RPT0050,A009,2025-04-15,2025-04-15,New Report,High,Completed,16,48,Within SLA,2.19,1,Human Resources
REQ004545,RPT0065,A023,2026-03-07,2026-03-09,Access Request,Medium,Completed,34,72,Within SLA,4.3,0,Compliance
REQ004546,RPT0118,A003,2026-02-15,2026-02-16,Change Request,High,In Progress,39,48,Within SLA,5.0,0,Human Resources
REQ004547,RPT0045,A012,2026-03-30,2026-04-02,Report Issue,Low,Pending,74,120,Within SLA,3.09,0,Client Services
REQ004548,RPT0054,A014,2025-02-18,2025-02-20,New Report,Medium,Completed,38,72,Within SLA,3.19,0,Legal
REQ004549,RPT0031,A013,2025-07-20,2025-07-22,Report Enhancement,High,Cancelled,44,48,Within SLA,4.43,3,Sales
REQ004550,RPT0053,A004,2026-01-12,2026-01-14,Access Request,Medium,Completed,68,72,Within SLA,2.82,0,Operations
REQ004551,RPT0048,A003,2024-10-30,2024-11-01,Change Request,Low,Completed,48,120,Within SLA,8.8,0,Legal
REQ004552,RPT0019,A021,2026-02-18,2026-02-19,Change Request,Medium,Completed,16,72,Within SLA,5.97,0,Technology
REQ004553,RPT0113,A013,2024-11-02,2024-11-04,Report Enhancement,Medium,In Progress,31,72,Within SLA,6.12,1,Client Services
REQ004554,RPT0053,A024,2024-08-21,2024-08-24,Report Enhancement,Medium,Completed,60,72,Within SLA,1.69,1,Compliance
REQ004555,RPT0007,A009,2025-02-02,2025-02-03,New Report,Medium,Pending,15,72,Within SLA,3.14,0,Compliance
REQ004556,RPT0073,A024,2025-08-26,2025-08-27,Access Request,Medium,Pending,23,72,Within SLA,2.69,0,Operations
REQ004557,RPT0076,A023,2024-10-20,2024-10-29,Access Request,Medium,Completed,216,72,Breached,1.64,0,Finance
REQ004558,RPT0106,A017,2024-12-02,2024-12-02,New Report,Medium,Completed,18,72,Within SLA,4.27,0,Technology
REQ004559,RPT0045,A008,2025-11-25,2025-11-25,Change Request,Medium,In Progress,13,72,Within SLA,2.28,0,Technology
REQ004560,RPT0061,A007,2025-02-12,2025-02-14,New Report,Medium,Completed,48,72,Within SLA,5.25,0,Human Resources
REQ004561,RPT0067,A010,2025-09-28,2025-09-30,Access Request,Medium,Completed,58,72,Within SLA,1.57,1,Operations
REQ004562,RPT0061,A007,2026-01-31,2026-01-31,New Report,High,Pending,10,48,Within SLA,11.06,1,Finance
REQ004563,RPT0111,A023,2025-08-01,2025-08-03,Change Request,High,Completed,41,48,Within SLA,1.77,0,Technology
REQ004564,RPT0011,A004,2024-08-28,2024-08-29,Change Request,High,Completed,22,48,Within SLA,3.87,2,Legal
REQ004565,RPT0088,A014,2024-08-27,2024-08-28,Report Enhancement,Medium,Completed,27,72,Within SLA,5.78,0,Human Resources
REQ004566,RPT0026,A021,2026-02-12,2026-02-13,Report Enhancement,Medium,Completed,20,72,Within SLA,2.23,1,Operations
REQ004567,RPT0063,A020,2025-05-14,2025-05-16,Report Issue,Low,In Progress,44,120,Within SLA,6.03,0,Finance
REQ004568,RPT0079,A010,2026-05-17,2026-05-19,Change Request,Medium,Completed,37,72,Within SLA,1.4,1,Client Services
REQ004569,RPT0075,A017,2024-11-22,2024-11-23,Change Request,Medium,In Progress,22,72,Within SLA,9.17,2,Sales
REQ004570,RPT0023,A022,2026-06-20,2026-06-24,Data Correction,Low,Completed,111,120,Within SLA,3.35,0,Sales
REQ004571,RPT0086,A024,2025-07-15,2025-07-15,New Report,High,Completed,21,48,Within SLA,2.19,1,Operations
REQ004572,RPT0058,A023,2026-02-11,2026-02-15,Report Issue,Low,In Progress,118,120,Within SLA,2.69,2,Human Resources
REQ004573,RPT0107,A024,2024-12-01,2024-12-03,Access Request,Medium,Completed,52,72,Within SLA,5.85,2,Compliance
REQ004574,RPT0110,A025,2025-08-27,2025-08-30,New Report,Medium,Completed,94,72,Breached,2.21,0,Technology
REQ004575,RPT0010,A017,2024-10-15,2024-10-19,Data Correction,Low,Pending,103,120,Within SLA,1.96,0,Human Resources
REQ004576,RPT0022,A001,2025-02-14,2025-02-16,Change Request,High,Completed,40,48,Within SLA,2.84,0,Operations
REQ004577,RPT0012,A008,2025-06-14,2025-06-17,Data Correction,Low,Completed,80,120,Within SLA,1.46,0,Technology
REQ004578,RPT0066,A006,2024-10-29,2024-11-01,Report Issue,Low,Pending,80,120,Within SLA,11.87,0,Risk
REQ004579,RPT0085,A009,2026-03-11,2026-03-12,Report Issue,High,In Progress,14,48,Within SLA,2.23,1,Finance
REQ004580,RPT0086,A024,2026-05-09,2026-05-10,Change Request,Medium,Completed,28,72,Within SLA,5.94,0,Sales
REQ004581,RPT0113,A008,2024-11-08,2024-11-09,Report Issue,High,Completed,34,48,Within SLA,3.84,0,Legal
REQ004582,RPT0118,A002,2024-11-09,2024-11-14,Report Enhancement,High,Completed,116,48,Breached,1.67,3,Operations
REQ004583,RPT0019,A007,2025-04-21,2025-04-22,Report Issue,Medium,Completed,37,72,Within SLA,3.31,0,Human Resources
REQ004584,RPT0037,A003,2025-06-02,2025-06-02,Report Enhancement,High,Completed,8,48,Within SLA,5.75,1,Risk
REQ004585,RPT0030,A014,2026-07-06,2026-07-07,Report Issue,Medium,Completed,18,72,Within SLA,2.91,0,Finance
REQ004586,RPT0018,A001,2025-04-10,2025-04-13,Report Issue,Medium,Completed,71,72,Within SLA,7.65,0,Compliance
REQ004587,RPT0098,A019,2024-12-05,2024-12-09,Report Issue,High,Completed,86,48,Breached,6.79,0,Technology
REQ004588,RPT0026,A021,2025-06-14,2025-06-15,Access Request,High,Completed,22,48,Within SLA,6.32,3,Client Services
REQ004589,RPT0054,A016,2026-04-13,2026-04-14,Change Request,Medium,Completed,26,72,Within SLA,2.41,0,Finance
REQ004590,RPT0042,A016,2026-05-14,2026-05-21,Access Request,Medium,Completed,168,72,Breached,1.56,1,Sales
REQ004591,RPT0058,A007,2026-03-29,2026-03-29,Change Request,Medium,Completed,14,72,Within SLA,2.16,0,Compliance
REQ004592,RPT0044,A009,2026-07-01,2026-07-01,New Report,Medium,In Progress,12,72,Within SLA,3.81,1,Technology
REQ004593,RPT0046,A017,2024-12-02,2024-12-03,Report Enhancement,Medium,Completed,27,72,Within SLA,4.86,0,Legal
REQ004594,RPT0018,A019,2026-01-01,2026-01-02,Access Request,Medium,Completed,22,72,Within SLA,0.73,4,Risk
REQ004595,RPT0066,A002,2026-01-28,2026-01-30,Access Request,High,Completed,28,48,Within SLA,3.3,0,Finance
REQ004596,RPT0050,A004,2024-12-09,2024-12-10,Report Enhancement,Medium,Completed,12,72,Within SLA,3.71,1,Human Resources
REQ004597,RPT0086,A002,2024-10-13,2024-10-13,Report Enhancement,High,In Progress,16,48,Within SLA,2.73,2,Finance
REQ004598,RPT0098,A023,2025-10-07,2025-10-09,Access Request,Low,Completed,64,120,Within SLA,8.2,0,Compliance
REQ004599,RPT0030,A019,2025-11-01,2025-11-02,Report Issue,Medium,Completed,27,72,Within SLA,4.46,1,Finance
REQ004600,RPT0074,A013,2024-08-27,2024-08-28,Report Enhancement,Medium,Completed,18,72,Within SLA,8.31,0,Client Services
REQ004601,RPT0017,A022,2025-12-08,2025-12-09,New Report,Medium,Completed,24,72,Within SLA,2.85,0,Legal
REQ004602,RPT0012,A019,2026-01-07,2026-01-08,Report Issue,Medium,In Progress,23,72,Within SLA,6.4,0,Finance
REQ004603,RPT0074,A010,2024-12-26,2024-12-26,Change Request,High,Completed,8,48,Within SLA,10.43,0,Operations
REQ004604,RPT0094,A022,2025-07-28,2025-07-30,Change Request,Medium,Completed,51,72,Within SLA,8.32,1,Compliance
REQ004605,RPT0050,A014,2025-05-20,2025-05-24,Change Request,Low,Completed,81,120,Within SLA,1.55,4,Finance
REQ004606,RPT0115,A003,2026-03-05,2026-03-07,Report Issue,Medium,Completed,58,72,Within SLA,2.78,3,Compliance
REQ004607,RPT0028,A018,2025-02-02,2025-02-06,Data Correction,Low,Completed,102,120,Within SLA,2.61,0,Client Services
REQ004608,RPT0053,A008,2025-12-21,2025-12-23,Data Correction,Medium,In Progress,48,72,Within SLA,4.68,0,Risk
REQ004609,RPT0058,A023,2026-03-25,2026-03-27,Report Issue,High,In Progress,48,48,Within SLA,5.37,1,Finance
REQ004610,RPT0016,A012,2024-12-16,2024-12-18,Change Request,Medium,Completed,44,72,Within SLA,1.85,0,Sales
REQ004611,RPT0010,A016,2026-08-05,2026-08-07,Report Enhancement,Low,Completed,52,120,Within SLA,3.48,2,Legal
REQ004612,RPT0010,A019,2025-07-06,2025-07-10,Access Request,Low,Completed,81,120,Within SLA,0.81,0,Risk
REQ004613,RPT0005,A008,2025-12-12,2025-12-14,Report Issue,High,Pending,43,48,Within SLA,9.11,0,Finance
REQ004614,RPT0005,A012,2026-02-05,2026-02-06,Change Request,Medium,Cancelled,40,72,Within SLA,2.32,0,Legal
REQ004615,RPT0057,A016,2025-07-30,2025-07-30,Report Enhancement,High,Completed,8,48,Within SLA,3.45,0,Legal
REQ004616,RPT0085,A006,2026-06-19,2026-06-21,Access Request,Low,Pending,45,120,Within SLA,2.67,1,Technology
REQ004617,RPT0074,A014,2025-02-05,2025-02-06,Data Correction,Medium,Pending,16,72,Within SLA,7.41,0,Client Services
REQ004618,RPT0046,A025,2024-10-27,2024-10-29,Data Correction,Medium,Completed,59,72,Within SLA,0.5,0,Risk
REQ004619,RPT0106,A017,2026-07-18,2026-07-21,Data Correction,Medium,Completed,63,72,Within SLA,3.28,2,Legal
REQ004620,RPT0074,A002,2024-11-07,2024-11-07,Change Request,Critical,Completed,15,24,Within SLA,3.08,3,Operations
REQ004621,RPT0056,A016,2024-12-07,2024-12-13,Report Enhancement,Medium,Completed,142,72,Breached,2.42,0,Compliance
REQ004622,RPT0054,A016,2026-03-28,2026-03-29,Change Request,Medium,Completed,32,72,Within SLA,11.12,0,Finance
REQ004623,RPT0002,A020,2024-11-24,2024-11-27,Report Issue,Medium,In Progress,60,72,Within SLA,1.78,4,Legal
REQ004624,RPT0056,A011,2025-11-21,2025-11-22,Change Request,Medium,Completed,16,72,Within SLA,5.7,0,Finance
REQ004625,RPT0096,A012,2026-03-11,2026-03-16,Change Request,High,Completed,140,48,Breached,4.26,0,Technology
REQ004626,RPT0039,A020,2025-06-15,2025-06-17,Change Request,Medium,Pending,61,72,Within SLA,8.03,0,Human Resources
REQ004627,RPT0113,A011,2025-05-21,2025-05-21,Change Request,Medium,Completed,15,72,Within SLA,2.08,0,Client Services
REQ004628,RPT0106,A021,2025-07-20,2025-07-21,Report Enhancement,High,Completed,33,48,Within SLA,1.99,0,Compliance
REQ004629,RPT0086,A017,2025-04-22,2025-04-22,Change Request,Critical,Cancelled,6,24,Within SLA,7.15,0,Technology
REQ004630,RPT0095,A009,2026-04-27,2026-04-29,Change Request,High,In Progress,48,48,Within SLA,4.47,3,Client Services
REQ004631,RPT0088,A018,2024-12-07,2024-12-08,Access Request,High,Completed,21,48,Within SLA,1.13,0,Human Resources
REQ004632,RPT0053,A017,2025-03-01,2025-03-02,Report Issue,Critical,Completed,16,24,Within SLA,2.28,1,Operations
REQ004633,RPT0093,A019,2025-03-24,2025-03-24,Report Enhancement,Critical,Completed,5,24,Within SLA,4.35,0,Sales
REQ004634,RPT0018,A017,2026-01-03,2026-01-04,New Report,High,In Progress,19,48,Within SLA,5.97,1,Finance
REQ004635,RPT0117,A017,2024-10-25,2024-10-29,Access Request,Low,Completed,98,120,Within SLA,2.06,1,Human Resources
REQ004636,RPT0069,A017,2025-03-01,2025-03-04,Data Correction,Medium,Completed,65,72,Within SLA,0.5,0,Compliance
REQ004637,RPT0004,A007,2025-10-24,2025-10-27,New Report,Medium,Completed,68,72,Within SLA,4.79,0,Risk
REQ004638,RPT0002,A010,2025-11-30,2025-12-03,Report Enhancement,Low,Completed,65,120,Within SLA,1.41,2,Client Services
REQ004639,RPT0107,A017,2025-11-30,2025-12-01,Report Enhancement,High,Completed,32,48,Within SLA,0.81,0,Technology
REQ004640,RPT0054,A006,2026-03-04,2026-03-09,Report Issue,Low,Completed,118,120,Within SLA,0.5,0,Legal
REQ004641,RPT0057,A013,2025-12-05,2025-12-07,Access Request,High,Completed,26,48,Within SLA,5.87,0,Finance
REQ004642,RPT0074,A006,2025-03-30,2025-04-02,Report Issue,Medium,Pending,72,72,Within SLA,3.63,0,Human Resources
REQ004643,RPT0060,A022,2026-04-18,2026-04-20,Report Enhancement,Medium,Completed,62,72,Within SLA,2.83,0,Compliance
REQ004644,RPT0006,A004,2026-02-08,2026-02-17,Access Request,Low,Completed,220,120,Breached,8.78,0,Client Services
REQ004645,RPT0027,A023,2024-09-10,2024-09-11,Change Request,High,Cancelled,17,48,Within SLA,5.19,0,Technology
REQ004646,RPT0064,A010,2026-06-10,2026-06-13,Data Correction,Medium,Completed,63,72,Within SLA,10.29,2,Operations
REQ004647,RPT0029,A022,2026-06-09,2026-06-12,Report Issue,Low,Pending,54,120,Within SLA,1.25,1,Finance
REQ004648,RPT0049,A014,2026-01-14,2026-01-14,Change Request,High,Completed,14,48,Within SLA,3.24,0,Risk
REQ004649,RPT0001,A018,2026-07-02,2026-07-03,Change Request,Medium,Completed,32,72,Within SLA,1.07,0,Human Resources
REQ004650,RPT0074,A012,2025-04-12,2025-04-15,Access Request,Medium,Pending,72,72,Within SLA,2.83,0,Operations
REQ004651,RPT0094,A025,2025-01-27,2025-01-29,New Report,Medium,Completed,45,72,Within SLA,2.79,0,Technology
REQ004652,RPT0001,A010,2025-09-27,2025-09-28,Report Issue,Low,In Progress,31,120,Within SLA,5.15,0,Technology
REQ004653,RPT0066,A021,2025-12-05,2025-12-07,Report Enhancement,Low,Completed,57,120,Within SLA,3.43,0,Operations
REQ004654,RPT0004,A014,2025-09-20,2025-09-23,Report Issue,Medium,Pending,69,72,Within SLA,5.14,0,Technology
REQ004655,RPT0029,A005,2025-01-14,2025-01-15,Report Issue,Medium,Completed,32,72,Within SLA,5.43,2,Operations
REQ004656,RPT0028,A025,2026-03-24,2026-03-27,Access Request,Medium,Pending,70,72,Within SLA,15.01,0,Legal
REQ004657,RPT0010,A003,2025-06-21,2025-06-23,Report Enhancement,Low,Completed,56,120,Within SLA,2.66,0,Finance
REQ004658,RPT0085,A022,2025-04-07,2025-04-09,Report Issue,Medium,Completed,45,72,Within SLA,1.72,0,Finance
REQ004659,RPT0033,A018,2026-01-04,2026-01-07,Data Correction,Medium,In Progress,65,72,Within SLA,3.94,0,Human Resources
REQ004660,RPT0059,A019,2024-10-02,2024-10-03,Change Request,High,In Progress,15,48,Within SLA,1.89,0,Human Resources
REQ004661,RPT0071,A023,2026-04-21,2026-04-22,Data Correction,Medium,Pending,22,72,Within SLA,9.37,1,Risk
REQ004662,RPT0086,A018,2026-07-19,2026-07-20,Data Correction,High,Completed,36,48,Within SLA,2.72,0,Operations
REQ004663,RPT0046,A005,2026-04-29,2026-05-01,Data Correction,High,Completed,40,48,Within SLA,2.23,4,Operations
REQ004664,RPT0078,A014,2025-02-22,2025-02-23,Access Request,High,Completed,15,48,Within SLA,2.39,0,Risk
REQ004665,RPT0092,A005,2025-09-09,2025-09-09,Data Correction,Critical,Pending,3,24,Within SLA,5.49,0,Sales
REQ004666,RPT0105,A023,2025-06-16,2025-06-18,Report Issue,High,Completed,46,48,Within SLA,2.97,0,Risk
REQ004667,RPT0020,A008,2024-11-16,2024-11-20,Data Correction,Low,In Progress,86,120,Within SLA,2.12,0,Legal
REQ004668,RPT0087,A008,2025-02-24,2025-02-24,Change Request,Medium,Completed,15,72,Within SLA,10.65,3,Client Services
REQ004669,RPT0108,A024,2025-09-13,2025-09-15,Report Issue,Medium,Completed,50,72,Within SLA,1.82,0,Legal
REQ004670,RPT0082,A009,2025-12-29,2025-12-30,Data Correction,High,Completed,22,48,Within SLA,3.4,0,Operations
REQ004671,RPT0041,A001,2025-11-25,2025-12-06,Data Correction,Medium,In Progress,260,72,Breached,5.24,0,Human Resources
REQ004672,RPT0043,A019,2024-10-15,2024-10-16,New Report,High,Completed,40,48,Within SLA,1.06,1,Finance
REQ004673,RPT0008,A020,2025-10-05,2025-10-07,Data Correction,Low,Completed,51,120,Within SLA,4.65,0,Finance
REQ004674,RPT0089,A003,2026-07-12,2026-07-14,Access Request,Medium,Completed,48,72,Within SLA,1.59,1,Client Services
REQ004675,RPT0046,A013,2024-08-30,2024-09-04,New Report,Medium,Completed,114,72,Breached,5.91,1,Legal
REQ004676,RPT0063,A025,2025-05-28,2025-05-30,Report Issue,High,In Progress,41,48,Within SLA,1.69,1,Compliance
REQ004677,RPT0057,A005,2026-08-16,2026-08-17,Access Request,Medium,Completed,36,72,Within SLA,5.39,3,Compliance
REQ004678,RPT0034,A004,2025-04-23,2025-04-25,Access Request,Medium,Completed,30,72,Within SLA,7.2,1,Risk
REQ004679,RPT0065,A021,2024-12-01,2024-12-02,New Report,Medium,Completed,24,72,Within SLA,6.07,1,Risk
REQ004680,RPT0037,A001,2025-06-17,2025-06-19,Data Correction,High,Completed,42,48,Within SLA,3.96,1,Sales
REQ004681,RPT0078,A025,2026-06-20,2026-06-21,Change Request,Medium,In Progress,19,72,Within SLA,2.82,0,Human Resources
REQ004682,RPT0038,A018,2026-06-03,2026-06-04,Access Request,Critical,Completed,24,24,Within SLA,2.22,0,Finance
REQ004683,RPT0059,A011,2025-11-05,2025-11-06,Change Request,Medium,Completed,24,72,Within SLA,9.3,0,Risk
REQ004684,RPT0114,A009,2025-07-13,2025-07-14,Data Correction,High,Completed,23,48,Within SLA,2.03,0,Risk
REQ004685,RPT0027,A020,2025-05-31,2025-06-01,Report Enhancement,High,Pending,22,48,Within SLA,1.61,0,Human Resources
REQ004686,RPT0067,A021,2025-10-19,2025-10-21,Change Request,Medium,Completed,56,72,Within SLA,5.29,0,Legal
REQ004687,RPT0038,A023,2026-02-02,2026-02-06,Data Correction,Low,Completed,95,120,Within SLA,1.9,2,Finance
REQ004688,RPT0059,A011,2025-01-02,2025-01-06,New Report,Low,Completed,101,120,Within SLA,1.71,1,Sales
REQ004689,RPT0036,A025,2026-04-05,2026-04-07,Report Issue,Medium,In Progress,53,72,Within SLA,1.21,0,Finance
REQ004690,RPT0102,A013,2025-08-21,2025-08-22,Report Enhancement,Critical,Completed,4,24,Within SLA,2.37,0,Human Resources
REQ004691,RPT0005,A022,2026-04-11,2026-04-13,Report Enhancement,Medium,Completed,51,72,Within SLA,3.13,1,Compliance
REQ004692,RPT0116,A024,2024-10-16,2024-10-17,Report Issue,Medium,Completed,25,72,Within SLA,3.94,0,Operations
REQ004693,RPT0064,A011,2024-09-02,2024-09-04,New Report,Medium,In Progress,30,72,Within SLA,6.46,1,Technology
REQ004694,RPT0021,A004,2025-11-20,2025-11-20,Report Enhancement,Medium,Pending,14,72,Within SLA,4.8,1,Legal
REQ004695,RPT0055,A019,2024-10-12,2024-10-14,Report Issue,High,Completed,37,48,Within SLA,2.9,1,Operations
REQ004696,RPT0009,A004,2024-08-31,2024-09-01,Access Request,Medium,Completed,26,72,Within SLA,2.89,0,Finance
REQ004697,RPT0120,A004,2025-03-12,2025-03-14,Data Correction,Medium,Completed,47,72,Within SLA,4.75,0,Risk
REQ004698,RPT0019,A025,2025-02-04,2025-02-05,Access Request,Medium,Completed,22,72,Within SLA,8.09,0,Operations
REQ004699,RPT0047,A021,2024-09-20,2024-09-22,Change Request,High,In Progress,47,48,Within SLA,3.63,0,Risk
REQ004700,RPT0082,A017,2026-08-07,2026-08-08,Data Correction,Medium,In Progress,16,72,Within SLA,2.39,0,Sales
REQ004701,RPT0025,A015,2024-10-06,2024-10-08,New Report,High,Completed,43,48,Within SLA,1.66,2,Compliance
REQ004702,RPT0068,A011,2026-04-26,2026-04-27,New Report,High,Completed,37,48,Within SLA,1.21,0,Human Resources
REQ004703,RPT0080,A009,2025-06-26,2025-06-27,Report Enhancement,Medium,Completed,43,72,Within SLA,5.29,0,Sales
REQ004704,RPT0008,A024,2025-09-18,2025-09-19,Report Enhancement,High,Pending,25,48,Within SLA,4.98,0,Sales
REQ004705,RPT0055,A010,2025-03-31,2025-04-01,New Report,High,Completed,20,48,Within SLA,4.97,0,Finance
REQ004706,RPT0021,A006,2025-12-22,2025-12-22,Access Request,High,Completed,18,48,Within SLA,3.03,0,Legal
REQ004707,RPT0027,A024,2026-02-25,2026-02-28,Report Enhancement,Medium,Completed,62,72,Within SLA,8.89,0,Sales
REQ004708,RPT0115,A012,2025-09-14,2025-09-15,Data Correction,Critical,In Progress,20,24,Within SLA,2.37,1,Operations
REQ004709,RPT0106,A011,2026-04-08,2026-04-09,Report Issue,High,Completed,20,48,Within SLA,6.48,0,Sales
REQ004710,RPT0086,A024,2025-07-09,2025-07-11,Access Request,High,Completed,37,48,Within SLA,3.23,1,Compliance
REQ004711,RPT0076,A024,2025-07-16,2025-07-16,Report Issue,Medium,Completed,15,72,Within SLA,2.17,0,Risk
REQ004712,RPT0059,A004,2026-02-17,2026-02-19,Data Correction,Medium,Completed,62,72,Within SLA,5.03,2,Legal
REQ004713,RPT0090,A001,2025-06-29,2025-07-12,Data Correction,Low,Completed,315,120,Breached,4.42,3,Sales
REQ004714,RPT0038,A004,2024-10-24,2024-10-24,New Report,Critical,Completed,14,24,Within SLA,4.26,0,Compliance
REQ004715,RPT0100,A001,2025-12-31,2026-01-02,New Report,Medium,Completed,43,72,Within SLA,3.51,0,Client Services
REQ004716,RPT0060,A004,2025-10-11,2025-10-12,New Report,Critical,Pending,20,24,Within SLA,3.23,1,Client Services
REQ004717,RPT0038,A006,2025-10-12,2025-10-13,Access Request,Low,Cancelled,25,120,Within SLA,17.67,1,Client Services
REQ004718,RPT0071,A021,2025-12-12,2025-12-13,Change Request,Medium,Completed,13,72,Within SLA,7.61,0,Operations
REQ004719,RPT0057,A002,2024-12-17,2024-12-20,Access Request,High,Completed,66,48,Breached,5.51,2,Risk
REQ004720,RPT0030,A019,2025-03-24,2025-03-25,Report Issue,Medium,Completed,16,72,Within SLA,3.59,4,Operations
REQ004721,RPT0054,A002,2024-10-24,2024-10-26,Data Correction,Medium,Cancelled,29,72,Within SLA,6.72,0,Sales
REQ004722,RPT0088,A007,2025-04-18,2025-04-20,Access Request,High,Cancelled,40,48,Within SLA,4.77,1,Technology
REQ004723,RPT0045,A002,2024-10-21,2024-10-22,Report Enhancement,Low,In Progress,37,120,Within SLA,3.38,1,Risk
REQ004724,RPT0061,A008,2025-09-22,2025-09-22,Access Request,High,Completed,9,48,Within SLA,2.68,2,Operations
REQ004725,RPT0050,A015,2026-08-06,2026-08-07,Change Request,Low,In Progress,31,120,Within SLA,3.14,1,Technology
REQ004726,RPT0023,A009,2025-01-25,2025-01-25,Access Request,Critical,Completed,2,24,Within SLA,0.5,1,Risk
REQ004727,RPT0043,A008,2026-05-10,2026-05-11,Report Issue,Critical,Completed,15,24,Within SLA,3.85,0,Risk
REQ004728,RPT0071,A003,2024-12-19,2024-12-21,Report Enhancement,High,Pending,37,48,Within SLA,2.36,0,Compliance
REQ004729,RPT0100,A015,2025-10-11,2025-10-13,Report Enhancement,Low,Completed,52,120,Within SLA,10.12,0,Legal
REQ004730,RPT0015,A011,2025-05-01,2025-05-03,Report Issue,Medium,Completed,33,72,Within SLA,3.37,0,Operations
REQ004731,RPT0002,A012,2025-06-20,2025-06-21,New Report,Medium,Cancelled,34,72,Within SLA,1.44,4,Risk
REQ004732,RPT0035,A010,2025-11-19,2025-11-20,Report Enhancement,High,Completed,33,48,Within SLA,3.21,2,Operations
REQ004733,RPT0090,A018,2025-12-26,2025-12-28,Change Request,High,Completed,45,48,Within SLA,1.6,2,Technology
REQ004734,RPT0052,A008,2026-04-05,2026-04-09,Report Issue,Low,Pending,95,120,Within SLA,4.62,0,Human Resources
REQ004735,RPT0047,A003,2026-05-31,2026-06-02,Access Request,Low,Completed,47,120,Within SLA,4.07,0,Client Services
REQ004736,RPT0113,A017,2026-01-07,2026-01-12,Report Enhancement,High,Completed,124,48,Breached,6.49,0,Sales
REQ004737,RPT0098,A009,2026-01-31,2026-02-01,Report Enhancement,Medium,Completed,23,72,Within SLA,1.91,0,Human Resources
REQ004738,RPT0021,A004,2026-01-02,2026-01-04,Report Enhancement,Medium,In Progress,51,72,Within SLA,3.4,0,Compliance
REQ004739,RPT0020,A023,2024-10-11,2024-10-12,Data Correction,Medium,Completed,29,72,Within SLA,1.28,0,Technology
REQ004740,RPT0116,A025,2025-04-18,2025-04-20,Data Correction,Low,Pending,40,120,Within SLA,5.43,1,Client Services
REQ004741,RPT0022,A019,2026-02-14,2026-02-16,New Report,High,Completed,32,48,Within SLA,4.77,1,Client Services
REQ004742,RPT0113,A022,2025-07-26,2025-07-27,New Report,Medium,Completed,14,72,Within SLA,4.7,1,Sales
REQ004743,RPT0111,A021,2026-03-10,2026-03-12,Change Request,Medium,In Progress,31,72,Within SLA,3.32,1,Operations
REQ004744,RPT0002,A024,2026-06-09,2026-06-11,Change Request,High,Completed,39,48,Within SLA,4.44,1,Finance
REQ004745,RPT0002,A011,2025-02-22,2025-02-24,Report Enhancement,High,Completed,42,48,Within SLA,10.21,1,Legal
REQ004746,RPT0004,A011,2024-10-04,2024-10-05,New Report,Medium,Completed,24,72,Within SLA,2.72,1,Finance
REQ004747,RPT0091,A008,2025-02-26,2025-02-27,Report Enhancement,High,Completed,11,48,Within SLA,3.66,4,Human Resources
REQ004748,RPT0005,A021,2024-10-26,2024-10-28,Report Issue,Medium,Pending,39,72,Within SLA,1.55,1,Risk
REQ004749,RPT0039,A014,2026-08-09,2026-08-09,New Report,High,Cancelled,14,48,Within SLA,1.81,0,Finance
REQ004750,RPT0107,A014,2025-07-24,2025-07-24,Change Request,Critical,Completed,11,24,Within SLA,3.56,3,Sales
REQ004751,RPT0068,A007,2024-11-19,2024-11-21,Change Request,Medium,Completed,55,72,Within SLA,7.19,0,Technology
REQ004752,RPT0101,A009,2025-08-08,2025-08-10,Change Request,Low,Pending,58,120,Within SLA,2.77,2,Human Resources
REQ004753,RPT0032,A008,2025-12-09,2025-12-10,Report Enhancement,Low,Completed,24,120,Within SLA,2.81,0,Operations
REQ004754,RPT0064,A023,2025-12-06,2025-12-08,Report Issue,High,In Progress,31,48,Within SLA,2.5,1,Operations
REQ004755,RPT0028,A001,2024-10-02,2024-10-05,Access Request,Medium,Completed,67,72,Within SLA,2.28,1,Sales
REQ004756,RPT0087,A025,2025-04-18,2025-04-19,Report Enhancement,Medium,Pending,31,72,Within SLA,4.08,0,Technology
REQ004757,RPT0093,A023,2026-01-20,2026-01-24,Data Correction,Medium,Completed,102,72,Breached,1.16,0,Human Resources
REQ004758,RPT0019,A009,2026-03-20,2026-03-20,Change Request,High,Completed,16,48,Within SLA,8.14,0,Legal
REQ004759,RPT0086,A019,2026-01-14,2026-01-15,Access Request,Medium,Completed,23,72,Within SLA,2.08,2,Human Resources
REQ004760,RPT0042,A017,2026-03-19,2026-03-25,Data Correction,Medium,Completed,148,72,Breached,5.5,0,Compliance
REQ004761,RPT0082,A009,2025-01-04,2025-01-05,Report Enhancement,Low,Pending,28,120,Within SLA,1.36,0,Risk
REQ004762,RPT0016,A019,2024-11-21,2024-11-23,Report Issue,Medium,Completed,34,72,Within SLA,5.3,3,Risk
REQ004763,RPT0086,A020,2024-08-30,2024-09-01,New Report,Medium,Completed,36,72,Within SLA,5.31,0,Technology
REQ004764,RPT0011,A006,2026-02-21,2026-02-22,Change Request,Critical,Completed,21,24,Within SLA,4.34,0,Client Services
REQ004765,RPT0091,A025,2024-12-05,2024-12-09,Data Correction,Low,Completed,92,120,Within SLA,1.66,1,Human Resources
REQ004766,RPT0005,A006,2026-02-16,2026-02-18,Data Correction,Medium,Completed,47,72,Within SLA,3.95,1,Risk
REQ004767,RPT0073,A010,2024-08-29,2024-09-06,Report Enhancement,Low,Pending,174,120,Breached,1.45,0,Human Resources
REQ004768,RPT0100,A012,2024-12-26,2024-12-30,New Report,Low,Completed,97,120,Within SLA,2.78,0,Compliance
REQ004769,RPT0010,A001,2025-09-10,2025-09-15,Data Correction,Low,Pending,106,120,Within SLA,6.82,0,Compliance
REQ004770,RPT0085,A024,2025-05-17,2025-05-17,Change Request,High,In Progress,15,48,Within SLA,5.8,0,Technology
REQ004771,RPT0096,A009,2025-10-01,2025-10-02,Access Request,High,Completed,35,48,Within SLA,3.36,0,Client Services
REQ004772,RPT0085,A002,2025-09-26,2025-09-27,Access Request,Medium,Completed,15,72,Within SLA,1.68,0,Sales
REQ004773,RPT0023,A013,2026-04-21,2026-04-22,New Report,Medium,Completed,27,72,Within SLA,5.22,2,Finance
REQ004774,RPT0045,A021,2026-05-21,2026-05-24,New Report,Medium,Completed,57,72,Within SLA,3.37,1,Compliance
REQ004775,RPT0029,A020,2026-03-03,2026-03-07,Change Request,High,In Progress,78,48,Breached,0.65,0,Risk
REQ004776,RPT0024,A015,2025-03-10,2025-03-12,Change Request,Medium,Completed,60,72,Within SLA,5.74,0,Client Services
REQ004777,RPT0103,A017,2024-12-28,2024-12-29,Data Correction,Medium,In Progress,15,72,Within SLA,3.26,0,Legal
REQ004778,RPT0005,A008,2025-06-05,2025-06-08,Data Correction,Low,Completed,60,120,Within SLA,7.7,0,Technology
REQ004779,RPT0070,A017,2024-11-27,2024-11-29,Change Request,Medium,Completed,37,72,Within SLA,1.54,0,Sales
REQ004780,RPT0081,A023,2026-03-26,2026-03-27,Change Request,High,Completed,26,48,Within SLA,0.5,2,Legal
REQ004781,RPT0008,A013,2026-04-19,2026-04-21,Change Request,Medium,Completed,50,72,Within SLA,4.04,1,Compliance
REQ004782,RPT0120,A011,2026-06-30,2026-07-04,Report Issue,Medium,Completed,108,72,Breached,4.07,0,Sales
REQ004783,RPT0038,A014,2025-03-17,2025-03-22,Access Request,Low,Completed,109,120,Within SLA,1.02,0,Client Services
REQ004784,RPT0067,A014,2026-03-13,2026-03-13,Report Issue,Medium,In Progress,16,72,Within SLA,1.67,1,Compliance
REQ004785,RPT0080,A023,2026-07-10,2026-07-13,Report Issue,Medium,Pending,67,72,Within SLA,22.84,1,Sales
REQ004786,RPT0092,A018,2024-11-20,2024-11-21,Report Issue,Medium,In Progress,20,72,Within SLA,2.68,0,Human Resources
REQ004787,RPT0012,A020,2026-04-12,2026-04-14,Report Issue,Medium,Completed,52,72,Within SLA,5.54,1,Sales
REQ004788,RPT0118,A019,2026-07-20,2026-08-02,Access Request,Low,Completed,312,120,Breached,2.11,0,Technology
REQ004789,RPT0060,A019,2024-09-12,2024-09-15,Data Correction,Medium,Cancelled,72,72,Within SLA,0.77,0,Operations
REQ004790,RPT0003,A002,2025-05-08,2025-05-09,Report Issue,Medium,Completed,21,72,Within SLA,2.95,1,Legal
REQ004791,RPT0105,A014,2026-05-09,2026-05-11,Report Issue,Medium,Completed,39,72,Within SLA,2.76,0,Technology
REQ004792,RPT0044,A004,2025-07-20,2025-07-21,Report Enhancement,Low,Completed,34,120,Within SLA,2.51,0,Sales
REQ004793,RPT0081,A023,2025-03-20,2025-03-22,Report Enhancement,High,In Progress,44,48,Within SLA,3.06,0,Finance
REQ004794,RPT0089,A016,2025-10-01,2025-10-03,Report Issue,Medium,Completed,28,72,Within SLA,3.99,0,Risk
REQ004795,RPT0093,A023,2024-10-09,2024-10-14,Data Correction,Low,Completed,110,120,Within SLA,2.99,0,Technology
REQ004796,RPT0110,A002,2025-03-13,2025-03-15,Access Request,Medium,In Progress,51,72,Within SLA,1.37,0,Human Resources
REQ004797,RPT0084,A007,2026-02-25,2026-02-26,New Report,Medium,Completed,21,72,Within SLA,4.67,0,Sales
REQ004798,RPT0087,A015,2025-11-11,2025-11-12,Change Request,High,Completed,22,48,Within SLA,0.85,0,Client Services
REQ004799,RPT0103,A025,2025-12-21,2025-12-23,Access Request,Medium,Completed,58,72,Within SLA,0.79,0,Human Resources
REQ004800,RPT0091,A021,2024-10-19,2024-10-20,Report Enhancement,High,Completed,21,48,Within SLA,5.57,0,Client Services
REQ004801,RPT0112,A017,2025-09-10,2025-09-24,Report Enhancement,Low,Completed,340,120,Breached,4.73,1,Finance
REQ004802,RPT0034,A013,2025-08-09,2025-08-13,Access Request,Low,In Progress,97,120,Within SLA,3.19,0,Technology
REQ004803,RPT0020,A024,2025-09-21,2025-09-22,Report Issue,Critical,Completed,17,24,Within SLA,1.25,0,Operations
REQ004804,RPT0055,A017,2025-05-27,2025-05-30,Access Request,Low,Pending,61,120,Within SLA,2.02,0,Compliance
REQ004805,RPT0109,A019,2024-10-03,2024-10-08,Report Issue,Low,Completed,120,120,Within SLA,2.76,3,Human Resources
REQ004806,RPT0049,A016,2025-09-13,2025-09-16,Report Issue,Low,Completed,92,120,Within SLA,1.09,1,Compliance
REQ004807,RPT0085,A016,2026-06-19,2026-06-21,Data Correction,High,Completed,43,48,Within SLA,1.98,1,Risk
REQ004808,RPT0035,A024,2025-11-04,2025-11-05,Report Enhancement,Medium,In Progress,31,72,Within SLA,5.24,2,Technology
REQ004809,RPT0079,A023,2024-12-28,2024-12-29,Report Issue,Medium,Pending,23,72,Within SLA,9.02,0,Compliance
REQ004810,RPT0111,A015,2025-06-02,2025-06-03,Report Issue,Medium,Pending,18,72,Within SLA,2.48,0,Human Resources
REQ004811,RPT0041,A003,2024-12-21,2024-12-23,Access Request,Medium,Completed,49,72,Within SLA,5.64,0,Human Resources
REQ004812,RPT0019,A023,2025-03-07,2025-03-08,Access Request,High,Completed,27,48,Within SLA,0.87,0,Operations
REQ004813,RPT0095,A023,2026-04-13,2026-04-18,New Report,Medium,Completed,112,72,Breached,5.27,0,Finance
REQ004814,RPT0098,A025,2024-11-08,2024-11-09,Data Correction,High,Completed,13,48,Within SLA,1.89,1,Compliance
REQ004815,RPT0120,A006,2026-07-16,2026-07-18,Report Issue,High,In Progress,48,48,Within SLA,4.12,0,Client Services
REQ004816,RPT0051,A015,2025-11-09,2025-11-11,Report Issue,High,In Progress,46,48,Within SLA,2.79,1,Client Services
REQ004817,RPT0099,A002,2026-01-26,2026-01-27,Access Request,Medium,Completed,31,72,Within SLA,8.37,1,Client Services
REQ004818,RPT0120,A004,2026-03-05,2026-03-06,New Report,Critical,In Progress,21,24,Within SLA,1.8,1,Human Resources
REQ004819,RPT0032,A007,2024-11-18,2024-11-24,Data Correction,High,Completed,152,48,Breached,5.15,0,Operations
REQ004820,RPT0054,A001,2025-02-14,2025-02-15,Change Request,Critical,Completed,20,24,Within SLA,2.73,2,Risk
REQ004821,RPT0062,A003,2026-03-19,2026-03-23,New Report,Low,In Progress,92,120,Within SLA,2.97,0,Risk
REQ004822,RPT0048,A003,2025-09-20,2025-09-21,Report Issue,Medium,Completed,29,72,Within SLA,2.92,1,Human Resources
REQ004823,RPT0020,A008,2024-08-23,2024-08-24,Access Request,High,Completed,31,48,Within SLA,1.84,1,Human Resources
REQ004824,RPT0112,A014,2024-09-24,2024-09-25,Data Correction,High,In Progress,28,48,Within SLA,3.29,1,Compliance
REQ004825,RPT0023,A020,2026-06-18,2026-06-19,New Report,High,Completed,17,48,Within SLA,3.18,2,Compliance
REQ004826,RPT0014,A012,2026-06-22,2026-06-25,Change Request,Medium,Completed,66,72,Within SLA,3.93,1,Compliance
REQ004827,RPT0053,A017,2024-08-30,2024-08-31,Data Correction,High,Completed,34,48,Within SLA,3.52,3,Sales
REQ004828,RPT0088,A005,2025-02-26,2025-03-01,Report Issue,Medium,Completed,55,72,Within SLA,5.8,0,Legal
REQ004829,RPT0093,A022,2024-09-25,2024-09-27,Change Request,Low,Completed,39,120,Within SLA,6.34,3,Finance
REQ004830,RPT0105,A012,2025-08-22,2025-08-24,Report Enhancement,Medium,Pending,42,72,Within SLA,1.59,1,Finance
REQ004831,RPT0001,A018,2025-05-30,2025-06-08,Report Issue,Medium,Completed,212,72,Breached,6.1,0,Legal
REQ004832,RPT0064,A014,2025-06-14,2025-06-16,Report Issue,High,Completed,39,48,Within SLA,1.45,0,Operations
REQ004833,RPT0025,A013,2026-08-05,2026-08-10,Report Enhancement,Low,Completed,117,120,Within SLA,5.01,0,Sales
REQ004834,RPT0057,A009,2024-12-15,2024-12-16,Access Request,High,Completed,22,48,Within SLA,5.12,2,Technology
REQ004835,RPT0089,A014,2025-01-07,2025-01-08,Change Request,Low,Completed,42,120,Within SLA,0.87,2,Risk
REQ004836,RPT0027,A018,2026-08-14,2026-08-19,Report Enhancement,Low,Pending,136,120,Breached,3.54,0,Client Services
REQ004837,RPT0038,A001,2026-06-18,2026-06-19,Change Request,Medium,Completed,32,72,Within SLA,2.39,0,Human Resources
REQ004838,RPT0111,A021,2024-09-17,2024-09-22,Report Issue,Low,Completed,120,120,Within SLA,1.95,1,Technology
REQ004839,RPT0053,A013,2025-10-24,2025-10-27,Change Request,Medium,Completed,72,72,Within SLA,8.55,0,Finance
REQ004840,RPT0012,A015,2026-05-06,2026-05-08,Report Enhancement,Medium,In Progress,32,72,Within SLA,2.1,1,Sales
REQ004841,RPT0083,A017,2026-07-31,2026-08-01,Access Request,Critical,Completed,15,24,Within SLA,1.89,1,Legal
REQ004842,RPT0045,A021,2026-02-26,2026-02-28,Data Correction,Medium,Pending,44,72,Within SLA,3.5,1,Human Resources
REQ004843,RPT0034,A009,2026-03-19,2026-03-23,Access Request,Low,Completed,104,120,Within SLA,5.37,0,Technology
REQ004844,RPT0033,A016,2026-01-12,2026-01-14,New Report,High,Completed,44,48,Within SLA,3.01,0,Client Services
REQ004845,RPT0066,A015,2025-07-12,2025-07-14,Access Request,Medium,Completed,44,72,Within SLA,7.51,0,Client Services
REQ004846,RPT0119,A018,2025-02-11,2025-02-13,Data Correction,Medium,Pending,62,72,Within SLA,4.81,1,Legal
REQ004847,RPT0029,A005,2025-04-27,2025-04-30,Access Request,Medium,Completed,67,72,Within SLA,0.72,2,Risk
REQ004848,RPT0037,A012,2025-03-01,2025-03-03,Report Enhancement,Low,In Progress,31,120,Within SLA,2.29,0,Operations
REQ004849,RPT0073,A003,2025-07-10,2025-07-13,Access Request,Low,Completed,70,120,Within SLA,2.24,0,Compliance
REQ004850,RPT0061,A004,2026-08-02,2026-08-08,Data Correction,Medium,Completed,152,72,Breached,4.64,1,Risk
REQ004851,RPT0098,A014,2026-03-03,2026-03-06,Change Request,Medium,Completed,68,72,Within SLA,0.53,1,Human Resources
REQ004852,RPT0061,A011,2025-04-26,2025-04-28,Change Request,Low,Pending,48,120,Within SLA,19.77,0,Legal
REQ004853,RPT0016,A020,2025-03-19,2025-03-20,New Report,Medium,Cancelled,22,72,Within SLA,4.81,1,Technology
REQ004854,RPT0065,A021,2026-05-24,2026-05-27,New Report,Medium,Completed,60,72,Within SLA,3.68,1,Legal
REQ004855,RPT0032,A002,2024-10-20,2024-10-21,Change Request,High,In Progress,20,48,Within SLA,7.59,3,Client Services
REQ004856,RPT0109,A013,2025-11-07,2025-11-11,Access Request,Low,Completed,89,120,Within SLA,17.13,2,Technology
REQ004857,RPT0043,A001,2025-06-06,2025-06-08,New Report,Medium,In Progress,43,72,Within SLA,6.11,0,Finance
REQ004858,RPT0018,A020,2024-11-21,2024-11-23,Report Issue,Medium,Completed,35,72,Within SLA,6.45,0,Technology
REQ004859,RPT0057,A020,2025-09-14,2025-09-15,Change Request,High,Pending,9,48,Within SLA,3.64,0,Compliance
REQ004860,RPT0021,A012,2026-01-25,2026-01-29,Report Issue,Low,Pending,75,120,Within SLA,3.01,0,Sales
REQ004861,RPT0055,A016,2026-07-22,2026-07-25,Access Request,Low,Completed,62,120,Within SLA,2.38,1,Operations
REQ004862,RPT0093,A015,2024-09-30,2024-10-02,New Report,Medium,Completed,49,72,Within SLA,1.86,1,Risk
REQ004863,RPT0109,A018,2025-01-07,2025-01-07,Data Correction,High,Completed,13,48,Within SLA,2.05,1,Client Services
REQ004864,RPT0092,A011,2025-02-10,2025-02-14,Report Issue,Low,Completed,88,120,Within SLA,1.29,0,Compliance
REQ004865,RPT0081,A016,2026-05-07,2026-05-08,Report Issue,Medium,Completed,24,72,Within SLA,3.15,0,Risk
REQ004866,RPT0095,A023,2025-09-25,2025-09-28,Access Request,Medium,Pending,72,72,Within SLA,1.02,1,Finance
REQ004867,RPT0024,A003,2024-09-25,2024-09-26,Data Correction,Low,Completed,29,120,Within SLA,3.79,0,Risk
REQ004868,RPT0106,A006,2025-06-28,2025-06-30,Report Enhancement,Low,Completed,55,120,Within SLA,3.24,1,Client Services
REQ004869,RPT0020,A004,2024-10-13,2024-10-15,Report Enhancement,High,Completed,44,48,Within SLA,3.68,1,Sales
REQ004870,RPT0001,A014,2026-07-03,2026-07-04,Report Issue,Medium,Completed,26,72,Within SLA,2.3,0,Compliance
REQ004871,RPT0072,A009,2025-08-17,2025-08-20,Report Enhancement,Low,Cancelled,71,120,Within SLA,28.61,0,Legal
REQ004872,RPT0021,A007,2026-06-24,2026-06-25,Change Request,Critical,Completed,18,24,Within SLA,8.6,0,Legal
REQ004873,RPT0048,A012,2025-03-28,2025-03-28,Access Request,Medium,In Progress,14,72,Within SLA,1.39,0,Human Resources
REQ004874,RPT0041,A024,2026-04-13,2026-04-14,Access Request,High,In Progress,28,48,Within SLA,3.91,2,Client Services
REQ004875,RPT0089,A024,2026-06-08,2026-06-08,Access Request,High,Completed,8,48,Within SLA,2.17,0,Legal
REQ004876,RPT0104,A011,2025-04-19,2025-04-22,Report Issue,Medium,Completed,64,72,Within SLA,1.63,2,Legal
REQ004877,RPT0061,A021,2025-05-02,2025-05-05,Access Request,Low,Completed,88,120,Within SLA,1.3,0,Risk
REQ004878,RPT0008,A015,2024-10-27,2024-11-05,New Report,Medium,Completed,216,72,Breached,4.49,0,Sales
REQ004879,RPT0099,A022,2025-10-24,2025-10-25,Report Enhancement,Low,Completed,25,120,Within SLA,2.06,0,Operations
REQ004880,RPT0083,A010,2025-08-10,2025-08-12,New Report,Medium,Completed,36,72,Within SLA,6.54,0,Finance
REQ004881,RPT0040,A011,2024-08-27,2024-08-30,Report Issue,Medium,In Progress,68,72,Within SLA,6.66,2,Legal
REQ004882,RPT0052,A019,2025-06-03,2025-06-20,Data Correction,Low,Completed,396,120,Breached,8.69,0,Finance
REQ004883,RPT0084,A012,2025-01-23,2025-01-25,Report Issue,Medium,Completed,31,72,Within SLA,1.83,0,Legal
REQ004884,RPT0038,A016,2025-04-04,2025-04-05,New Report,High,Completed,33,48,Within SLA,4.63,0,Risk
REQ004885,RPT0005,A017,2025-11-01,2025-11-03,Change Request,Medium,Completed,44,72,Within SLA,5.17,0,Compliance
REQ004886,RPT0024,A009,2026-04-22,2026-04-24,Change Request,Medium,In Progress,61,72,Within SLA,2.38,1,Sales
REQ004887,RPT0090,A008,2025-04-14,2025-04-16,Report Issue,Medium,In Progress,52,72,Within SLA,1.93,0,Finance
REQ004888,RPT0071,A001,2026-03-18,2026-03-19,New Report,High,Completed,21,48,Within SLA,10.24,3,Sales
REQ004889,RPT0095,A014,2025-12-17,2025-12-18,Report Issue,Critical,Pending,19,24,Within SLA,3.89,0,Client Services
REQ004890,RPT0095,A015,2025-02-25,2025-03-07,Report Issue,Low,Completed,248,120,Breached,5.18,0,Finance
REQ004891,RPT0065,A004,2025-08-16,2025-08-18,Report Enhancement,Medium,Pending,50,72,Within SLA,1.87,3,Technology
REQ004892,RPT0110,A021,2025-06-03,2025-06-03,Access Request,Critical,Pending,5,24,Within SLA,1.41,0,Legal
REQ004893,RPT0013,A013,2025-11-23,2025-11-24,Data Correction,Medium,Completed,23,72,Within SLA,2.23,0,Sales
REQ004894,RPT0020,A012,2025-09-08,2025-09-09,Data Correction,Medium,Completed,21,72,Within SLA,3.04,0,Compliance
REQ004895,RPT0099,A006,2026-04-13,2026-04-17,Access Request,Low,Completed,99,120,Within SLA,1.58,0,Human Resources
REQ004896,RPT0072,A002,2026-04-15,2026-04-16,Access Request,High,Completed,27,48,Within SLA,3.3,0,Legal
REQ004897,RPT0044,A025,2025-01-19,2025-01-20,Report Enhancement,High,Completed,22,48,Within SLA,1.02,0,Client Services
REQ004898,RPT0106,A003,2026-03-12,2026-03-13,New Report,High,Completed,25,48,Within SLA,1.52,3,Sales
REQ004899,RPT0014,A012,2026-07-21,2026-07-25,Data Correction,Medium,Pending,99,72,Breached,5.31,0,Risk
REQ004900,RPT0019,A020,2025-10-19,2025-10-21,Access Request,Medium,Cancelled,55,72,Within SLA,5.07,1,Technology
REQ004901,RPT0108,A019,2026-04-03,2026-04-05,Report Issue,Medium,In Progress,35,72,Within SLA,2.52,1,Operations
REQ004902,RPT0107,A014,2026-05-01,2026-05-08,Change Request,High,Pending,172,48,Breached,1.63,0,Risk
REQ004903,RPT0051,A011,2025-02-27,2025-03-02,New Report,Medium,Pending,63,72,Within SLA,1.62,0,Risk
REQ004904,RPT0087,A004,2024-12-15,2024-12-20,Data Correction,High,Pending,102,48,Breached,2.56,0,Sales
REQ004905,RPT0016,A007,2024-08-25,2024-08-28,Access Request,Medium,In Progress,58,72,Within SLA,5.21,0,Human Resources
REQ004906,RPT0019,A014,2026-08-15,2026-08-16,Change Request,Medium,Completed,33,72,Within SLA,6.36,1,Risk
REQ004907,RPT0010,A001,2025-07-05,2025-07-07,New Report,Low,Completed,39,120,Within SLA,2.35,0,Human Resources
REQ004908,RPT0062,A011,2024-09-08,2024-09-10,Data Correction,High,Pending,48,48,Within SLA,1.48,0,Finance
REQ004909,RPT0068,A006,2025-02-17,2025-02-24,Data Correction,Medium,Completed,156,72,Breached,4.0,1,Finance
REQ004910,RPT0089,A022,2025-10-15,2025-10-18,Access Request,Low,Completed,74,120,Within SLA,1.87,0,Risk
REQ004911,RPT0061,A006,2025-05-17,2025-05-23,Report Issue,Medium,Completed,142,72,Breached,2.31,0,Client Services
REQ004912,RPT0055,A015,2025-12-27,2025-12-29,Change Request,Low,Pending,40,120,Within SLA,8.4,2,Sales
REQ004913,RPT0075,A021,2026-06-04,2026-06-05,Access Request,High,Completed,40,48,Within SLA,5.92,2,Sales
REQ004914,RPT0088,A005,2026-02-10,2026-02-13,Access Request,Medium,Completed,57,72,Within SLA,3.71,0,Sales
REQ004915,RPT0082,A016,2026-07-03,2026-07-04,Data Correction,Medium,Completed,16,72,Within SLA,1.36,0,Risk
REQ004916,RPT0113,A001,2024-08-28,2024-08-30,Report Issue,High,Completed,40,48,Within SLA,3.85,2,Human Resources
REQ004917,RPT0024,A002,2025-05-08,2025-05-09,Change Request,Medium,Completed,40,72,Within SLA,6.99,0,Compliance
REQ004918,RPT0062,A015,2024-08-22,2024-08-24,New Report,Medium,Pending,57,72,Within SLA,2.55,2,Finance
REQ004919,RPT0025,A007,2026-04-02,2026-04-04,Data Correction,Low,Completed,50,120,Within SLA,8.55,0,Operations
REQ004920,RPT0003,A004,2026-01-13,2026-01-16,Report Issue,Medium,Cancelled,72,72,Within SLA,8.21,0,Technology
REQ004921,RPT0008,A004,2025-06-09,2025-06-10,Access Request,Medium,Pending,22,72,Within SLA,10.64,0,Compliance
REQ004922,RPT0025,A003,2026-06-11,2026-06-14,Report Enhancement,Medium,In Progress,70,72,Within SLA,4.11,2,Operations
REQ004923,RPT0117,A004,2026-03-17,2026-03-20,Data Correction,Medium,Pending,69,72,Within SLA,5.01,0,Human Resources
REQ004924,RPT0087,A013,2026-03-08,2026-03-11,Access Request,Low,Pending,64,120,Within SLA,8.93,0,Technology
REQ004925,RPT0038,A013,2025-04-16,2025-04-17,New Report,Medium,Pending,27,72,Within SLA,4.54,0,Finance
REQ004926,RPT0064,A018,2024-11-09,2024-11-10,Change Request,Medium,Cancelled,23,72,Within SLA,2.34,0,Risk
REQ004927,RPT0090,A005,2025-01-27,2025-01-27,Change Request,High,Cancelled,14,48,Within SLA,2.43,1,Technology
REQ004928,RPT0017,A003,2025-10-06,2025-10-08,Report Issue,Low,In Progress,55,120,Within SLA,3.92,3,Finance
REQ004929,RPT0075,A016,2025-02-21,2025-02-24,Report Enhancement,Medium,Completed,67,72,Within SLA,1.35,1,Finance
REQ004930,RPT0062,A021,2025-07-13,2025-07-28,Access Request,Low,Completed,364,120,Breached,3.0,4,Human Resources
REQ004931,RPT0069,A007,2025-09-07,2025-09-08,Change Request,High,Completed,33,48,Within SLA,7.15,0,Technology
REQ004932,RPT0006,A015,2024-10-06,2024-10-11,Report Enhancement,Low,Completed,110,120,Within SLA,0.72,0,Compliance
REQ004933,RPT0036,A025,2024-12-09,2024-12-10,Access Request,Critical,Completed,23,24,Within SLA,9.72,0,Compliance
REQ004934,RPT0117,A002,2026-02-24,2026-02-28,Report Enhancement,Low,Completed,101,120,Within SLA,7.28,0,Human Resources
REQ004935,RPT0084,A010,2025-03-26,2025-03-31,Report Issue,Medium,Completed,124,72,Breached,2.41,1,Client Services
REQ004936,RPT0069,A017,2024-11-01,2024-11-03,Data Correction,Medium,Completed,53,72,Within SLA,4.86,0,Risk
REQ004937,RPT0020,A020,2024-09-24,2024-10-05,New Report,Low,Completed,276,120,Breached,3.33,3,Compliance
REQ004938,RPT0033,A002,2026-08-06,2026-08-11,Change Request,Low,Completed,110,120,Within SLA,7.85,1,Operations
REQ004939,RPT0115,A010,2025-02-16,2025-02-17,Data Correction,Medium,Pending,27,72,Within SLA,6.61,3,Client Services
REQ004940,RPT0047,A020,2026-07-18,2026-07-20,Data Correction,Medium,Completed,44,72,Within SLA,1.25,1,Sales
REQ004941,RPT0023,A024,2026-06-08,2026-06-11,Access Request,Medium,Completed,64,72,Within SLA,5.01,2,Sales
REQ004942,RPT0108,A012,2025-09-28,2025-10-02,Access Request,Low,Completed,100,120,Within SLA,2.88,0,Human Resources
REQ004943,RPT0032,A018,2025-07-07,2025-07-09,Report Issue,Medium,Completed,29,72,Within SLA,3.52,0,Client Services
REQ004944,RPT0079,A019,2026-02-16,2026-02-19,Data Correction,Low,Pending,87,120,Within SLA,1.99,3,Finance
REQ004945,RPT0099,A012,2026-07-17,2026-07-21,Report Issue,Low,Completed,84,120,Within SLA,11.29,1,Legal
REQ004946,RPT0054,A019,2025-06-06,2025-06-07,New Report,Medium,Completed,19,72,Within SLA,6.88,0,Technology
REQ004947,RPT0080,A022,2025-08-12,2025-08-14,Data Correction,Low,Completed,63,120,Within SLA,1.98,0,Compliance
REQ004948,RPT0104,A013,2026-03-24,2026-03-27,Change Request,Medium,Completed,71,72,Within SLA,1.3,4,Finance
REQ004949,RPT0050,A013,2024-10-25,2024-10-27,Report Issue,Medium,Completed,36,72,Within SLA,2.53,0,Compliance
REQ004950,RPT0025,A004,2025-11-15,2025-11-16,Change Request,Low,Completed,30,120,Within SLA,4.5,3,Finance
REQ004951,RPT0041,A015,2024-11-03,2024-11-04,New Report,Medium,In Progress,19,72,Within SLA,3.93,1,Sales
REQ004952,RPT0071,A003,2025-09-17,2025-09-19,New Report,Medium,Completed,54,72,Within SLA,7.98,0,Finance
REQ004953,RPT0104,A008,2024-12-02,2024-12-03,New Report,High,In Progress,29,48,Within SLA,5.77,0,Human Resources
REQ004954,RPT0103,A014,2025-12-28,2025-12-30,Change Request,High,Cancelled,31,48,Within SLA,6.54,0,Compliance
REQ004955,RPT0024,A017,2026-05-19,2026-05-24,Data Correction,Low,Completed,107,120,Within SLA,4.17,0,Technology
REQ004956,RPT0022,A010,2025-06-23,2025-06-23,Access Request,Critical,Completed,15,24,Within SLA,1.26,0,Risk
REQ004957,RPT0075,A002,2024-10-18,2024-10-19,Change Request,Medium,Completed,40,72,Within SLA,2.9,1,Human Resources
REQ004958,RPT0080,A020,2025-11-23,2025-11-29,Access Request,Low,Completed,129,120,Breached,6.97,2,Client Services
REQ004959,RPT0068,A015,2025-11-05,2025-11-05,Report Issue,High,In Progress,18,48,Within SLA,3.2,0,Legal
REQ004960,RPT0052,A024,2024-10-08,2024-10-10,Report Enhancement,High,Pending,41,48,Within SLA,4.72,1,Legal
REQ004961,RPT0009,A009,2025-07-24,2025-07-27,Change Request,Low,Cancelled,64,120,Within SLA,2.66,0,Risk
REQ004962,RPT0047,A010,2026-01-17,2026-01-19,Report Issue,Medium,Completed,56,72,Within SLA,1.61,0,Technology
REQ004963,RPT0061,A023,2024-11-30,2024-12-02,Access Request,Low,Pending,50,120,Within SLA,3.05,3,Sales
REQ004964,RPT0040,A011,2025-02-20,2025-02-23,New Report,Medium,Pending,55,72,Within SLA,4.12,1,Finance
REQ004965,RPT0016,A021,2025-04-04,2025-04-05,Report Enhancement,Medium,In Progress,12,72,Within SLA,2.1,0,Operations
REQ004966,RPT0113,A002,2025-03-11,2025-03-15,Access Request,Medium,Pending,82,72,Breached,2.82,0,Operations
REQ004967,RPT0067,A021,2026-06-12,2026-06-14,New Report,Medium,Completed,46,72,Within SLA,1.72,0,Operations
REQ004968,RPT0108,A014,2025-04-22,2025-04-25,Access Request,Low,Pending,64,120,Within SLA,7.27,0,Sales
REQ004969,RPT0095,A011,2026-08-10,2026-08-14,New Report,Low,Completed,109,120,Within SLA,2.7,1,Sales
REQ004970,RPT0110,A010,2026-05-05,2026-05-06,Change Request,High,In Progress,36,48,Within SLA,9.18,3,Operations
REQ004971,RPT0085,A023,2025-06-22,2025-06-23,New Report,Medium,Completed,29,72,Within SLA,9.68,0,Operations
REQ004972,RPT0056,A005,2026-02-16,2026-02-17,New Report,Medium,Cancelled,32,72,Within SLA,3.14,1,Sales
REQ004973,RPT0113,A010,2026-05-29,2026-05-30,Report Enhancement,Low,Completed,31,120,Within SLA,1.64,2,Risk
REQ004974,RPT0067,A020,2026-03-15,2026-03-18,Report Issue,Low,Completed,89,120,Within SLA,0.77,0,Human Resources
REQ004975,RPT0055,A013,2025-05-01,2025-05-02,New Report,Medium,Completed,21,72,Within SLA,1.18,2,Human Resources
REQ004976,RPT0098,A008,2025-04-25,2025-04-27,Change Request,Low,In Progress,60,120,Within SLA,1.27,0,Operations
REQ004977,RPT0083,A010,2025-08-07,2025-08-10,Access Request,High,Completed,56,48,Breached,8.71,1,Operations
REQ004978,RPT0083,A022,2025-03-20,2025-03-23,New Report,Medium,Completed,71,72,Within SLA,3.6,3,Sales
REQ004979,RPT0002,A016,2025-02-18,2025-02-19,Report Issue,Medium,Pending,27,72,Within SLA,4.36,1,Legal
REQ004980,RPT0088,A024,2024-10-18,2024-10-19,Report Enhancement,High,Completed,38,48,Within SLA,0.7,1,Human Resources
REQ004981,RPT0002,A009,2025-01-25,2025-01-27,Access Request,High,Completed,43,48,Within SLA,1.44,0,Operations
REQ004982,RPT0108,A016,2024-12-04,2024-12-05,Report Issue,Medium,Completed,29,72,Within SLA,6.18,0,Compliance
REQ004983,RPT0061,A008,2026-04-18,2026-04-21,Change Request,Medium,Completed,53,72,Within SLA,4.06,2,Technology
REQ004984,RPT0108,A012,2026-04-11,2026-04-12,Report Enhancement,Medium,Completed,39,72,Within SLA,3.0,0,Compliance
REQ004985,RPT0033,A001,2025-11-18,2025-11-19,New Report,Medium,Pending,42,72,Within SLA,4.93,0,Compliance
REQ004986,RPT0072,A019,2024-11-13,2024-11-15,Access Request,Low,Pending,38,120,Within SLA,10.43,1,Client Services
REQ004987,RPT0093,A022,2024-12-19,2024-12-21,Data Correction,Medium,In Progress,34,72,Within SLA,2.84,0,Human Resources
REQ004988,RPT0035,A015,2024-11-11,2024-11-13,New Report,Medium,Completed,48,72,Within SLA,3.49,0,Risk
REQ004989,RPT0078,A021,2024-12-26,2024-12-29,Access Request,Medium,Completed,72,72,Within SLA,3.8,2,Risk
REQ004990,RPT0005,A023,2025-08-05,2025-08-09,Data Correction,Low,Pending,108,120,Within SLA,17.72,2,Technology
REQ004991,RPT0096,A021,2025-08-18,2025-08-25,Change Request,High,Completed,188,48,Breached,0.76,4,Finance
REQ004992,RPT0059,A019,2025-04-21,2025-05-01,Access Request,Medium,Completed,240,72,Breached,5.36,2,Human Resources
REQ004993,RPT0024,A011,2025-07-02,2025-07-04,Report Enhancement,Low,Completed,44,120,Within SLA,3.06,3,Technology
REQ004994,RPT0067,A012,2024-11-22,2024-11-25,Access Request,Medium,Completed,64,72,Within SLA,4.94,2,Technology
REQ004995,RPT0036,A006,2025-10-11,2025-10-18,New Report,Medium,In Progress,168,72,Breached,2.1,0,Client Services
REQ004996,RPT0090,A016,2025-05-26,2025-05-27,Report Issue,High,Completed,20,48,Within SLA,3.21,0,Sales
REQ004997,RPT0033,A006,2026-04-11,2026-04-12,Change Request,High,Completed,27,48,Within SLA,5.46,0,Finance
REQ004998,RPT0009,A020,2025-01-29,2025-02-02,Access Request,Medium,Pending,112,72,Breached,29.34,0,Sales
REQ004999,RPT0085,A011,2025-08-07,2025-08-09,Change Request,Medium,Cancelled,54,72,Within SLA,5.85,1,Compliance
REQ005000,RPT0095,A022,2025-04-17,2025-04-19,Report Issue,High,Completed,44,48,Within SLA,1.83,1,Legal
